yearID,teamID,lgID,position,incumbent_id,incumbent_name,incumbent_PA,incumbent_BR_above_avg,incumbent_Defensive_Index,df_candidate_id,df_candidate_name,df_candidate_Innings,df_candidate_Defensive_Index,displaced_hitter_id,displaced_hitter_name,displaced_hitter_PA,displaced_hitter_BR_above_avg,baseline_PA_assumed,Net_Offensive_Swap_Runs,Defensive_Index_Gap,Breakeven_Defensive_Runs_Required,team_name,team_wins,team_losses,team_runs,team_runs_allowed
1876,SL3,NL,SS,mackde01,Denny Mack,191.0,-3.990878916752213,-0.2626574459232349,pearcdi01,Dickey Pearce,222.0,0.36801421554123764,pikeli01,Lip Pike,290.0,21.033639341056848,191.0,17.84406896551724,0.6306716614644725,0.0,St. Louis Brown Stockings,45,19,386.0,229.0
1876,CN1,NL,SS,kesslhe01,Henry Kessler,255.0,-2.955937820794839,-1.0689534009105455,bootham01,Amos Booth,191.0,-0.4826155568400979,jonesch01,Charley Jones,283.0,11.763723908686519,255.0,13.555759717314494,0.5863378440704476,0.0,Cincinnati Reds,9,56,238.0,579.0
1876,BSN,NL,OF,orourji01,Jim O'Rourke,327.0,21.054620912157205,0.3237344744793608,leonaan01,Andy Leonard,297.0,0.832136607200692,wrighge01,George Wright,343.0,13.365856186146551,327.0,-8.31224489795918,0.5084021327213313,8.31224489795918,Boston Red Caps,39,31,471.0,450.0
1876,PHN,NL,OF,hallge01,George Hall,276.0,30.933808476316173,0.0011749208904099917,eggleda01,Dave Eggler,371.0,1.2346161975629872,meyerle01,Levi Meyerle,259.0,17.556870997702497,276.0,-12.224555984555984,1.2334412766725773,12.224555984555984,Philadelphia Athletics,14,45,378.0,534.0
1877,HAR,NL,C,harbibi01,Bill Harbridge,170.0,-7.048576934056523,0.4744904827159911,allisdo01,Doug Allison,264.0,0.8818732437658858,cassijo01,John Cassidy,254.0,19.23694975735084,170.0,19.92370078740157,0.40738276104989474,0.0,Hartford Dark Blues,31,27,341.0,311.0
1877,SL3,NL,3B,battijo01,Joe Battin,232.0,-10.077116757065369,-0.23537738214019666,mcgeami01,Mike McGeary,175.0,1.250258899081954,clappjo01,John Clapp,263.0,9.413613331430204,232.0,18.381140684410646,1.4856362812221509,0.0,St. Louis Brown Stockings,28,32,284.0,318.0
1877,CHN,NL,OF,hinespa01,Paul Hines,262.0,1.9884284898658322,-0.37934338450643224,glennjo01,John Glenn,336.0,0.9457389702942554,mcveyca01,Cal McVey,274.0,20.73064658863832,262.0,17.834306569343074,1.3250823548006876,0.0,Chicago White Stockings,26,33,366.0,375.0
1877,CN1,NL,OF,addybo01,Bob Addy,251.0,-1.5086047673422813,-0.38627529153299967,jonesch01,Charley Jones,422.0,1.3470178207083203,mannija01,Jack Manning,257.0,12.022504282043961,251.0,13.250428015564205,1.73329311224132,0.0,Cincinnati Reds,15,42,291.0,485.0
1877,LS1,NL,OF,shaffor01,Orator Shafer,269.0,6.7047223808164516,0.45218735274985056,crowlbi01,Bill Crowley,517.0,0.5131286998115991,hallge01,George Hall,281.0,16.036940479588928,269.0,8.6473665480427,0.060941347061748585,0.0,Louisville Grays,35,25,339.0,288.0
1877,BSN,NL,OF,orourji01,Jim O'Rourke,285.0,23.46767984584642,0.1233371263211143,leonaan01,Andy Leonard,351.0,0.6126424490069898,whitede01,Deacon White,274.0,30.220646588638306,285.0,7.966204379562036,0.48930532268587557,0.0,Boston Red Caps,42,18,419.0,263.0
1878,CHN,NL,OF,cassijo01,John Cassidy,265.0,-0.0015948029697305799,-0.04456839415583497,remseja01,Jack Remsen,509.0,1.5491186302738797,startjo01,Joe Start,287.0,19.20868789263278,265.0,17.737839721254353,1.5936870244297148,0.0,Chicago White Stockings,30,30,371.0,331.0
1878,ML2,NL,SS,redmobi01,Billy Redmond,195.0,-3.8424942889777265,-1.5374174904152635,peterjo01,John Peters,209.0,0.3151782609412713,dalryab01,Abner Dalrymple,277.0,18.628559394631644,195.0,16.956462093862818,1.8525957513565348,0.0,Milwaukee Grays,15,45,256.0,386.0
1878,PRO,NL,C,brownle01,Lew Brown,250.0,14.753212450028558,-0.7640372340970405,allisdo01,Doug Allison,155.0,-0.0483307966210218,hinespa01,Paul Hines,259.0,21.94832809822958,250.0,6.432432432432429,0.7157064374760187,0.0,Providence Grays,33,27,353.0,337.0
1878,BSN,NL,OF,mannija01,Jack Manning,258.0,-0.5866847515705338,-1.8751270059679954,orourji01,Jim O'Rourke,518.0,0.605212206297711,burdoja01,Jack Burdock,249.0,1.7281996002284412,258.0,2.3773493975903643,2.480339212265706,0.0,Boston Red Caps,41,19,298.0,241.0
1878,IN1,NL,OF,shaffor01,Orator Shafer,279.0,21.968585094231866,0.5530883946252335,mckelru01,Russ McKelvy,548.0,0.7753111446552814,clappjo01,John Clapp,276.0,10.143546544831525,279.0,-11.71478260869565,0.22222275003004788,11.71478260869565,Indianapolis Blues,24,36,293.0,328.0
1879,SR1,NL,1B,carpehi01,Hick Carpenter,263.0,-15.18025057778859,-0.3794353874939707,dorgami01,Mike Dorgan,197.0,0.029819949151995283,farreja02,Jack Farrell,244.0,6.041402505777885,263.0,21.692090163934424,0.409255336645966,0.0,Syracuse Stars,22,48,276.0,462.0
1879,BFN,NL,OF,eggleda01,Dave Eggler,328.0,-10.499590074200212,0.4188171332895119,mcgunbi01,Bill McGunnigle,276.0,1.0940584111788905,walkeos01,Oscar Walker,295.0,7.602228439362609,328.0,18.95223728813559,0.6752412778893786,0.0,Buffalo Bisons,46,32,394.0,365.0
1879,TRN,NL,C,reillch01,Charlie Reilley,237.0,-9.158514779223939,-1.3081902022309317,caskied01,Ed Caskin,205.0,-1.2691706296648377,broutda01,Dan Brouthers,169.0,5.543717309329764,237.0,16.93284023668639,0.03901957256609401,0.0,Troy Trojans,19,56,321.0,543.0
1879,CHN,NL,OF,dalryab01,Abner Dalrymple,337.0,8.311732149373558,-1.5180561192991497,remseja01,Jack Remsen,249.0,0.39826486564649277,willine01,Ed Williamson,344.0,23.071649434375374,337.0,14.290436046511617,1.9163209849456426,0.0,Chicago White Stockings,46,33,437.0,411.0
1879,BSN,NL,1B,cogswed01,Ed Cogswell,244.0,11.101402505777887,0.8609397217243937,morrijo01,John Morrill,285.0,0.9343946123562413,orourjo01,John O'Rourke,325.0,30.423302517941863,244.0,11.739476923076925,0.07345489063184762,0.0,Boston Red Caps,54,30,562.0,348.0
1879,PRO,NL,C,brownle01,Lew Brown,233.0,3.2386753436321563,-0.6072678860743403,grossem01,Emil Gross,256.0,0.25231860913952797,startjo01,Joe Start,324.0,15.71760004865588,233.0,8.064413580246917,0.8595864952138683,0.0,Providence Grays,59,25,612.0,355.0
1879,CN1,NL,OF,dickebu01,Buttercup Dickerson,353.0,15.652971657949154,-0.3016239194662885,hotalpe01,Pete Hotaling,597.0,0.22562292268618378,whitede01,Deacon White,339.0,19.643137087945505,353.0,4.801386430678464,0.5272468421524723,0.0,Cincinnati Reds,43,37,485.0,464.0
1879,CL2,NL,OF,edench01,Charlie Eden,359.0,12.407186473665002,-0.661314721219782,striege01,George Strief,497.0,0.908319180760134,kennedo01,Doc Kennedy,195.0,4.341981510765113,359.0,-4.413487179487178,1.569633901979916,4.413487179487178,Cleveland Blues,27,55,322.0,461.0
1880,BSN,NL,C,powerph01,Phil Powers,131.0,-10.186475380376184,-1.4722474223765054,trottsa01,Sam Trott,282.0,0.09504794758322194,jonesch01,Charley Jones,291.0,16.717905834431537,131.0,17.712405498281786,1.5672953699597274,0.0,Boston Red Caps,40,44,416.0,456.0
1880,BFN,NL,OF,crowlbi01,Bill Crowley,373.0,8.283776207020495,-0.12562089159196752,hornujo01,Joe Hornung,585.0,0.5062402865846676,moynami01,Mike Moynahan,106.0,7.080027554810112,373.0,16.629905660377354,0.6318611781766351,0.0,Buffalo Bisons,24,58,331.0,502.0
1880,PRO,NL,3B,bradlge01,George Bradley,314.0,-6.957276865939859,0.7396449824533455,wardjo01,John Ward,199.0,1.4193616878469024,farreja02,Jack Farrell,349.0,8.129619024799322,314.0,14.271604584527214,0.6797167053935569,0.0,Providence Grays,52,32,419.0,299.0
1880,CL2,NL,3B,hankifr01,Frank Hankinson,264.0,-9.854270995567274,-1.0232802882419263,mcgeami01,Mike McGeary,260.0,-0.052847904819583735,phillbi01,Bill Phillips,340.0,4.525560081466388,264.0,13.368235294117644,0.9704323834223425,0.0,Cleveland Blues,47,37,387.0,337.0
1880,WOR,NL,C,bennech01,Charlie Bennett,203.0,-0.6340038337127112,0.5588618713060414,bushodo01,Doc Bushong,366.0,0.5836698080026621,dickebu01,Buttercup Dickerson,134.0,6.631544267401462,203.0,10.680298507462687,0.024807936696620736,0.0,Worcester Ruby Legs,40,43,412.0,370.0
1880,TRN,NL,OF,gillepe01,Patrick Gillespie,363.0,5.030377381095006,1.193352651916568,dickebu01,Buttercup Dickerson,289.0,1.40486449963534,cogswed01,Ed Cogswell,220.0,9.424774170360612,363.0,10.520500000000004,0.21151184771877207,0.0,Troy Trojans,41,42,392.0,438.0
1880,CHN,NL,OF,dalryab01,Abner Dalrymple,385.0,26.54585479813106,0.23296829507709627,gorege01,George Gore,680.0,0.38381849438248045,burnsto01,Tom Burns,345.0,15.572259494429138,385.0,-9.168115942028976,0.15085019930538418,9.168115942028976,Chicago White Stockings,67,17,538.0,317.0
1881,BFN,NL,SS,peterjo01,John Peters,232.0,-12.410606847697757,0.33878356921233604,forceda01,Davy Force,182.0,1.4551334513129346,broutda01,Dan Brouthers,288.0,25.749591499409675,232.0,33.15333333333333,1.1163498821005986,0.0,Buffalo Bisons,45,38,440.0,447.0
1881,DTN,NL,OF,knighlo01,Lon Knight,363.0,5.137714285714287,-0.24566975861809376,hanlone01,Ned Hanlon,652.0,0.4023421815151952,powelma01,Martin Powell,234.0,15.196543093270368,363.0,18.43641025641026,0.6480119401332889,0.0,Detroit Wolverines,41,43,440.0,429.0
1881,BSN,NL,C,snydepo01,Pop Snyder,222.0,-10.046356552538374,-1.2210688473269007,deaslpa01,Pat Deasley,226.0,-0.33190785481143537,morrijo01,John Morrill,323.0,7.304715466351837,222.0,15.066934984520131,0.8891609925154653,0.0,Boston Red Caps,38,45,347.0,410.0
1881,TRN,NL,OF,cassijo01,John Cassidy,388.0,-11.55291145218418,-0.13856074847833955,gillepe01,Patrick Gillespie,764.0,0.928411665042671,keefeti01,Tim Keefe,173.0,0.9984698937426204,388.0,13.792254335260116,1.0669724135210106,0.0,Troy Trojans,39,45,399.0,427.0
1881,WOR,NL,SS,irwinar01,Arthur Irwin,213.0,-0.8485312868949233,-1.2052953389507644,nelsoca01,Candy Nelson,219.0,0.1059648740952849,hotalpe01,Pete Hotaling,335.0,12.587615112160567,213.0,8.852,1.3112602130460493,0.0,Worcester Ruby Legs,32,50,410.0,492.0
1881,CL2,NL,OF,shaffor01,Orator Shafer,366.0,2.5084391971664672,-0.3311970878562054,remseja01,Jack Remsen,429.0,0.8288062023830716,kennedo01,Doc Kennedy,155.0,4.434120425029514,366.0,7.961806451612901,1.160003290239277,0.0,Cleveland Blues,36,48,392.0,414.0
1881,PRO,NL,C,grossem01,Emil Gross,195.0,5.5871192443919675,-0.5117225868420751,gilliba01,Barney Gilligan,316.0,0.713568944475807,yorkto01,Tom York,345.0,19.913364817001185,195.0,5.6682608695652235,1.225291531317882,0.0,Providence Grays,47,37,447.0,426.0
1881,CHN,NL,OF,dalryab01,Abner Dalrymple,377.0,17.80776387249115,-0.4106212383716089,nicolhu01,Hugh Nicol,218.0,0.865705507593967,gorege01,George Gore,336.0,17.911190082644623,377.0,2.2890178571428454,1.276326745965576,0.0,Chicago White Stockings,56,28,550.0,380.0
1882,BSN,NL,OF,hotalpe01,Pete Hotaling,394.0,0.024171946053099802,0.07188660415599302,hornujo01,Joe Hornung,743.0,1.7774445577843268,whitnji01,Jim Whitney,275.0,25.475348439504064,394.0,36.47505454545454,1.7055579536283338,0.0,Boston Red Caps,45,39,472.0,414.0
1882,LS2,AA,C,sullida01,Dan Sullivan,295.0,3.0561938804689692,-0.3248649026458951,stricjo01,Charles Strick,158.0,-0.10264252677183774,brownpe01,Pete Browning,314.0,39.30015213039749,295.0,33.86592356687899,0.22222237587405738,0.0,Louisville Eclipse,42,38,443.0,352.0
1882,TRN,NL,C,holbebi01,Bill Holbert,262.0,-17.385195304908855,-0.04410769472811396,ewingbu01,Buck Ewing,215.0,0.4290846955735045,keefeti01,Tim Keefe,206.0,2.624770103773953,262.0,20.723495145631066,0.4731923903016184,0.0,Troy Trojans,35,48,430.0,522.0
1882,PH4,AA,OF,birchju01,Jud Birchall,346.0,0.28997655132971545,0.4568907524487852,richmjo01,John Richmond,159.0,0.4901458034795822,obrieja01,Jack O'Brien,254.0,15.359231341149552,346.0,20.63244094488188,0.03325505103079701,0.0,Philadelphia Athletics,41,34,406.0,389.0
1882,SL4,AA,C,sullisl01,Sleeper Sullivan,191.0,-11.160735487560768,-1.6602084152741634,fusseed01,Eddie Fusselback,167.0,-0.5691531525385031,mccafha01,Harry McCaffery,156.0,5.370394052044607,191.0,17.736025641025638,1.0910552627356602,0.0,St. Louis Brown Stockings,37,43,399.0,496.0
1882,PT1,AA,C,taylobi01,Billy Taylor,310.0,15.731424077780964,-0.11403243826971884,kemmlru01,Rudy Kemmler,204.0,1.0849326102454686,swarted01,Ed Swartwood,350.0,33.16870460394624,310.0,13.646571428571418,1.1989650485151875,0.0,Pittsburg Alleghenys,39,39,426.0,417.0
1882,BL2,AA,2B,piercgr01,Gracie Pierce,154.0,-6.3689699742636545,-0.950001162496697,shetzjo01,John Shetzline,171.0,0.09205251253369513,brownto01,Tom Brown,186.0,5.210854446668573,154.0,10.683333333333332,1.0420536750303921,0.0,Baltimore Orioles,19,54,272.0,513.0
1882,CL2,NL,OF,shaffor01,Orator Shafer,340.0,-3.5619328384313445,-1.4117787360732417,esterdu01,Dude Esterbrook,448.0,1.0818578278140991,roweda01,Dave Rowe,101.0,1.8234552450542174,340.0,9.700297029702968,2.493636563887341,0.0,Cleveland Blues,42,40,402.0,411.0
1882,DTN,NL,OF,knighlo01,Lon Knight,363.0,-12.401740059854642,-0.5325501385592264,hanlone01,Ned Hanlon,757.0,1.3324408741430704,troyda01,Dasher Troy,157.0,-2.0665101636285907,363.0,7.6237579617834434,1.8649910127022968,0.0,Detroit Wolverines,42,41,407.0,488.0
1882,BFN,NL,OF,foleycu01,Curry Foley,353.0,13.338610905981579,-0.7262225487013236,orourji01,Jim O'Rourke,691.0,0.17609354612994377,roweja01,Jack Rowe,320.0,2.998769093241089,353.0,-10.030593750000003,0.9023160948312674,10.030593750000003,Buffalo Bisons,45,39,500.0,461.0
1882,PRO,NL,OF,hinespa01,Paul Hines,389.0,21.8793474289712,0.14127534917703666,radboch01,Old Hoss Radbourn,254.0,0.5828560628247094,yorkto01,Tom York,340.0,9.508067161568663,389.0,-11.000999999999994,0.4415807136476727,11.000999999999994,Providence Grays,52,32,463.0,356.0
1882,CHN,NL,SS,kellyki01,King Kelly,387.0,17.16541762213845,-0.8190386651316709,burnsto01,Tom Burns,361.0,-0.3308340210643972,flintsi01,Silver Flint,333.0,0.90931283765401,387.0,-16.108648648648654,0.4882046440672737,16.108648648648654,Chicago White Stockings,55,29,604.0,353.0
1883,PHI,NL,OF,mannija01,Jack Manning,440.0,2.60579265257358,0.21341600624864082,colemjo01,John Coleman,321.0,0.7463695267719237,grossem01,Emil Gross,243.0,14.578085487671327,440.0,23.79074074074076,0.5329535205232829,0.0,Philadelphia Quakers,17,81,437.0,887.0
1883,NY4,AA,OF,rosemch01,James Roseman,409.0,-4.195957874292599,-0.7644489277580321,kenneed01,Ed Kennedy,840.0,-0.4728929584380251,orourjo01,John O'Rourke,336.0,10.025790108160598,409.0,16.399970238095232,0.291555969320007,0.0,New York Metropolitans,54,42,498.0,405.0
1883,BL2,AA,C,kellyjo01,John Kelly,205.0,-6.38340186853297,-1.9204230441988772,sweenro01,Rooney Sweeney,187.0,-1.0953047132244031,gardngi01,Gid Gardner,179.0,8.47859056357365,205.0,16.093519553072625,0.8251183309744741,0.0,Baltimore Orioles,28,68,471.0,742.0
1883,LS2,AA,SS,learyja01,Jack Leary,167.0,-8.44125908314637,-0.21280311898992169,mclauto01,Tom McLaughlin,159.0,0.4939958872560255,whitied01,Ed Whiting,249.0,9.929380169440439,167.0,15.100722891566264,0.7067990062459472,0.0,Louisville Eclipse,52,45,564.0,562.0
1883,PH4,AA,OF,birchju01,Jud Birchall,468.0,-9.345863777919158,-0.14326673002792456,obrieja01,Jack O'Brien,242.0,1.0858031564796327,striccu01,Cub Stricker,349.0,2.1547938921072944,468.0,12.23538681948424,1.229069886507557,0.0,Philadelphia Athletics,66,32,720.0,547.0
1883,CL5,AA,3B,kuehnbi01,Bill Kuehne,376.0,-8.588044402772665,-0.3759807807951978,smithpo01,Pop Smith,219.0,0.4905972005875434,fieldji01,Jim Field,298.0,-0.002067106452798839,376.0,8.585436241610743,0.8665779813827412,0.0,Columbus Buckeyes,32,65,476.0,659.0
1883,BSN,NL,C,hinesmi01,Mike Hines,238.0,-9.208912156107921,-0.5786988624866978,hackeme01,Mert Hackett,349.0,-0.3283801157243392,smithed02,Edgar Smith,120.0,-3.6020565492981125,238.0,2.064833333333331,0.25031874676235855,0.0,Boston Beaneaters,63,35,669.0,456.0
1883,CN2,AA,OF,sommejo01,Joe Sommer,433.0,7.453741419147439,0.24185794332753782,corkhpo01,John Corkhill,759.0,1.2832421019636109,snydepo01,Pop Snyder,258.0,1.8017674044804624,433.0,-4.429844961240306,1.041384158636073,4.429844961240306,Cincinnati Red Stockings,61,37,662.0,413.0
1883,CL2,NL,OF,hotalpe01,Pete Hotaling,429.0,-3.9056021637407525,0.07846849408377614,evansja01,Jake Evans,778.0,0.22589264312861046,briodfa01,Fatty Briody,148.0,-6.034869744134337,429.0,-13.58736486486486,0.1474241490448343,13.58736486486486,Cleveland Blues,55,42,476.0,443.0
1883,DTN,NL,OF,woodge01,George Wood,466.0,21.39818040022566,0.9759005042181799,hanlone01,Ned Hanlon,794.0,1.2985991149980856,questjo01,Joe Quest,147.0,-1.6322692728901878,466.0,-26.572585034013603,0.3226986107799057,26.572585034013603,Detroit Wolverines,40,58,524.0,650.0
1883,PT1,AA,1B,swarted01,Ed Swartwood,437.0,39.020357968054114,-1.6335481418193518,mackde01,Denny Mack,185.0,0.8164102462685688,barrbo01,Bob Barr,147.0,-1.264341827679738,437.0,-42.77897959183674,2.4499583880879205,42.77897959183674,Pittsburg Alleghenys,31,67,525.0,728.0
1884,CHU,UA,3B,housech01,Charlie Householder,322.0,-0.312897412345988,-0.6865760247845596,battijo01,Joe Battin,189.0,1.3885243056805612,grossem01,Emil Gross,101.0,13.355799258860417,322.0,42.892772277227714,2.075100330465121,0.0,Chicago/Pittsburgh (Union League),41,50,438.0,482.0
1884,CNU,UA,OF,sylvelo01,Lou Sylvester,351.0,10.915599404554516,-0.2766855924594912,harbibi01,Bill Harbridge,659.0,0.9300896404083544,glassja01,Jack Glasscock,180.0,26.04825610489976,351.0,39.87850000000002,1.2067752328678456,0.0,Cincinnati Outlaw Reds,69,36,703.0,466.0
1884,LS2,AA,1B,lathaju01,Jumbo Latham,319.0,-23.05765633351149,0.4082130775336208,brownpe01,Pete Browning,209.0,0.5527284363096954,heckegu01,Guy Hecker,328.0,16.026798503474076,319.0,38.644695121951216,0.14451535877607458,0.0,Louisville Eclipse,68,40,573.0,425.0
1884,WS7,AA,OF,morgabi02,Bill Morgan,171.0,-11.035358097274186,-0.4574322664204358,mullihe01,Henry Mullin,255.0,0.5007667266589706,olinfr01,Frank Olin,90.0,9.30454836985569,171.0,28.714,0.9581989930794064,0.0,Washington Nationals,12,51,248.0,481.0
1884,BL2,AA,OF,clintji01,Jim Clinton,479.0,15.869318546231954,-0.6724772825340254,caseyde01,Dennis Casey,289.0,0.41238788059250137,burnsoy01,Thomas Burns,141.0,13.006459112773918,479.0,28.315744680851072,1.0848651631265267,0.0,Baltimore Orioles,63,43,636.0,515.0
1884,IN2,AA,OF,peltzjo01,John Peltz,402.0,-3.294350614644573,-0.18303388242260815,weihepo01,Podge Weihe,514.0,0.3436861510133925,keenaji01,Jim Keenan,268.0,14.660432923570289,402.0,25.285000000000007,0.5267200334360007,0.0,Indianapolis Hoosiers,29,78,462.0,755.0
1884,CN2,AA,OF,jonesch01,Charley Jones,519.0,43.413562266167816,0.671917318859395,corkhpo01,John Corkhill,812.0,1.5617912744156188,fennefr01,Frank Fennelly,135.0,17.386822554783542,519.0,23.429111111111133,0.8898739555562238,0.0,Cincinnati Red Stockings,68,41,754.0,512.0
1884,PT1,AA,C,colgaed01,Billy Colgan,164.0,-14.216600748262959,-0.38836814948156645,hayesja01,Jackie Hayes,210.0,0.14559060259945866,edench01,Charlie Eden,135.0,7.396822554783534,164.0,23.202370370370364,0.5339587520810252,0.0,Pittsburg Alleghenys,30,78,406.0,725.0
1884,PHU,UA,C,gilleto01,Tom Gillen,117.0,-10.658133531815158,-1.0738183594100466,clemeja01,Jack Clements,166.0,-0.9090017252185112,hoovebu01,William Hoover,287.0,29.24133056725683,117.0,22.578815331010453,0.16481663419153536,0.0,Philadelphia Keystones,21,46,414.0,545.0
1884,DTN,NL,SS,meinkfr01,Frank Meinke,347.0,-23.2272362930335,-0.5779585511161767,bukerha01,Henry Buker,168.0,0.09844928496297606,joneshe01,Henry Jones,143.0,-1.3590051582241807,347.0,19.929510489510488,0.6764078360791528,0.0,Detroit Wolverines,28,84,445.0,736.0
1884,CL2,NL,OF,hotalpe01,Pete Hotaling,436.0,0.3594667903094919,0.1957392268116624,evansja01,Jake Evans,656.0,0.9712608847778823,pinknge01,George Pinkney,154.0,6.152609829604729,436.0,17.05961038961039,0.7755216579662199,0.0,Cleveland Blues,35,77,458.0,716.0
1884,WSU,UA,SS,halpiji01,Jim Halpin,170.0,-11.650535900928007,-1.1674058053094245,deasljo01,John Deasley,263.0,-0.6108110055695023,powelab01,Abner Powell,194.0,5.668564913058627,170.0,16.617835051546393,0.5565947997399222,0.0,Washington Nationals,47,65,572.0,679.0
1884,KCU,UA,OF,shaffta01,Taylor Shafer,179.0,-6.9396230956830225,-0.643176175259202,blackbo01,Bob Black,150.0,-0.11338957920931508,gormato04,Thomas Gorman,110.0,5.946712064105408,179.0,16.61654545454546,0.5297865960498869,0.0,Kansas City Cowboys,16,63,311.0,618.0
1884,RIC,AA,OF,glenned01,Ed Glenn,181.0,-1.0592971672902234,0.8035756650833216,johnsdi01,Dick Johnston,317.0,1.791884386644753,mansemi01,Mike Mansell,124.0,7.499155531801175,181.0,12.005645161290326,0.9883087215614313,0.0,Richmond Virginians,12,30,194.0,294.0
1884,PRO,NL,OF,carrocl01,Cliff Carroll,481.0,3.1997099223368437,0.4788561618639973,hinespa01,Paul Hines,997.0,0.5782646664269677,sweench01,Charlie Sweeney,179.0,5.607189347397701,481.0,11.86765363128491,0.0994085045629704,0.0,Providence Grays,84,28,665.0,388.0
1884,TL1,AA,1B,lanech01,Chappy Lane,219.0,-3.4082656333511503,-0.6543619671462866,moffejo01,Joe Moffet,331.0,0.09548484893184869,walkefl01,Fleet Walker,166.0,3.1466114377338315,219.0,7.559518072289157,0.7498468160781353,0.0,Toledo Blue Stockings,46,58,463.0,571.0
1884,SLU,UA,OF,shaffor01,Orator Shafer,497.0,53.39596268963989,0.007762551298085285,roweda01,Dave Rowe,775.0,1.6221602897401473,taylobi01,Billy Taylor,193.0,22.620685712475854,497.0,4.855233160621771,1.614397738442062,0.0,St. Louis Maroons,94,19,887.0,429.0
1884,NY1,NL,OF,gillepe01,Patrick Gillespie,432.0,-1.715665932537389,0.08192109046143756,richada01,Danny Richardson,491.0,0.3210334301533262,welchmi01,Mickey Welch,265.0,1.5225428886055417,432.0,4.197698113207555,0.23911233969188864,0.0,New York Gothams,62,50,693.0,623.0
1884,BR3,AA,OF,cassijo01,John Cassidy,454.0,0.4991662212720396,-0.14916977940327983,remseja01,Jack Remsen,701.0,1.151192715147546,housech02,Charlie Householder,287.0,2.2609486905398235,454.0,3.077386759581897,1.3003624945508259,0.0,Brooklyn Atlantics,40,64,476.0,644.0
1884,PHI,NL,OF,purcebl01,Blondie Purcell,457.0,-0.12108641474441306,0.3264905348586423,fogarji01,Jim Fogarty,691.0,1.8184048413238219,crowljo01,John Crowley,183.0,0.8523220702445791,457.0,2.249562841530056,1.4919143064651794,0.0,Philadelphia Quakers,39,73,549.0,824.0
1884,BSN,NL,2B,burdoja01,Jack Burdock,376.0,5.882475947606352,0.2761046897658959,morrijo01,John Morrill,154.0,0.31424114269459613,whitnji01,Jim Whitney,286.0,6.141989683551645,376.0,2.192307692307699,0.038136452928700215,0.0,Boston Beaneaters,73,38,684.0,468.0
1884,BLU,UA,C,fusseed01,Eddie Fusselback,306.0,6.50103537832959,0.310322223610762,sweenro01,Rooney Sweeney,278.0,0.33940806883917496,leeto01,Tom Lee,87.0,1.3154904507015486,306.0,-1.8741379310344877,0.029085845228412954,1.8741379310344877,Baltimore Monumentals,58,47,662.0,627.0
1884,BFN,NL,OF,lilliji01,Jim Lillie,476.0,-19.56920598122175,0.37674417841344354,richaha01,Hardy Richardson,213.0,1.1083538840294274,collich01,Chub Collins,183.0,-9.817677929755419,476.0,-5.967486338797812,0.7316097056159838,5.967486338797812,Buffalo Bisons,64,47,700.0,626.0
1884,CHN,NL,OF,dalryab01,Abner Dalrymple,535.0,34.63400168076969,0.07560955392717195,gorege01,George Gore,928.0,0.38360421381512716,clarkjo01,John Clarkson,86.0,3.4353535412078333,535.0,-13.262906976744219,0.3079946598879552,13.262906976744219,Chicago White Stockings,62,50,834.0,647.0
1885,PHI,NL,C,cusicto01,Andy Cusick,142.0,-12.383122421742296,-1.5596804184435695,ganzech01,Charlie Ganzel,291.0,-0.07366603374412219,ferguch01,Charlie Ferguson,258.0,13.629819825285129,142.0,19.88480620155039,1.4860143846994474,0.0,Philadelphia Quakers,56,54,513.0,511.0
1885,BR3,AA,C,hayesja01,Jackie Hayes,145.0,-14.153267400356928,-0.26608128058385655,peoplji01,Jimmy Peoples,315.0,0.4699050603239946,mctamji01,Jim McTamany,140.0,3.9237418203450303,145.0,18.21714285714285,0.7359863409078511,0.0,Brooklyn Grays,53,59,624.0,650.0
1885,PRO,NL,SS,irwinar01,Arthur Irwin,232.0,-13.65411550594516,0.27411459361438667,bassech01,Charley Bassett,195.0,0.7127866204877753,radboch01,Old Hoss Radbourn,285.0,3.903521900024268,232.0,16.831719298245616,0.43867202687338863,0.0,Providence Grays,53,57,442.0,531.0
1885,LS2,AA,SS,millejo02,Joe Miller,369.0,-15.243280487804876,0.2132622213959009,mclauto01,Tom McLaughlin,175.0,0.7045618838339579,heckegu01,Guy Hecker,303.0,-0.6067587745389726,369.0,14.504356435643555,0.491299662438057,0.0,Louisville Colonels,53,59,564.0,598.0
1885,BSN,NL,2B,burdoja01,Jack Burdock,177.0,-15.511286398932299,0.05339220523011279,morrijo01,John Morrill,161.0,0.5564046489799986,johnsdi01,Dick Johnston,111.0,-1.0758914705168676,177.0,13.795675675675673,0.5030124437498859,0.0,Boston Beaneaters,46,66,528.0,589.0
1885,BFN,NL,C,myersge01,George Myers,349.0,-11.87140651540888,-0.1631706433677886,roweja01,Jack Rowe,201.0,1.065343101891212,stearec01,Dan Stearns,113.0,-2.6463579834991506,349.0,3.6981415929203525,1.2285137452590007,0.0,Buffalo Bisons,38,74,495.0,761.0
1885,PT1,AA,1B,fieldji01,Jim Field,229.0,0.3229776918500882,-0.2582380747217691,scottmi01,Milt Scott,500.0,1.9144337615935545,carrofr01,Fred Carroll,292.0,4.1326615110053515,229.0,2.9180479452054784,2.1726718363153235,0.0,Pittsburg Alleghenys,56,55,547.0,539.0
1885,NY4,AA,C,reipsch01,Charlie Reipschlager,278.0,-6.031712671029145,-0.17957468397157383,holbebi01,Bill Holbert,349.0,0.18702296789808862,forstto01,Tom Forster,231.0,-4.377825996430693,278.0,0.763160173160172,0.3665976518696624,0.0,New York Metropolitans,44,64,526.0,688.0
1885,NY1,NL,3B,esterdu01,Dude Esterbrook,363.0,-2.0846721062848825,-0.3094513715583229,richada01,Danny Richardson,164.0,0.3305352555783153,deaslpa01,Pat Deasley,216.0,-2.020383402086871,363.0,-1.3106944444444428,0.6399866271366382,1.3106944444444428,New York Giants,85,27,691.0,370.0
1885,SL5,NL,OF,shaffor01,Orator Shafer,276.0,-9.114378791555446,0.5439074080908373,lewisfr01,Fred Lewis,386.0,1.1648006222398364,boylehe01,Henry Boyle,271.0,-10.363212509099734,276.0,-1.4400369003690063,0.6208932141489991,1.4400369003690063,St. Louis Maroons,36,72,390.0,593.0
1885,CN2,AA,C,snydepo01,Pop Snyder,159.0,-1.8288932183224285,-0.01131217248278582,keenaji01,Jim Keenan,277.0,0.8211208453015161,whitewi01,Will White,124.0,-8.519828673408686,159.0,-9.095725806451613,0.8324330177843019,9.095725806451613,Cincinnati Red Stockings,63,49,642.0,575.0
1885,CHN,NL,OF,dalryab01,Abner Dalrymple,538.0,31.43450800776512,-0.2773003505685701,gorege01,George Gore,948.0,0.3087012575789248,sundabi01,Billy Sunday,184.0,2.7670808056297007,538.0,-23.343804347826108,0.5860016081474949,23.343804347826108,Chicago White Stockings,87,25,834.0,470.0
1885,PH4,AA,1B,stoveha01,Harry Stovey,529.0,41.90242444973231,-0.07902788618417501,powelji01,Jim Powell,158.0,0.5675967701738339,purcebl01,Blondie Purcell,323.0,10.765204342653192,529.0,-24.27148606811145,0.6466246563580089,24.27148606811145,Philadelphia Athletics,55,57,764.0,691.0
1886,BL2,AA,OF,mannija01,Jack Manning,609.0,-10.468896537092476,-0.809005037101127,sommejo01,Joe Sommer,873.0,0.6788391750225946,fulmech02,Chris Fulmer,320.0,11.11108884750478,609.0,31.61468750000001,1.4878442121237216,0.0,Baltimore Orioles,48,83,625.0,878.0
1886,CN2,AA,C,baldwki01,Kid Baldwin,325.0,-8.338737889252965,-0.07319415888082315,keenaji01,Jim Keenan,267.0,0.6193792587883293,lewisfr01,Fred Lewis,348.0,16.092059121661435,325.0,23.36724137931034,0.6925734176691525,0.0,Cincinnati Red Stockings,65,73,883.0,865.0
1886,PH4,AA,3B,gleasja01,Jack Gleason,326.0,-12.898703236604506,-1.0010566927747386,obrieja01,Jack O'Brien,243.0,-0.24457260723093302,shaffor01,Orator Shafer,90.0,2.2731187383607185,326.0,21.132444444444438,0.7564840855438056,0.0,Philadelphia Athletics,63,72,772.0,942.0
1886,DTN,NL,OF,hanlone01,Ned Hanlon,551.0,3.4435010585938546,0.4736935290362787,thompsa01,Sam Thompson,1076.0,0.7539971128153063,bennech01,Charlie Bennett,283.0,12.509075861310459,551.0,20.91162544169612,0.28030358377902764,0.0,Detroit Wolverines,87,36,829.0,538.0
1886,PHI,NL,C,mcguide01,Deacon McGuire,186.0,-4.8763317660645065,-0.3318095300700508,clemeja01,Jack Clements,407.0,0.7614707179415301,fogarji01,Jim Fogarty,322.0,21.925167587780813,186.0,17.541180124223608,1.0932802480115809,0.0,Philadelphia Quakers,71,43,621.0,498.0
1886,WS8,NL,1B,bakerph01,Phil Baker,345.0,-10.39303472737771,-0.23247860945296306,kriegbi01,Bill Krieg,200.0,1.041160478896807,farreja02,Jack Farrell,186.0,3.6636682339354927,345.0,17.18854838709677,1.27363908834977,0.0,Washington Nationals,28,92,445.0,791.0
1886,NY1,NL,OF,dorgami01,Mike Dorgan,471.0,8.522030850449564,-0.7621422447932921,richada01,Danny Richardson,479.0,0.9273253422316508,ewingbu01,Buck Ewing,291.0,15.606222882124891,471.0,16.73752577319588,1.689467587024943,0.0,New York Giants,75,44,692.0,558.0
1886,CHN,NL,C,flintsi01,Silver Flint,185.0,-8.075975143666312,-0.4204563352803503,kellyki01,King Kelly,407.0,0.22613196681085357,ryanji01,Jimmy Ryan,339.0,12.189105007011454,185.0,14.727846607669614,0.6465883020912039,0.0,Chicago White Stockings,90,34,900.0,555.0
1886,PT1,AA,OF,brownto01,Tom Brown,518.0,20.81795007189836,-0.40868055092815697,kuehnbi01,Bill Kuehne,462.0,0.40383017348087846,schomot01,Otto Schomberg,307.0,17.860638363074894,518.0,9.318241042345273,0.8125107244090355,0.0,Pittsburg Alleghenys,80,57,810.0,647.0
1886,NY4,AA,C,reipsch01,Charlie Reipschlager,242.0,-11.631614059074513,-0.46418813360629846,holbebi01,Bill Holbert,399.0,0.6982523873211924,behelst01,Steve Behel,247.0,-6.821440795832257,242.0,4.948259109311735,1.1624405209274908,0.0,New York Metropolitans,53,82,628.0,766.0
1886,SL5,NL,OF,seeryem01,Emmett Seery,510.0,5.438122576919902,-0.5148147100967939,quinnjo02,Joe Quinn,432.0,0.6390820389718489,dunlafr01,Fred Dunlap,313.0,5.808377189364576,510.0,4.026006389776371,1.1538967490686427,0.0,St. Louis Maroons,43,79,547.0,712.0
1886,BSN,NL,3B,nashbi01,Billy Nash,441.0,4.662729522395445,0.07719313959801102,suttoez01,Ezra Sutton,243.0,0.33218767646517955,stemmbi01,Bill Stemmyer,160.0,0.792940416288598,441.0,-2.4771874999999963,0.25499453686716855,2.4771874999999963,Boston Beaneaters,56,61,657.0,661.0
1886,BR3,AA,OF,swarted01,Ed Swartwood,544.0,27.258851040758127,0.017095207342127598,mctamji01,Jim McTamany,952.0,1.0788283093049598,harkijo01,John Harkins,159.0,-1.4444902288960682,544.0,-32.2010062893082,1.0617331019628322,32.2010062893082,Brooklyn Grays,76,61,832.0,832.0
1886,SL4,AA,OF,oneilti01,Tip O'Neill,633.0,38.1719351264704,1.2677774171600857,welchcu01,Curt Welch,1204.0,1.9898383648451778,nicolhu01,Hugh Nicol,279.0,-3.110331911081779,633.0,-45.22870967741938,0.7220609476850921,45.22870967741938,St. Louis Browns,93,46,944.0,592.0
1887,CN2,AA,C,baldwki01,Kid Baldwin,398.0,-18.269114641919764,-0.12134882279174292,keenaji01,Jim Keenan,317.0,1.1689275161797754,jonesch01,Charley Jones,175.0,7.298856627296585,398.0,34.8688,1.2902763389715184,0.0,Cincinnati Red Stockings,81,54,892.0,745.0
1887,SL4,AA,C,boyleja01,Jack Boyle,372.0,-36.797916197975255,0.5106886451350925,bushodo01,Doc Bushong,441.0,0.8581029222192071,sylvelo01,Lou Sylvester,126.0,-1.7604232283464563,372.0,31.600476190476193,0.34741427708411465,0.0,St. Louis Browns,95,40,1131.0,761.0
1887,CHN,NL,OF,sullima01,Marty Sullivan,512.0,9.054804178889404,-0.5153574901268982,vanhage01,George Van Haltren,214.0,-0.03769346051015399,darlide01,Dell Darling,163.0,12.43928336163861,512.0,30.01828220858893,0.47766402961674426,0.0,Chicago White Stockings,71,50,813.0,716.0
1887,WS8,NL,C,mackco01,Connie Mack,325.0,-28.23173562863465,-0.2185701490068402,dealypa01,Pat Dealy,223.0,0.22761176826901156,whitnji01,Jim Whitney,219.0,-0.09378493129536114,325.0,28.09255707762555,0.44618191727585177,0.0,Washington Nationals,46,76,601.0,825.0
1887,BL2,AA,OF,purcebl01,Blondie Purcell,623.0,-1.8848704068241453,-0.3441948711821782,griffmi01,Mike Griffin,1185.0,0.23032817021219693,fulmech02,Chris Fulmer,238.0,8.043645013123356,623.0,22.940294117647046,0.5745230413943752,0.0,Baltimore Orioles,77,58,975.0,861.0
1887,PHI,NL,2B,mclauba01,Barney McLaughlin,217.0,-13.494389635119141,-0.9765951397938311,ferguch01,Charlie Ferguson,210.0,-0.2679109683020044,mcguide01,Deacon McGuire,163.0,4.739283361638622,217.0,19.80374233128835,0.7086841714918266,0.0,Philadelphia Quakers,75,48,901.0,702.0
1887,PH4,AA,C,robinwi01,Wilbert Robinson,279.0,-17.48593714848144,-0.5923164409009556,millijo01,John Milligan,424.0,0.0313367812732426,mannfr01,Fred Mann,250.0,0.32693803899512375,279.0,17.8508,0.6236532221741982,0.0,Philadelphia Athletics,64,69,893.0,890.0
1887,DTN,NL,C,ganzech01,Charlie Ganzel,236.0,-10.388644948793168,0.8221826149671597,bennech01,Charlie Bennett,358.0,1.7461061786395233,twitcla01,Larry Twitchell,274.0,5.722844423858772,236.0,15.317810218978098,0.9239235636723636,0.0,Detroit Wolverines,79,45,969.0,710.0
1887,PIT,NL,OF,colemjo01,John Coleman,507.0,2.09329241932992,0.3176345901655468,fieldjo01,Jocko Fields,194.0,1.2373644019290597,mckinal01,Alex McKinnon,208.0,7.072889197673821,507.0,15.146875000000017,0.9197298117635129,0.0,Pittsburg Alleghenys,55,69,621.0,750.0
1887,NY1,NL,C,brownwi01,William Brown,183.0,-11.004669600123517,-0.29854405495899583,deaslpa01,Pat Deasley,190.0,-0.24300067416979879,gillepe01,Patrick Gillespie,312.0,-3.2856662034892636,183.0,9.077500000000008,0.055543380789197044,0.0,New York Giants,68,55,816.0,723.0
1887,LS2,AA,C,cookpa01,Paul Cook,238.0,-11.40635498687664,0.32129883010866067,kerinjo01,John Kerins,365.0,0.8791962778426005,crossla01,Lave Cross,219.0,-4.482402277840277,238.0,6.5350684931506775,0.5578974477339398,0.0,Louisville Colonels,76,60,956.0,854.0
1887,NY4,AA,OF,obrieda01,Darby O'Brien,566.0,15.346987720284956,0.5309242770906245,jonesch01,Charley Jones,519.0,0.5431904241575225,nelsoca01,Candy Nelson,313.0,0.08172642482190007,566.0,-15.199201277955257,0.012266147066897992,15.199201277955257,New York Metropolitans,44,89,754.0,1093.0
1887,IN3,NL,OF,seeryem01,Emmett Seery,540.0,0.9432700324224292,0.2557879590887304,mcgeaja01,Jack McGeachey,855.0,1.0007319098207899,hackeme01,Mert Hackett,156.0,-5.272833101744634,540.0,-19.195384615384622,0.7449439507320594,19.195384615384622,Indianapolis Hoosiers,37,89,628.0,965.0
1887,BSN,NL,SS,wisesa01,Sam Wise,510.0,35.5941994750656,0.17189169064614185,suttoez01,Ezra Sutton,361.0,0.9116875350050317,wheelbo01,Bobby Wheelock,181.0,-1.5352743039472996,510.0,-39.92011049723755,0.7397958443588899,39.92011049723755,Boston Beaneaters,61,60,834.0,792.0
1888,PIT,NL,SS,smithpo01,Pop Smith,508.0,-14.487892994205728,0.17489056663906405,kuehnbi01,Bill Kuehne,537.0,0.4239617414857415,becklja01,Jake Beckley,292.0,17.491526074196706,508.0,44.91835616438356,0.24907117484667746,0.0,Pittsburg Alleghenys,66,68,534.0,580.0
1888,BL2,AA,2B,greenbi01,Bill Greenwood,445.0,-15.532015660336057,-0.601336583256863,farreja02,Jack Farrell,459.0,0.2630336975832159,burnsoy01,Thomas Burns,350.0,20.117291053668257,445.0,41.10971428571427,0.8643702808400788,0.0,Baltimore Orioles,57,80,653.0,779.0
1888,DTN,NL,OF,twitcla01,Larry Twitchell,555.0,-3.4357295507562533,-0.6506770381806055,hanlone01,Ned Hanlon,974.0,0.6461951314860369,thompsa01,Sam Thompson,264.0,16.409598916397016,555.0,37.9331818181818,1.2968721696666425,0.0,Detroit Wolverines,68,63,721.0,629.0
1888,BR3,AA,C,bushodo01,Doc Bushong,260.0,-15.989155217275002,0.5104126154267552,peoplji01,Jimmy Peoples,239.0,0.7994168955328693,burnsoy01,Thomas Burns,221.0,11.337718065316244,260.0,29.327647058823523,0.2890042801061141,0.0,Brooklyn Bridegrooms,88,52,758.0,584.0
1888,CL3,AA,C,snydepo01,Pop Snyder,244.0,-11.742745665442698,-0.5182537423395929,zimmech01,Charles Zimmer,483.0,0.2142663311826372,hoganed02,Mortimer Hogan,329.0,14.719453590448174,244.0,22.65930091185411,0.73252007352223,0.0,Cleveland Blues,50,82,651.0,839.0
1888,LS2,AA,3B,werrijo01,Joe Werrick,446.0,-12.381166257325582,-1.1346331650379118,raymoha01,Harry Raymond,284.0,0.3209782516540193,whitebi02,Bill White,208.0,4.546675826179989,446.0,22.13028846153844,1.455611416691931,0.0,Louisville Colonels,48,87,689.0,870.0
1888,SL4,AA,C,boyleja01,Jack Boyle,273.0,-5.138112978138748,0.8989235380103412,millijo01,John Milligan,503.0,1.1978526542708512,herred01,Joseph Herr,186.0,4.137988959949418,273.0,11.211612903225797,0.29892911626051,0.0,St. Louis Browns,92,43,789.0,501.0
1888,PHI,NL,OF,andreed01,Ed Andrews,552.0,-7.446293174806227,0.04709066845309279,fogarji01,Jim Fogarty,1047.0,0.9166287886229286,sandebe01,Ben Sanders,246.0,-1.6137828279027806,552.0,3.8251219512194994,0.8695381201698358,0.0,Philadelphia Quakers,69,61,535.0,509.0
1888,BSN,NL,OF,johnsdi01,Dick Johnston,601.0,32.64957935134322,0.7030202053180582,glenned01,Ed Glenn,189.0,0.9250808846411767,quinnjo02,Joe Quinn,158.0,8.623017533298219,601.0,0.15063291139240859,0.22206067932311846,0.0,Boston Beaneaters,70,64,669.0,619.0
1888,KC2,AA,OF,mctamji01,Jim McTamany,594.0,19.26454538822556,0.4701153428156019,allenmy01,Myron Allen,336.0,0.8936948898155808,hamilbi01,Billy Hamilton,137.0,3.876368212435864,594.0,-2.4575182481751745,0.42357954699997885,2.4575182481751745,Kansas City Cowboys,43,89,579.0,896.0
1888,IN3,NL,SS,glassja01,Jack Glasscock,463.0,7.573652645044787,0.7681611814446263,dennyje01,Jerry Denny,236.0,1.7774668203631807,buckldi01,Dick Buckley,266.0,2.6833079990969955,463.0,-2.9030827067669343,1.0093056389185544,2.9030827067669343,Indianapolis Hoosiers,50,85,603.0,731.0
1888,CN2,AA,OF,nicolhu01,Hugh Nicol,622.0,14.358328672519043,0.1799980050254058,corkhpo01,John Corkhill,1066.0,1.396714190260255,kappehe01,Henry Kappel,146.0,2.1140128395301874,622.0,-5.352054794520574,1.2167161852348491,5.352054794520574,Cincinnati Red Stockings,80,54,745.0,628.0
1888,CHN,NL,OF,ryanji01,Jimmy Ryan,589.0,60.22732485514334,-0.041769783189135073,sullima01,Marty Sullivan,664.0,-0.01688880247899932,vanhage01,George Van Haltren,340.0,17.68054405899617,589.0,-29.59838235294115,0.024880980710135753,29.59838235294115,Chicago White Stockings,77,58,734.0,659.0
1888,NY1,NL,OF,tiernmi01,Mike Tiernan,492.0,36.00243434419444,0.3060560610684458,slattmi01,Mike Slattery,896.0,0.401234143874636,gorege01,George Gore,286.0,-0.019601173903222247,492.0,-36.03615384615384,0.09517808280619022,36.03615384615384,New York Giants,84,47,659.0,479.0
1889,SL4,AA,OF,mccarto01,Tommy McCarthy,656.0,8.214469269854519,-0.18907722830707532,duffech01,Charlie Duffee,1165.0,1.3282572502922962,millijo01,John Milligan,292.0,27.799855223776703,656.0,54.239999999999995,1.5173344785993716,0.0,St. Louis Browns,90,45,957.0,680.0
1889,BL2,AA,OF,hornujo01,Joe Hornung,562.0,-26.81479919259415,0.45015480733281565,griffmi01,Mike Griffin,951.0,0.8431316013413681,rayir01,Irv Ray,116.0,5.263778102596225,562.0,52.31689655172414,0.39297679400855245,0.0,Baltimore Orioles,70,65,791.0,795.0
1889,IN3,NL,OF,mcgeaja01,Jack McGeachey,543.0,-15.446312120042457,-0.3294453097121528,myersge01,George Myers,231.0,0.436692859076929,sullima01,Marty Sullivan,307.0,12.791219482775269,543.0,38.07052117263845,0.7661381687890818,0.0,Indianapolis Hoosiers,59,75,819.0,894.0
1889,WS8,NL,1B,carnejo01,Jack Carney,288.0,-16.744784328862295,-0.6319035218131229,morrijo01,John Morrill,342.0,0.5386603432124898,dalyto01,Tom Daly,289.0,11.71026850332916,288.0,28.414532871972323,1.1705638650256127,0.0,Washington Nationals,41,83,632.0,892.0
1889,CN2,AA,OF,tebeage01,George Tebeau,571.0,14.342045660193493,-0.18057800703511961,hollibu01,Bug Holliday,1169.0,0.29006271629104247,earlebi01,Billy Earle,202.0,12.551406695900335,571.0,21.137425742574283,0.4706407233261621,0.0,Cincinnati Red Stockings,76,63,897.0,769.0
1889,PIT,NL,SS,roweja01,Jack Rowe,342.0,-8.011931390523978,0.13855395798985526,smithpo01,Pop Smith,506.0,0.3675284884411468,fieldjo01,Jocko Fields,319.0,10.861853469072658,342.0,19.656927899686515,0.2289745304512915,0.0,Pittsburg Alleghenys,61,71,726.0,801.0
1889,KC2,AA,2B,manniji01,Jim Manning,573.0,-15.017544372520348,-0.7558110406796046,barklsa01,Sam Barkley,347.0,-0.3616035284139696,mcgarch01,Chippy McGarr,115.0,-0.7414268810468421,573.0,11.323304347826083,0.394207512265635,0.0,Kansas City Cowboys,55,82,852.0,1031.0
1889,CHN,NL,SS,willine01,Ed Williamson,200.0,-4.929433561709935,-1.370957358376996,bastich01,Charlie Bastian,412.0,0.430111575818464,gumbead01,Ad Gumbert,165.0,4.003717311589307,200.0,9.782424242424248,1.80106893419546,0.0,Chicago White Stockings,67,65,867.0,814.0
1889,CL4,NL,OF,radfopa01,Paul Radford,584.0,1.590853999806999,-0.08907344976284354,gilksbo01,Bob Gilks,221.0,1.635232668282705,zimmech01,Charles Zimmer,304.0,5.896060986200904,584.0,9.73578947368421,1.7243061180455486,0.0,Cleveland Spiders,61,72,656.0,720.0
1889,NY1,NL,OF,orourji01,Jim O'Rourke,543.0,20.72368787995753,-1.0676328910537731,gorege01,George Gore,1050.0,-0.3117144627366969,brownwi01,William Brown,151.0,-1.8970223390909973,543.0,-27.54543046357615,0.7559184283170762,27.54543046357615,New York Giants,83,43,935.0,708.0
1889,CL6,AA,3B,marrle01,Lefty Marr,639.0,29.065984547922334,0.40261359227896465,kappehe01,Henry Kappel,202.0,0.8687028866880462,peoplji01,Jimmy Peoples,106.0,-3.3982717338344797,639.0,-49.55179245283018,0.46608929440908153,49.55179245283018,Columbus Solons,60,78,779.0,924.0
1889,PH4,AA,OF,stoveha01,Harry Stovey,634.0,50.58995962970697,0.6433642112481958,welchcu01,Curt Welch,1100.0,1.0820114370690757,mattimi01,Mike Mattimore,84.0,0.05721862601795902,634.0,-50.158095238095235,0.4386472258208799,50.158095238095235,Philadelphia Athletics,75,58,880.0,787.0
1890,SR2,AA,C,brigggr01,Grant Briggs,333.0,-28.519143556676042,-0.4071989739296833,pitzhe01,Herman Pitz,224.0,-0.023644385812926678,simonha01,Hank Simon,173.0,6.806060554639773,333.0,41.61982658959537,0.38355458811675663,0.0,Syracuse Stars,55,72,698.0,831.0
1890,BR4,AA,OF,peltzjo01,John Peltz,418.0,-15.874720740812567,0.6503715201923241,bowesfr01,Frank Bowes,176.0,1.2069819883980488,davisju01,Jumbo Davis,161.0,8.397200862988466,418.0,37.676149068323,0.5566104682057247,0.0,Brooklyn Gladiators,26,72,492.0,733.0
1890,CLP,PL,SS,delahed01,Ed Delahanty,549.0,0.9860216321153654,-0.19588154287881196,radfopa01,Paul Radford,293.0,1.387034141096625,carnejo01,Jack Carney,104.0,6.903271857449905,549.0,35.45528846153846,1.5829156839754368,0.0,Cleveland Infants,55,75,849.0,1027.0
1890,SL4,AA,2B,higgibi01,Bill Higgins,282.0,-7.421797246194124,0.4871870268181722,gerhajo01,Joe Gerhardt,167.0,0.5788489108258487,campaco01,Count Campau,340.0,26.017691263453887,282.0,29.001176470588234,0.09166188400767644,0.0,St. Louis Browns,77,58,870.0,736.0
1890,RC2,AA,SS,phillma01,Marr Phillips,276.0,-17.436227092019777,0.7215508580985119,smithle01,Leo Smith,294.0,1.715982537888364,grimjo01,John Grim,201.0,2.2633998351595004,276.0,20.544179104477596,0.994431679789852,0.0,Rochester Broncos,63,63,709.0,711.0
1890,NYP,PL,2B,shannda01,Dan Shannon,350.0,-17.07648894127436,-0.14651755280353096,richada01,Danny Richardson,481.0,0.3998432233502523,craneed01,Ed Crane,157.0,1.1636892463426447,350.0,19.670700636942676,0.5463607761537832,0.0,New York Giants,74,57,1018.0,875.0
1890,NY1,NL,C,buckldi01,Dick Buckley,293.0,-5.130979922946227,0.09005912694976194,clarkar01,Artie Clarke,301.0,0.12711176564829377,whistle01,Lew Whistler,191.0,8.754412405178394,293.0,18.560523560209415,0.03705263869853183,0.0,New York Giants,63,68,713.0,698.0
1890,CL6,AA,SS,eastehe01,Henry Easterday,221.0,-16.588500678754972,-0.10611778455165413,wheelbo01,Bobby Wheelock,453.0,-0.06539980160084485,doyleja01,Jack Doyle,311.0,1.8979470086298837,221.0,17.937202572347267,0.04071798295080928,0.0,Columbus Solons,79,55,831.0,617.0
1890,CIN,NL,C,harrije01,Jerry Harrington,254.0,-8.835388738663292,0.43835411692157117,keenaji01,Jim Keenan,437.0,0.7449352486486652,mullato01,Tony Mullane,331.0,9.1015209744191,254.0,15.819637462235653,0.30658113172709406,0.0,Cincinnati Reds,77,55,753.0,633.0
1890,PH4,AA,2B,shaffta01,Taylor Shafer,291.0,-17.95015247745564,-0.20661629291474115,conrobe01,Ben Conroy,337.0,0.0013544226400881154,knoxan01,Andy Knox,84.0,-0.8079821584408025,291.0,15.15107142857143,0.20797071555482927,0.0,Philadelphia Athletics,54,78,702.0,945.0
1890,BRP,PL,OF,seeryem01,Emmett Seery,469.0,-4.8964951813076425,0.02083502131392223,andreed01,Ed Andrews,831.0,0.6601858515901363,sundaar01,Art Sunday,105.0,1.7670533176176932,469.0,12.789333333333339,0.6393508302762141,0.0,Brooklyn Ward's Wonders,76,56,964.0,893.0
1890,BL3,AA,OF,sommejo01,Joe Sommer,142.0,-0.7984936487927876,0.030807213609456707,welchcu01,Curt Welch,156.0,1.3459046319300578,rayir01,Irv Ray,157.0,12.22758096577136,142.0,11.857834394904463,1.315097418320601,0.0,Baltimore Orioles,15,19,182.0,192.0
1890,CL4,NL,1B,veachpe01,Peek-A-Boo Veach,274.0,-1.517230371628894,-0.886331993767874,virtuja01,Jake Virtue,535.0,0.9216677499171207,dailevi01,Vince Dailey,279.0,7.542309220129697,274.0,8.924372759856624,1.8079997436849946,0.0,Cleveland Spiders,44,88,630.0,832.0
1890,CHN,NL,2B,glenabo01,Bob Glenalvin,276.0,6.766585465074542,-0.5639164759117051,obriepe01,Pete O'Brien,243.0,-0.19440526875590136,fosteel01,Elmer Foster,117.0,6.213226447151168,276.0,7.89025641025642,0.36951120715580377,0.0,Chicago Colts,83,53,847.0,692.0
1890,PIT,NL,1B,heckegu01,Guy Hecker,368.0,-11.087886046567277,-2.3459151201802397,hinespa01,Paul Hines,150.0,-0.6110362552037982,keltyjo01,John Kelty,233.0,-2.505455024049395,368.0,7.130772532188833,1.7348788649764415,0.0,Pittsburg Alleghenys,23,113,597.0,1235.0
1890,PHP,PL,2B,pickejo01,John Pickett,449.0,-3.712124384663383,-0.8985777316315705,shannda01,Dan Shannon,150.0,-0.11561661378075505,millijo01,John Milligan,259.0,0.47939818345698093,449.0,4.543204633204636,0.7829611178508155,0.0,Philadelphia Athletics,68,63,941.0,855.0
1890,LS2,AA,OF,hambuch01,Charlie Hamburg,560.0,14.336785610394653,0.355516266316018,weavefa01,Farmer Weaver,1147.0,0.3560842132113814,stratsc01,Scott Stratton,208.0,6.9902346552894485,560.0,4.483076923076939,0.0005679468953633804,0.0,Louisville Colonels,88,44,819.0,588.0
1890,BSN,NL,OF,brodist01,Steve Brodie,591.0,18.83757974586613,0.2781069350767825,sullima01,Marty Sullivan,1060.0,0.6769972181336681,lowebo01,Bobby Lowe,235.0,7.478360812654051,591.0,-0.030297872340409086,0.39889028305688556,0.030297872340409086,Boston Beaneaters,76,57,763.0,593.0
1890,BFP,PL,1B,whitede01,Deacon White,525.0,-5.944733411911537,-0.09538555173066311,faatzja01,Jay Faatz,255.0,1.208537041956793,haddoge01,George Haddock,172.0,-2.4995888511405413,525.0,-1.6848255813953479,1.303922593687456,1.6848255813953479,Buffalo Bisons,36,96,793.0,1199.0
1890,BRO,NL,OF,burnsoy01,Thomas Burns,527.0,22.915472971356106,-0.354528639879525,donovpa01,Patsy Donovan,245.0,1.7017357452528499,carutbo01,Bob Caruthers,290.0,8.85329632199861,527.0,-6.826896551724151,2.056264385132375,6.826896551724151,Brooklyn Bridegrooms,86,43,884.0,620.0
1890,PHI,NL,OF,thompsa01,Sam Thompson,599.0,25.25284309267989,-0.3069457266444446,sundabi01,Billy Sunday,281.0,1.0235850855587127,smithph01,Phenomenal Smith,97.0,1.0650680801167751,599.0,-18.675773195876296,1.3305308122031574,18.675773195876296,Philadelphia Phillies,78,53,823.0,707.0
1890,PTP,PL,OF,visnejo01,Joe Visner,619.0,7.430723843860495,-0.6637719880823342,hanlone01,Ned Hanlon,1040.0,0.8671392778785055,maulal01,Al Maul,188.0,-3.489085488455941,619.0,-18.91872340425532,1.5309112659608397,18.91872340425532,Pittsburgh Burghers,60,68,849.0,931.0
1890,CHP,PL,OF,duffyhu01,Hugh Duffy,657.0,34.61441933023643,0.11556777831672504,ryanji01,Jimmy Ryan,1032.0,0.6057262737429236,darlide01,Dell Darling,253.0,-1.2232905775497507,657.0,-37.791106719367605,0.4901584954261986,37.791106719367605,Chicago Pirates,75,62,886.0,770.0
1890,TL2,AA,OF,swarted01,Ed Swartwood,559.0,48.32438063609037,0.3227224245134945,tebeage01,George Tebeau,810.0,0.9942748616245933,welchtu01,Tub Welch,120.0,2.2485969165131356,559.0,-37.84966666666668,0.6715524371110988,37.84966666666668,Toledo Maumees,68,64,739.0,689.0
1891,WS9,AA,3B,alvorbi01,Billy Alvord,323.0,-20.7426419173797,0.6038776002069164,hatfigi01,Gil Hatfield,214.0,1.275933340626924,sutclsy01,Elmer Sutcliffe,220.0,12.30228723893643,323.0,38.80463636363636,0.6720557404200076,0.0,Washington Statesmen,44,91,691.0,1067.0
1891,CN3,AA,OF,johnsdi01,Dick Johnston,419.0,-12.443643849480175,0.4699210280776107,andreed01,Ed Andrews,746.0,1.343863691280593,kellyki01,King Kelly,336.0,17.511493237648363,419.0,34.28089285714287,0.8739426632029823,0.0,Cincinnati Kelly's Killers,43,57,549.0,643.0
1891,CHN,NL,OF,carrocl01,Cliff Carroll,580.0,8.787326173502455,-0.45037498024810074,wilmowa01,Walt Wilmot,1028.0,0.5237496449449295,schripo01,Pop Schriver,102.0,6.4835987408573255,580.0,28.08019607843136,0.9741246251930302,0.0,Chicago Colts,82,53,832.0,730.0
1891,PIT,NL,C,mackco01,Connie Mack,308.0,-15.158937135450424,-0.1371812457503738,milledo01,George Miller,349.0,0.3321317555768968,brownpe01,Pete Browning,231.0,9.32579714841218,308.0,27.59333333333333,0.4693130013272706,0.0,Pittsburgh Pirates,55,80,679.0,744.0
1891,CL4,NL,OF,mcaleji01,Jimmy McAleer,619.0,-6.332474307934456,0.7227525920858471,davisge01,George Davis,994.0,1.3109659612946791,doyleja01,Jack Doyle,279.0,7.0121965558744614,619.0,21.89000000000002,0.588213369208832,0.0,Cleveland Spiders,65,74,835.0,888.0
1891,BRO,NL,C,kinslto01,Tom Kinslow,237.0,-13.843402925655033,-0.3293753918442274,dailyco01,Con Daily,461.0,0.39437974764541117,carutbo01,Bob Caruthers,196.0,5.176130913804274,237.0,20.102295918367343,0.7237551394896387,0.0,Brooklyn Grooms,61,76,765.0,820.0
1891,BS2,AA,OF,brownto01,Tom Brown,663.0,53.470892906431146,-0.22740033435258455,farredu01,Duke Farrell,212.0,0.658737143667472,joycebi01,Bill Joyce,311.0,34.04123332413285,663.0,19.09932475884241,0.8861374780200566,0.0,Boston Reds,93,42,1028.0,675.0
1891,LS2,AA,3B,beardol01,Ollie Beard,291.0,-6.138974606679547,-0.20334277700826045,kuehnbi01,Bill Kuehne,343.0,0.03138352816976936,clinemo01,Monk Cline,86.0,3.8188941024933274,291.0,19.0610465116279,0.2347263051780298,0.0,Louisville Colonels,54,83,698.0,873.0
1891,CL6,AA,3B,kuehnbi01,Bill Kuehne,271.0,-16.029182537491952,-0.17696710425777326,orourti01,Tim O'Rourke,296.0,-0.15906351129146915,twitcla01,Larry Twitchell,246.0,2.080557548992541,271.0,18.321178861788614,0.017903592966304116,0.0,Columbus Solons,61,76,702.0,777.0
1891,PHI,NL,3B,shindbi01,Billy Shindle,454.0,-22.39947227108601,0.03461507709018338,mayered01,Ed Mayer,270.0,0.5563776625067457,gleaski01,Kid Gleason,236.0,-5.238536246643832,454.0,12.321949152542366,0.5217625854165623,0.0,Philadelphia Phillies,68,69,756.0,773.0
1891,BL3,AA,2B,wisesa01,Sam Wise,459.0,5.016772012144626,-0.4815938632759613,welchcu01,Curt Welch,188.0,1.1000949403301044,mcgrajo01,John McGraw,131.0,2.109361946821234,459.0,2.3740458015267216,1.5816888036060657,0.0,Baltimore Orioles,71,64,850.0,798.0
1891,CIN,NL,OF,hollibu01,Bug Holliday,482.0,28.954260716600313,0.47758245370137514,slattmi01,Mike Slattery,368.0,1.0894883064509158,brownpe01,Pete Browning,242.0,14.042263679288954,482.0,-0.9857851239669411,0.6119058527495407,0.9857851239669411,Cincinnati Reds,56,81,646.0,790.0
1891,PH4,AA,1B,larkihe01,Henry Larkin,607.0,20.542310700156428,-0.739213592021867,millijo01,John Milligan,277.0,0.6970603187503933,mctamji01,Jim McTamany,266.0,2.5407654798049464,607.0,-14.74439849624063,1.4362739107722602,14.74439849624063,Philadelphia Athletics,73,66,817.0,794.0
1891,BSN,NL,OF,stoveha01,Harry Stovey,625.0,45.41832561799831,0.04560831794351124,brodist01,Steve Brodie,1159.0,1.1610530766162983,bennech01,Charlie Bennett,301.0,-1.114870382372,625.0,-47.73325581395346,1.1154447586727871,47.73325581395346,Boston Beaneaters,87,51,847.0,658.0
1892,NY1,NL,C,boyleja01,Jack Boyle,476.0,-27.372815407491323,-0.9305249401245247,ewingbu01,Buck Ewing,264.0,-0.4764137053908777,gorege01,George Gore,245.0,13.553992069673587,476.0,53.70628571428573,0.454111234733647,0.0,New York Giants,71,80,811.0,826.0
1892,BSN,NL,C,kellyki01,King Kelly,320.0,-9.457438929405933,0.18951664392514642,bennech01,Charlie Bennett,294.0,0.43174737470083474,stiveja01,Jack Stivetts,268.0,11.11101989662253,320.0,22.724328358208954,0.24223073077568832,0.0,Boston Beaneaters,102,48,862.0,649.0
1892,BLN,NL,C,robinwi01,Wilbert Robinson,347.0,-2.838754089074567,-0.5761563291054062,gunsojo01,Joe Gunson,567.0,-0.2150031015011501,wardpi01,Piggy Ward,221.0,12.46404998937902,347.0,22.409004524886875,0.36115322760425606,0.0,Baltimore Orioles,46,101,779.0,1020.0
1892,CIN,NL,C,murphmo01,Morgan Murphy,260.0,-9.662294130142323,0.043917803661505404,harrije01,Jerry Harrington,151.0,0.9028564103300193,brownpe01,Pete Browning,347.0,15.631245910925433,260.0,21.37446685878962,0.8589386066685138,0.0,Cincinnati Reds,82,68,766.0,731.0
1892,SLN,NL,3B,pinknge01,George Pinkney,328.0,-20.034124902641082,-0.44398670101565596,crookja01,Jack Crooks,247.0,0.2623343114117681,gorege01,George Gore,91.0,-0.2248029455498124,328.0,19.223846153846154,0.7063210124274241,0.0,St. Louis Browns,56,94,703.0,922.0
1892,CL4,NL,SS,mckeaed01,Ed McKean,581.0,-0.1368188062026452,-1.2216909383437302,davisge01,George Davis,175.0,-0.5297024818694558,doyleja01,Jack Doyle,94.0,2.7639398144870055,581.0,17.22031914893616,0.6919884564742744,0.0,Cleveland Spiders,93,56,855.0,613.0
1892,LS3,NL,C,grimjo01,John Grim,389.0,-8.326355448559088,-0.28100574221303176,merribi01,Bill Merritt,393.0,-0.27207747725986503,sandebe01,Ben Sanders,215.0,4.566564469305386,389.0,16.588651162790693,0.008928264953166731,0.0,Louisville Colonels,63,89,649.0,804.0
1892,CHN,NL,3B,parroji01,Jiggs Parrott,342.0,-22.203325355802594,0.27671412894367486,dahlebi01,Bill Dahlen,630.0,1.6448255482007026,gumbead01,Ad Gumbert,193.0,-5.267549104297955,342.0,12.869119170984458,1.3681114192570276,0.0,Chicago Colts,70,76,635.0,735.0
1892,WAS,NL,2B,dowdto01,Tommy Dowd,619.0,-10.686077179069596,-1.196784667836016,richada01,Danny Richardson,467.0,1.569709766297847,killefr01,Frank Killen,216.0,-1.4905212773490093,619.0,6.414629629629611,2.766494434133863,0.0,Washington Senators,58,93,731.0,869.0
1892,BRO,NL,C,kinslto01,Tom Kinslow,260.0,9.217705869857673,0.19986976463824666,dalyto01,Tom Daly,210.0,0.5849040748434633,collihu01,Hub Collins,101.0,4.854339587906251,260.0,3.2786138613861424,0.3850343102052166,0.0,Brooklyn Grooms,95,59,935.0,733.0
1892,PHI,NL,3B,reillch02,Charlie Reilly,351.0,-20.76709707569213,0.94679339277032,crossla01,Lave Cross,544.0,1.0474299008911516,carseki01,Kid Carsey,140.0,-12.602004531615096,351.0,-10.82792857142857,0.10063650812083158,10.82792857142857,Philadelphia Phillies,87,66,860.0,690.0
1892,PIT,NL,SS,shugafr01,Frank Shugart,605.0,6.823123274091911,0.3660489310625559,milledo01,George Miller,163.0,0.4850348299123929,kellejo01,Joe Kelley,222.0,-1.603035757275366,605.0,-11.191756756756758,0.11898589884983696,11.191756756756758,Pittsburgh Pirates,80,73,802.0,796.0
1893,BRO,NL,C,kinslto01,Tom Kinslow,324.0,-18.893123743718597,-0.22081218096851843,dailyco01,Con Daily,446.0,0.14856498779089697,broutda01,Dan Brouthers,340.0,24.529808417085412,324.0,42.268588235294104,0.3693771687594154,0.0,Brooklyn Grooms,65,63,775.0,845.0
1893,BLN,NL,1B,tayloha01,Harry Taylor,395.0,-6.906987280150757,-0.5009548126172505,millijo01,John Milligan,182.0,0.25284506282332314,brodist01,Steve Brodie,112.0,7.780525125628142,395.0,34.347232142857145,0.7537998754405737,0.0,Baltimore Orioles,60,70,820.0,893.0
1893,CIN,NL,1B,comisch01,Charlie Comiskey,272.0,-20.88015326633166,-0.02679037484011531,vaughfa01,Farmer Vaughn,182.0,0.5839065180700105,wardpi01,Piggy Ward,193.0,8.797244189698498,272.0,33.278341968911924,0.6106968929101257,0.0,Cincinnati Reds,65,63,759.0,814.0
1893,SLN,NL,OF,dowdto01,Tommy Dowd,632.0,-5.349179648241204,0.03919961562825297,brodist01,Steve Brodie,974.0,1.2503495288262236,frankch01,Charlie Frank,184.0,6.308719849246227,632.0,27.018260869565204,1.2111499131979706,0.0,St. Louis Browns,57,75,745.0,829.0
1893,WAS,NL,OF,hoydu01,Billy Hoy,643.0,-16.496538787688444,0.04121281419265255,abbeych01,Charlie Abbey,276.0,0.608847468091225,maulal01,Al Maul,168.0,2.6657876884422107,643.0,26.69952380952381,0.5676346538985725,0.0,Washington Senators,40,89,722.0,1032.0
1893,PIT,NL,C,milledo01,George Miller,176.0,-12.917746231155778,-0.4657687240685306,mackco01,Connie Mack,319.0,0.6051238681404579,stenzja01,Jake Stenzel,248.0,16.74044849246232,176.0,24.79806451612904,1.0708925922089885,0.0,Pittsburgh Pirates,81,48,970.0,766.0
1893,CHN,NL,OF,dungasa01,Sam Dungan,503.0,-2.8746951947236106,-0.37776972628474337,langebi01,Bill Lange,349.0,1.2353822229819342,cample01,Lew Camp,176.0,6.572253768844224,503.0,21.657897727272726,1.6131519492666775,0.0,Chicago Colts,56,71,829.0,874.0
1893,LS3,NL,SS,orourti01,Tim O'Rourke,437.0,8.479459641959812,-1.0972103052198294,dennyje01,Jerry Denny,360.0,0.5673393275552548,brownpe01,Pete Browning,266.0,16.707497173366836,437.0,18.968571428571416,1.6645496327750844,0.0,Louisville Colonels,50,75,759.0,942.0
1893,PHI,NL,3B,reillch02,Charlie Reilly,458.0,-13.877316896984922,0.27061650477886157,crossla01,Lave Cross,286.0,1.6005012627987791,turnetu01,Tuck Turner,165.0,1.3696129082914545,458.0,17.67903030303029,1.3298847580199176,0.0,Philadelphia Phillies,72,57,1011.0,841.0
1893,BSN,NL,C,bennech01,Charlie Bennett,233.0,-5.020425408291455,0.2733370018096654,ganzech01,Charlie Ganzel,337.0,0.8147789047718144,merribi01,Bill Merritt,154.0,7.126972047738693,233.0,15.803441558441556,0.5414419029621489,0.0,Boston Beaneaters,86,43,1008.0,795.0
1893,CL4,NL,1B,virtuja01,Jake Virtue,433.0,-2.158773398241207,-0.5894280982458837,tebeapa01,Patsy Tebeau,484.0,0.1963458311726541,zimmech01,Charles Zimmer,244.0,3.472215452261306,433.0,8.320532786885245,0.7857739294185379,0.0,Cleveland Spiders,73,55,976.0,839.0
1893,NY1,NL,OF,burkeed01,Eddie Burke,613.0,14.201713410804032,-0.016955188587777413,lyonsha01,Harry Lyons,449.0,0.39633307633961745,doyleja01,Jack Doyle,350.0,12.020391017587938,613.0,6.851142857142844,0.41328826492739484,0.0,New York Giants,68,64,941.0,845.0
1894,CHN,NL,3B,irwinch01,Charlie Irwin,581.0,2.5062726784755824,-1.0304893195335225,dahlebi01,Bill Dahlen,496.0,0.8843410429469216,stratsc01,Scott Stratton,107.0,6.3083324898397395,581.0,31.747383177570107,1.9148303624804441,0.0,Chicago Colts,57,75,1056.0,1080.0
1894,PIT,NL,OF,donovpa01,Patsy Donovan,644.0,-14.04545679012346,0.2374949993385832,stenzja01,Jake Stenzel,1136.0,0.6901244048107729,scheifr01,Frank Scheibeck,116.0,3.0737997086113014,644.0,31.110344827586204,0.45262940547218966,0.0,Pittsburgh Pirates,65,65,965.0,981.0
1894,BSN,NL,SS,longhe01,Herman Long,522.0,8.937098688750858,-0.10998957909233428,connafr01,Frank Connaughton,260.0,-0.07134632759423028,tennefr02,Fred Tenney,100.0,7.517413541906295,522.0,30.303800000000003,0.038643251498104006,0.0,Boston Beaneaters,83,49,1220.0,1002.0
1894,CIN,NL,1B,comisch01,Charlie Comiskey,241.0,-18.356933364005833,-0.7198219872150028,motzfr01,Frank Motz,162.0,2.499807565720172,chambel01,Ice Box Chamberlain,80.0,0.5519308335250361,241.0,20.019625000000005,3.219629552935175,0.0,Cincinnati Reds,55,75,936.0,1108.0
1894,PHI,NL,SS,sullijo01,Joe Sullivan,346.0,5.776850854995796,-0.8647344138964127,allenbo01,Bob Allen,347.0,0.1256045036384737,clemeja01,Jack Clements,208.0,9.653020167165094,346.0,10.280576923076909,0.9903389175348865,0.0,Philadelphia Phillies,71,57,1179.0,995.0
1894,NY1,NL,SS,fullesh01,Shorty Fuller,431.0,-9.194847634383862,-0.6930837064067468,murphya01,Yale Murphy,415.0,-0.5234515351271607,wilsopa01,Parke Wilson,200.0,-0.32517291618740884,431.0,8.494099999999996,0.16963217127958607,0.0,New York Giants,88,44,962.0,801.0
1894,BRO,NL,1B,foutzda01,Dave Foutz,320.0,-9.272276665899852,-0.31476960069252663,lachaca01,George LaChance,481.0,0.16823191636917878,shochge01,George Shoch,282.0,-0.8586938118242404,320.0,8.297872340425537,0.4830015170617054,0.0,Brooklyn Grooms,70,61,1024.0,1020.0
1894,SLN,NL,C,peitzhe01,Heinie Peitz,389.0,-9.350361321984511,0.42144468356500675,buckldi01,Dick Buckley,204.0,0.9980516169613507,twinear01,Art Twineham,143.0,-2.349798635074002,389.0,2.958251748251737,0.576606933396344,0.0,St. Louis Browns,56,76,771.0,953.0
1894,CL4,NL,OF,burkeje01,Jesse Burkett,618.0,29.44541568898091,-0.12971252339671582,mcaleji01,Jimmy McAleer,544.0,1.5699649883923992,tebeage01,George Tebeau,179.0,2.2220702400122665,618.0,-21.773687150837997,1.699677511789115,21.773687150837997,Cleveland Spiders,68,61,932.0,896.0
1894,WAS,NL,3B,joycebi01,Bill Joyce,459.0,46.878828157349886,0.17389456091535443,hassabi01,Bill Hassamaer,293.0,1.2105336050699864,scheifr01,Frank Scheibeck,244.0,-8.325110957748638,459.0,-62.53959016393441,1.036639044154632,62.53959016393441,Washington Senators,45,87,882.0,1122.0
1895,PHI,NL,SS,sullijo01,Joe Sullivan,418.0,3.261951300080222,-0.6250238261068201,reillch02,Charlie Reilly,259.0,-0.39660324945234376,turnetu01,Tuck Turner,239.0,16.884680288801842,418.0,26.26857740585773,0.2284205766544763,0.0,Philadelphia Phillies,78,53,1068.0,957.0
1895,LS3,NL,C,warnejo01,Jack Warner,253.0,-10.875924213109343,-0.36918982853457755,spiesha01,Harry Spies,231.0,-0.24424710678042405,holmedu01,Ducky Holmes,179.0,10.557271011278372,253.0,25.79765363128492,0.1249427217541535,0.0,Louisville Colonels,35,96,698.0,1090.0
1895,SLN,NL,3B,milledo01,George Miller,526.0,-12.642712000377525,-1.132229647241029,lyonsde01,Denny Lyons,292.0,0.014419282328378219,sheehbi01,Timothy Sheehan,207.0,3.3560620074559955,526.0,21.17067632850242,1.1466489295694071,0.0,St. Louis Browns,39,92,752.0,1036.0
1895,PIT,NL,3B,clingbi01,Billy Clingman,439.0,-15.173955452786565,0.5198199240683044,geninfr01,Frank Genins,150.0,0.8546154525191474,hawlepi01,Pink Hawley,193.0,0.7266665093671874,439.0,16.826839378238354,0.33479552845084304,0.0,Pittsburgh Pirates,71,61,815.0,799.0
1895,CIN,NL,3B,lathaar01,Arlie Latham,514.0,4.977806144117796,-0.5238049602830664,greybi01,Bill Gray,252.0,0.6604301290887903,parroto01,Tom Parrott,218.0,8.58058704166864,514.0,15.253486238532114,1.1842350893718567,0.0,Cincinnati Reds,66,64,903.0,854.0
1895,WAS,NL,SS,scheifr01,Frank Scheibeck,194.0,-17.748376669340757,0.09760423728864256,glassja01,Jack Glasscock,218.0,0.47041638993888135,brownto01,Tom Brown,153.0,-2.081606342315128,194.0,15.108954248366022,0.3728121526502388,0.0,Washington Senators,43,85,840.0,1052.0
1895,CHN,NL,C,donahti01,Tim Donahue,245.0,-6.995578783445797,-0.7270072695343909,kittrma01,Malachi Kittridge,477.0,0.34361600277097376,trubyha01,Harry Truby,135.0,0.9391708744278215,245.0,8.699999999999992,1.0706232723053646,0.0,Chicago Colts,72,58,866.0,854.0
1895,NY1,NL,C,farredu01,Duke Farrell,357.0,1.4895852012647044,-0.013171481483029227,schripo01,Pop Schriver,151.0,0.054642115270500634,burnsoy01,Thomas Burns,130.0,3.4343867679675286,357.0,7.941769230769202,0.06781359675352985,0.0,New York Giants,66,65,852.0,834.0
1895,CL4,NL,1B,tebeapa01,Patsy Tebeau,282.0,-0.7321763956396659,1.3035831013590573,oconnja01,Jack O'Connor,353.0,1.6283025062110494,cuppyni01,George Cuppy,165.0,-0.002124486810440196,282.0,0.728545454545459,0.32471940485199213,0.0,Cleveland Spiders,84,46,921.0,725.0
1895,BLN,NL,2B,gleaski01,Kid Gleason,465.0,0.1749219008069467,-1.503619622624605,reitzhe01,Henry Reitz,402.0,-0.23675465226957815,clarkbo02,William Clarke,267.0,-3.836528715020524,465.0,-6.856516853932578,1.266864970355027,6.856516853932578,Baltimore Orioles,87,43,1009.0,646.0
1896,NY1,NL,C,wilsopa01,Parke Wilson,277.0,-21.118670898280577,-0.7621579187456718,farredu01,Duke Farrell,273.0,-0.057884480543891136,joycebi01,Bill Joyce,211.0,22.29335899084043,277.0,50.38530805687204,0.7042734382017807,0.0,New York Giants,64,67,829.0,821.0
1896,PHI,NL,OF,thompsa01,Sam Thompson,554.0,3.212658203438849,0.7353989567607632,delahed01,Ed Delahanty,879.0,1.3233765495961278,clemeja01,Jack Clements,212.0,13.514085810702234,554.0,32.10245283018868,0.5879775928353647,0.0,Philadelphia Phillies,62,68,890.0,891.0
1896,LS3,NL,1B,rogerji01,Jim Rogers,307.0,-13.406866302426483,-1.398844744881438,hassabi01,Bill Hassamaer,254.0,-0.6193425671865508,obriejo02,John O'Brien,201.0,3.6660907922223913,307.0,19.006318407960183,0.7795021776948873,0.0,Louisville Colonels,38,93,653.0,997.0
1896,BSN,NL,C,bergema01,Marty Bergen,263.0,-7.548846376345815,-0.6340958522945785,ganzech01,Charlie Ganzel,333.0,1.522610427600178,stiveja01,Jack Stivetts,239.0,7.333709946970906,263.0,15.618995815899574,2.1567062798947565,0.0,Boston Beaneaters,74,57,865.0,761.0
1896,BLN,NL,C,robinwi01,Wilbert Robinson,264.0,7.341880443515983,-0.25411447918239977,clarkbo02,William Clarke,546.0,-0.030869058781699005,mcgrajo01,John McGraw,90.0,4.86541378756227,264.0,6.930000000000008,0.22324542040070075,0.0,Baltimore Orioles,90,39,995.0,662.0
1896,CIN,NL,1B,ewingbu01,Buck Ewing,296.0,3.6651386790936833,-0.06358911865412036,vaughfa01,Farmer Vaughn,475.0,0.5509440475605143,peitzhe01,Heinie Peitz,247.0,5.359524505865335,296.0,2.757611336032386,0.6145331662146346,0.0,Cincinnati Reds,77,50,783.0,620.0
1896,SLN,NL,2B,dowdto01,Tommy Dowd,576.0,-8.491351759601486,-0.7100865380167876,quinnjo02,Joe Quinn,412.0,0.4749565410170293,cooledu01,Duff Cooley,178.0,-1.8706260645990715,576.0,2.4380898876404453,1.185043079033817,0.0,St. Louis Browns,40,90,593.0,929.0
1896,CL4,NL,C,zimmech01,Charles Zimmer,381.0,-3.963081632653063,0.832793315329719,oconnja01,Jack O'Connor,304.0,0.9016670181157359,cuppyni01,George Cuppy,166.0,-1.8993479029407059,381.0,-0.39626506024096664,0.0688737027860169,0.39626506024096664,Cleveland Spiders,80,48,840.0,650.0
1896,PIT,NL,OF,donovpa01,Patsy Donovan,624.0,7.113535593765061,-0.004853293341739784,smithel01,Elmer Smith,1081.0,0.8949967626225923,becklja01,Jake Beckley,258.0,-1.9824804756548282,624.0,-11.90837209302325,0.8998500559643321,11.90837209302325,Pittsburgh Pirates,66,63,787.0,741.0
1896,BRO,NL,2B,dalyto01,Tom Daly,261.0,8.849699983930583,-0.723344216025134,shochge01,George Shoch,492.0,-0.3764889795364841,burrebu01,Frank Burrell,225.0,-3.026465531094318,261.0,-12.360399999999991,0.3468552364886499,12.360399999999991,Brooklyn Bridegrooms,58,73,692.0,764.0
1896,CHN,NL,OF,ryanji01,Jimmy Ryan,549.0,7.689024104129846,-0.7206210160637767,langebi01,Bill Lange,1066.0,0.94950499821671,flynnge01,George Flynn,122.0,-2.3913279768600355,549.0,-18.450000000000006,1.6701260142804868,18.450000000000006,Chicago Colts,71,57,815.0,804.0
1897,BSN,NL,C,bergema01,Marty Bergen,351.0,-17.686508724238216,0.3482353454383958,ganzech01,Charlie Ganzel,230.0,0.6507495881161814,stiveja01,Jack Stivetts,217.0,13.086204008092045,351.0,38.85359447004608,0.30251424267778565,0.0,Boston Beaneaters,93,39,1025.0,665.0
1897,CHN,NL,1B,ansonca01,Cap Anson,497.0,0.7009833733721074,-0.6039199821202381,deckege01,George Decker,335.0,0.996007627655936,dahlebi01,Bill Dahlen,339.0,14.903286445821216,497.0,21.148377581120943,1.599927609776174,0.0,Chicago Colts,59,73,832.0,894.0
1897,CIN,NL,SS,ritchcl01,Claude Ritchey,397.0,-2.85072354279934,-0.7456327417975448,corcoto01,Tommy Corcoran,558.0,-0.04549063664354479,hollibu01,Bug Holliday,225.0,6.556340561385765,397.0,14.419022222222223,0.700142105154,0.0,Cincinnati Reds,76,56,763.0,705.0
1897,PHI,NL,SS,gillesa01,Sam Gillen,319.0,-7.637054937413071,-1.1441078081031308,nashbi01,Billy Nash,163.0,-0.8910007352991365,orthal01,Al Orth,157.0,1.255179858389174,319.0,10.18738853503184,0.25310707280399436,0.0,Philadelphia Phillies,55,77,752.0,792.0
1897,SLN,NL,OF,turnetu01,Tuck Turner,461.0,-0.8396311164496151,-0.38819828130147727,housejo01,John Houseman,258.0,0.43551852341891906,mcfared01,Ed McFarland,120.0,1.912048299405738,461.0,8.185083333333326,0.8237168047203963,0.0,St. Louis Browns,29,102,592.0,1088.0
1897,BLN,NL,C,clarkbo02,William Clarke,259.0,-9.908079087115944,-0.46787147202801127,robinwi01,Wilbert Robinson,409.0,-0.08146588711841762,bowerfr01,Frank Bowerman,134.0,-2.5927127323302566,259.0,4.89679104477612,0.38640558490959365,0.0,Baltimore Orioles,90,40,964.0,674.0
1897,WAS,NL,C,mcguide01,Deacon McGuire,351.0,11.96349127576179,0.01951864681223583,farredu01,Duke Farrell,522.0,0.4601775758649615,gettmja01,Jake Gettman,154.0,4.137628650904031,351.0,-2.5329220779220805,0.4406589290527257,2.5329220779220805,Washington Senators,61,71,781.0,793.0
1897,PIT,NL,3B,hoffmje01,Jesse Hoffmeister,197.0,3.4158626248577555,-1.9169043718854248,donneji01,Jim Donnelly,359.0,0.393696447002431,rothfja01,Jack Rothfuss,123.0,0.10959950689088238,197.0,-3.2403252032520338,2.3106008188878557,3.2403252032520338,Pittsburgh Pirates,60,71,676.0,835.0
1897,BRO,NL,OF,jonesfi01,Fielder Jones,631.0,13.978270641041846,-0.1644109314792838,griffmi01,Mike Griffin,1152.0,1.3064053179967625,shochge01,George Shoch,350.0,-0.6890257933999244,631.0,-15.22048571428571,1.4708162494760464,15.22048571428571,Brooklyn Bridegrooms,61,71,802.0,845.0
1897,CL4,NL,OF,burkeje01,Jesse Burkett,610.0,44.41541218864583,0.0692089511543674,blakeha01,Harry Blake,286.0,1.7491256873617054,sockach01,Chief Sockalexis,303.0,10.522671955999488,610.0,-23.23115511551155,1.679916736207338,23.23115511551155,Cleveland Spiders,69,62,773.0,680.0
1897,LS3,NL,OF,clarkfr01,Fred Clarke,599.0,57.47772442786699,0.27048843874667006,pickeol01,Ollie Pickering,532.0,0.6017201829539489,wagneho01,Honus Wagner,263.0,9.791989189530911,599.0,-35.17581749049431,0.33123174420727886,35.17581749049431,Louisville Colonels,52,78,675.0,869.0
1898,WAS,NL,OF,gettmja01,Jake Gettman,612.0,-1.595390772397229,-0.2383206704974285,selbaki01,Kip Selbach,1139.0,1.033606535700803,freembu01,Buck Freeman,119.0,9.940618460922757,612.0,52.71857142857141,1.2719272061982316,0.0,Washington Senators,51,101,704.0,939.0
1898,BRO,NL,1B,lachaca01,George LaChance,576.0,-7.646838374020926,1.1386465996753774,tucketo01,Tommy Tucker,639.0,1.4016905413629908,dalyto01,Tom Daly,88.0,6.220205248413467,576.0,48.360909090909075,0.26304394168761336,0.0,Brooklyn Bridegrooms,54,91,638.0,811.0
1898,LS3,NL,SS,ritchcl01,Claude Ritchey,637.0,-8.46021882682522,0.05396042923007119,clingbi01,Billy Clingman,657.0,0.17264905759978585,nancedo01,William Nance,91.0,4.92282588188211,637.0,42.91999999999999,0.11868862836971467,0.0,Louisville Colonels,70,81,728.0,833.0
1898,PIT,NL,C,schripo01,Pop Schriver,351.0,-13.853385884169,0.08040900940653278,bowerfr01,Frank Bowerman,518.0,0.08107156996832916,mccreto01,Tom McCreery,221.0,10.629719998856551,351.0,30.73588235294117,0.0006625605617963798,0.0,Pittsburgh Pirates,72,76,634.0,694.0
1898,SLN,NL,OF,harledi01,Dick Harley,611.0,-17.549597650220118,0.3774850946878667,stenzja01,Jake Stenzel,924.0,0.7957086482573364,crookja01,Jack Crooks,281.0,-1.57786733177062,611.0,14.118718861209981,0.4182235535694698,0.0,St. Louis Browns,39,111,571.0,929.0
1898,NY1,NL,OF,vanhage01,George Van Haltren,722.0,27.64736578811959,-0.2255916179451713,fostepo01,Clarence Foster,159.0,-0.09413130833837063,gradymi01,Mike Grady,340.0,19.43033845977932,722.0,13.613529411764732,0.13146030960680066,0.0,New York Giants,77,73,837.0,800.0
1898,PHI,NL,3B,laudebi01,Billy Lauder,393.0,-6.116697015608023,-0.8374477613293563,nashbi01,Billy Nash,174.0,0.7420039047424712,orthal01,Al Orth,133.0,0.8595147504430807,393.0,8.656466165413516,1.5794516660718276,0.0,Philadelphia Phillies,78,71,823.0,784.0
1898,BSN,NL,C,bergema01,Marty Bergen,469.0,-6.94697430106911,-0.14589558020442536,yeagege01,George Yeager,323.0,-0.12422460117177248,stiveja01,Jack Stivetts,125.0,-2.024140272139958,469.0,-0.6476000000000134,0.021670979032652887,0.6476000000000134,Boston Beaneaters,102,47,872.0,614.0
1898,CL4,NL,2B,childcu01,Cupid Childs,500.0,11.623438911440166,0.3365968755080105,tebeapa01,Patsy Tebeau,262.0,0.8952307711659379,crigelo01,Lou Criger,338.0,6.581924704133554,500.0,-1.8868639053254421,0.5586338956579273,1.8868639053254421,Cleveland Spiders,81,68,730.0,683.0
1898,CIN,NL,C,peitzhe01,Heinie Peitz,374.0,3.1533723057572547,0.6197025479943253,vaughfa01,Farmer Vaughn,291.0,0.6808301205748019,woodbo01,Bob Wood,120.0,-1.31517466125436,374.0,-7.252333333333344,0.06112757258047652,7.252333333333344,Cincinnati Reds,92,60,831.0,740.0
1898,CHN,NL,OF,ryanji01,Jimmy Ryan,657.0,39.633918729632384,-0.3187427576945941,langebi01,Bill Lange,975.0,1.2533588977694734,mertesa01,Sam Mertes,316.0,14.249373392030186,657.0,-10.007848101265825,1.5721016554640674,10.007848101265825,Chicago Orphans,85,65,828.0,679.0
1898,BLN,NL,OF,keelewi01,Willie Keeler,604.0,32.93095420501972,0.06758792348258691,kellejo01,Joe Kelley,1004.0,0.7468606451419716,kitsofr01,Frank Kitson,92.0,1.95703275970499,604.0,-20.082608695652176,0.6792727216593847,20.082608695652176,Baltimore Orioles,96,53,933.0,623.0
1899,CL4,NL,3B,sullisu01,Suter Sullivan,514.0,-21.68766053473491,0.8609877158961485,crossla01,Lave Cross,317.0,1.4072697110821488,zimmech01,Charles Zimmer,81.0,4.346146880712978,514.0,49.26691358024689,0.5462819951860003,0.0,Cleveland Spiders,20,134,529.0,1252.0
1899,PHI,NL,1B,cooledu01,Duff Cooley,445.0,-3.8128967664533864,-0.7918339862665734,goeckbi01,Billy Goeckel,318.0,-0.004544449944711656,lajoina01,Nap Lajoie,337.0,28.27890739259597,445.0,41.15448071216617,0.7872895363218617,0.0,Philadelphia Phillies,94,58,916.0,743.0
1899,CIN,NL,OF,selbaki01,Kip Selbach,621.0,21.737126085466173,0.8741124339465047,crawfsa01,Sam Crawford,237.0,0.8999788777305731,barreji01,Jimmy Barrett,114.0,9.758651165447901,621.0,31.421842105263188,0.025866443784068327,0.0,Cincinnati Reds,83,67,861.0,777.0
1899,SLN,NL,1B,tebeapa01,Patsy Tebeau,305.0,-11.150187671389393,0.19311812147865898,oconnja01,Jack O'Connor,196.0,1.158814702981489,donlimi01,Mike Donlin,287.0,12.688446355118828,305.0,24.634425087108006,0.96569658150283,0.0,St. Louis Perfectos,84,67,819.0,739.0
1899,PIT,NL,2B,obriejo02,John O'Brien,312.0,-16.34632312614259,0.14674128864180336,reitzhe01,Henry Reitz,307.0,1.1214938065778175,clarkwi01,Willie Clark,348.0,7.706408820840957,312.0,23.255517241379312,0.9747525179360141,0.0,Pittsburgh Pirates,76,73,841.0,771.0
1899,CHN,NL,2B,mccorba01,Barry McCormick,415.0,-10.925173388939676,-0.530391917477227,connoji01,Jim Connor,367.0,-0.4964871652057985,bradlbi01,Bill Bradley,144.0,3.9209277879341893,415.0,22.225069444444458,0.03390475227142853,0.0,Chicago Orphans,75,73,812.0,763.0
1899,BLN,NL,OF,sheckji01,Jimmy Sheckard,616.0,23.93007998171847,0.2866805295048514,brodist01,Steve Brodie,1154.0,1.1453622227636115,smithal01,Aleck Smith,130.0,9.01319869744058,616.0,18.778615384615357,0.8586816932587602,0.0,Baltimore Orioles,86,62,827.0,691.0
1899,WAS,NL,OF,freembu01,Buck Freeman,634.0,39.49144595521023,-0.6856815555544071,slaglji01,Jimmy Slagle,1231.0,1.532835781033492,mcganda01,Dan McGann,321.0,17.954359860603294,634.0,-4.030186915887839,2.218517336587899,4.030186915887839,Washington Senators,54,98,743.0,983.0
1899,NY1,NL,OF,vanhage01,George Van Haltren,687.0,10.432134654936002,-0.14816189185021425,woodrpe01,Pete Woodruff,151.0,0.1970098714512335,fostepo01,Clarence Foster,328.0,2.6282244058500934,687.0,-4.927286585365837,0.3451717633014477,4.927286585365837,New York Giants,60,90,741.0,868.0
1899,LS3,NL,OF,hoydu01,Billy Hoy,723.0,17.02486660191955,-0.07333739314959448,clarkfr01,Fred Clarke,1259.0,0.8210429833446675,zimmech01,Charles Zimmer,302.0,4.479584666361971,723.0,-6.300562913907279,0.8943803764942619,6.300562913907279,Louisville Colonels,75,77,833.0,782.0
1900,CHN,NL,OF,mccarja01,Jack McCarthy,540.0,-4.946854087616414,-0.040872219101029214,greenda01,Danny Green,868.0,0.14102340115149858,chancfr01,Frank Chance,187.0,7.796867195584683,540.0,27.461871657754003,0.1818956202525278,0.0,Chicago Orphans,65,75,635.0,751.0
1900,BRO,NL,C,farredu01,Duke Farrell,291.0,-6.850971369437739,-0.042396405082543796,mcguide01,Deacon McGuire,564.0,-0.031610871374423706,sheckji01,Jimmy Sheckard,331.0,22.703706105553636,291.0,26.81102719033232,0.01078553370812009,0.0,Brooklyn Superbas,82,54,816.0,722.0
1900,PIT,NL,OF,beaumgi01,Ginger Beaumont,632.0,-2.906095895136252,-0.04300216924608749,clarkfr01,Fred Clarke,927.0,0.6784376206333986,schripo01,Pop Schriver,105.0,2.267278371852365,632.0,16.552952380952394,0.7214397898794861,0.0,Pittsburgh Pirates,79,60,733.0,612.0
1900,NY1,NL,C,bowerfr01,Frank Bowerman,282.0,-15.257023801310797,-0.04295610781803035,warnejo01,Jack Warner,261.0,0.7780679849700052,mercewi01,Win Mercer,279.0,-0.11237461193514964,282.0,15.143440860215057,0.8210240927880356,0.0,New York Giants,60,78,713.0,823.0
1900,PHI,NL,3B,wolveha01,Harry Wolverton,414.0,-4.9115881338392535,-0.619644683790861,dolanjo02,Joe Dolan,290.0,0.8904835054282622,douglkl01,Klondike Douglass,176.0,3.5605808899620564,414.0,13.287045454545453,1.5101281892191232,0.0,Philadelphia Phillies,75,63,810.0,792.0
1900,BSN,NL,C,clarkbo02,William Clarke,291.0,-2.950971369437741,-0.4260612282674918,sullibi03,Billy Sullivan,508.0,0.05374753599099987,duffyhu01,Hugh Duffy,202.0,4.71362124870645,291.0,9.741386138613864,0.47980876425849167,0.0,Boston Beaneaters,66,72,778.0,739.0
1900,CIN,NL,OF,barreji01,Jimmy Barrett,632.0,24.793904104863735,-0.13564873354967977,crawfsa01,Sam Crawford,953.0,0.47979074101832897,smithel01,Elmer Smith,131.0,4.870318730596758,632.0,-1.2974045801526572,0.6154394745680087,1.2974045801526572,Cincinnati Reds,62,77,703.0,745.0
1900,SLN,NL,OF,burkeje01,Jesse Burkett,643.0,43.910190410486365,0.37865443231497586,heidrem01,Emmet Heidrick,735.0,1.466642248041063,donlimi01,Mike Donlin,297.0,14.629730251810967,643.0,-12.237070707070705,1.0879878157260872,12.237070707070705,St. Louis Cardinals,65,75,744.0,748.0
1901,BLA,AL,OF,seymocy01,Cy Seymour,586.0,4.090465270696484,0.5442809056256004,jacksji01,Jim Jackson,835.0,1.3162779489736451,mcgrajo01,John McGraw,308.0,35.953384476748326,586.0,64.31435064935066,0.7719970433480448,0.0,Baltimore Orioles,68,65,760.0,750.0
1901,CLE,AL,SS,scheifr01,Frank Scheibeck,359.0,-23.8518992624914,-0.48541722299720125,mcguiji01,Jim McGuire,158.0,0.2022510918744819,harveza01,Zaza Harvey,182.0,10.64290900898765,359.0,44.845329670329676,0.6876683148716831,0.0,Cleveland Blues,54,82,666.0,831.0
1901,CHN,NL,3B,raymefr01,Fred Raymer,487.0,-24.250253828403608,-0.7556972754318718,dextech01,Charlie Dexter,240.0,-0.21666156779203344,chancfr01,Frank Chance,283.0,11.903220054541636,487.0,44.73388692579505,0.5390357076398384,0.0,Chicago Orphans,53,86,578.0,699.0
1901,MLA,AL,OF,hallmbi02,Bill Hallman,606.0,-17.058665607436733,-0.621130282344865,duffyhu01,Hugh Duffy,620.0,0.5548242272876586,donahji02,Jiggs Donahue,120.0,5.0252147312006485,606.0,42.43600000000001,1.1759545096325237,0.0,Milwaukee Brewers,48,89,641.0,828.0
1901,CIN,NL,C,bergebi01,Bill Bergen,326.0,-29.351237675687017,0.6558064323230698,peitzhe01,Heinie Peitz,440.0,0.7591491311879563,mcbrial01,Algie McBride,132.0,-3.3057772183763365,326.0,21.1869696969697,0.10334269886488656,0.0,Cincinnati Reds,52,87,561.0,818.0
1901,WS1,AL,2B,farrejo02,John Farrell,614.0,4.341682041309976,-0.7598651559855862,quinnjo02,Joe Quinn,536.0,0.1745891563948977,mercewi01,Win Mercer,167.0,6.489757167587564,614.0,19.518862275449095,0.9344543123804839,0.0,Washington Senators,61,72,682.0,771.0
1901,BSN,NL,2B,demonge01,Gene DeMontreville,619.0,2.223968953220054,0.33677045977946346,lowebo01,Bobby Lowe,171.0,0.6623944024074904,nichoki01,Kid Nichols,175.0,5.409765051395012,619.0,16.911142857142874,0.3256239426280269,0.0,Boston Beaneaters,69,69,531.0,556.0
1901,PHA,AL,SS,dolanjo02,Joe Dolan,375.0,-17.101203964997985,-0.35985040541256996,elybo01,Bones Ely,400.0,0.3034739828613287,mcintma01,Matty McIntyre,349.0,-0.8573338234247885,375.0,16.180000000000003,0.6633243882738986,0.0,Philadelphia Athletics,74,62,805.0,760.0
1901,BOS,AL,OF,dowdto01,Tommy Dowd,642.0,-9.177101188076556,0.32308880929755845,stahlch01,Chick Stahl,1155.0,0.631217094839299,schreos01,Ossee Schrecongost,307.0,3.295841020654988,642.0,16.069381107491875,0.30812828554174054,0.0,Boston Americans,79,57,759.0,608.0
1901,CHA,AL,OF,jonesfi01,Fielder Jones,629.0,24.53483388271004,-0.4029765656053559,hoydu01,Billy Hoy,1173.0,0.6465227753094658,griffcl01,Clark Griffith,115.0,6.757497450733949,629.0,12.42573913043478,1.0494993409148217,0.0,Chicago White Sox,83,53,819.0,631.0
1901,NY1,NL,2B,nelsora01,Ray Nelson,146.0,-9.046996014264737,-1.4760362278180439,stransa01,Sammy Strang,317.0,-0.6936016690435207,mcbrial01,Algie McBride,283.0,-2.456779945458363,146.0,7.779540636042401,0.7824345587745232,0.0,New York Giants,52,85,544.0,755.0
1901,PHI,NL,1B,jennihu01,Hughie Jennings,347.0,4.591934130480384,0.27049398231937444,delahed01,Ed Delahanty,513.0,0.3861559905585823,douglkl01,Klondike Douglass,189.0,5.688546255506605,347.0,5.8521164021163985,0.11566200823920786,0.0,Philadelphia Phillies,83,57,668.0,543.0
1901,BRO,NL,C,mcguide01,Deacon McGuire,326.0,3.7387623243129786,-0.6872080993437679,farredu01,Duke Farrell,497.0,0.3414095561061609,dolanco01,Cozy Dolan,276.0,-4.251170547514153,326.0,-8.760072463768102,1.028617655449929,8.760072463768102,Brooklyn Superbas,79,57,744.0,600.0
1901,PIT,NL,OF,beaumgi01,Ginger Beaumont,616.0,30.466372980910435,0.43237538943920406,clarkfr01,Fred Clarke,1129.0,0.9837475599071966,yeagege01,George Yeager,100.0,-2.460134256345711,616.0,-45.62080000000002,0.5513721704679926,45.62080000000002,Pittsburgh Pirates,90,49,776.0,534.0
1901,SLN,NL,OF,burkeje01,Jesse Burkett,673.0,64.90069645479338,0.23137891524542004,nichoar01,Art Nichols,305.0,0.8017394058282656,childpe01,Pete Childs,95.0,0.8838724564715729,673.0,-58.639157894736876,0.5703604905828457,58.639157894736876,St. Louis Cardinals,76,64,792.0,689.0
1902,CHN,NL,2B,lowebo01,Bobby Lowe,506.0,-13.820407235533654,1.127733920292084,eversjo01,Johnny Evers,153.0,1.2287221300351532,chancfr01,Frank Chance,289.0,19.948186381286106,506.0,48.746989619377146,0.10098820974306921,0.0,Chicago Orphans,68,69,544.0,505.0
1902,SLN,NL,C,ryanja01,Jack Ryan,284.0,-23.277145563026806,-0.0021374107344734558,oneilja01,Jack O'Neill,504.0,0.02782688018263853,oneilmi01,Mike O'Neill,139.0,5.008228051898853,284.0,33.509784172661874,0.029964290917111988,0.0,St. Louis Cardinals,56,78,517.0,695.0
1902,BLA,AL,C,robinwi01,Wilbert Robinson,352.0,0.2179970026405389,-0.8444788784516603,bresnro01,Roger Bresnahan,188.0,-0.2597944644097599,mcgrajo01,John McGraw,84.0,6.710885648357402,352.0,27.903809523809525,0.5846844140419003,0.0,Baltimore Orioles,50,88,715.0,848.0
1902,PIT,NL,C,smithha03,Harry Smith,196.0,-14.570987782933992,0.4770997573449154,zimmech01,Charles Zimmer,362.0,0.8162487267992534,sebriji01,Jimmy Sebring,86.0,5.44170944218202,196.0,26.973023255813946,0.33914896945433803,0.0,Pittsburgh Pirates,103,36,775.0,440.0
1902,DET,AL,1B,dillopo01,Frank Dillon,262.0,-18.06080904917097,-0.3364415387655422,mcallsp01,Sport McAllister,205.0,1.1197160263237906,mullige01,George Mullin,129.0,2.685288674263149,262.0,23.514651162790702,1.4561575650893328,0.0,Detroit Tigers,52,83,566.0,657.0
1902,PHI,NL,C,dooinre01,Red Dooin,355.0,-13.631431953783503,-0.4807780130807006,douglkl01,Klondike Douglass,227.0,-0.1769154235702188,wolveha01,Harry Wolverton,152.0,2.882091107112416,355.0,20.362631578947372,0.30386258951048184,0.0,Philadelphia Phillies,56,81,484.0,649.0
1902,NY1,NL,SS,beanjo01,Joe Bean,196.0,-9.180987782933991,-1.8585299716961314,dunnja01,Jack Dunn,320.0,-0.1987172980786357,brownge01,George Browne,234.0,10.719534993844118,196.0,18.159743589743595,1.6598126736174956,0.0,New York Giants,48,88,405.0,604.0
1902,WS1,AL,SS,elybo01,Bones Ely,417.0,-14.45453195994006,-0.39511488757938423,coughbi01,Bill Coughlin,281.0,0.11196545624711943,drillle01,Lew Drill,258.0,1.2505773485262939,417.0,16.47581395348837,0.5070803438265037,0.0,Washington Senators,61,75,707.0,790.0
1902,BRO,NL,1B,mccreto01,Tom McCreery,470.0,-4.5887972345865995,-0.18148122255200178,farredu01,Duke Farrell,199.0,0.30804182004043146,hearnhu01,Hughie Hearne,257.0,1.8640619376834966,470.0,7.997782101167313,0.48952304259243323,0.0,Brooklyn Superbas,75,63,564.0,519.0
1902,CIN,NL,2B,peitzhe01,Heinie Peitz,428.0,18.96641443318498,-0.643677965102844,magooge01,George Magoon,365.0,-0.15435572088147234,kellejo01,Joe Kelley,172.0,9.413418884364049,428.0,4.457674418604629,0.4893222442213717,0.0,Cincinnati Reds,70,70,633.0,566.0
1902,CHA,AL,C,mcfared01,Ed McFarland,274.0,-10.194968242262767,0.42784802670371125,sullibi03,Billy Sullivan,587.0,0.7255711396097121,callani01,Jimmy Callahan,239.0,-13.402837262411683,274.0,-5.17062761506276,0.29772311290600084,5.17062761506276,Chicago White Sox,74,60,675.0,602.0
1902,BSN,NL,OF,carnepa01,Pat Carney,580.0,10.268505540297372,-1.360263440065683,lushbi01,Billy Lush,1033.0,0.7897108699671731,dextech01,Charlie Dexter,207.0,1.3807424945544056,580.0,-6.399758454106285,2.149974310032856,6.399758454106285,Boston Beaneaters,73,64,572.0,516.0
1902,CLE,AL,OF,flickel01,Elmer Flick,482.0,14.802939077479358,-1.028572685979337,pickeol01,Ollie Pickering,548.0,1.0721697981513474,woodbo01,Bob Wood,295.0,5.077753169826584,482.0,-6.506406779661006,2.1007424841306843,6.506406779661006,Cleveland Bronchos,69,67,686.0,667.0
1902,BOS,AL,OF,freembu01,Buck Freeman,608.0,27.719267550015484,-0.4956207022882443,stahlch01,Chick Stahl,1077.0,0.36809754794276195,hickmch01,Charlie Hickman,115.0,2.940141066203582,608.0,-12.174869565217415,0.8637182502310062,12.174869565217415,Boston Americans,77,60,664.0,600.0
1902,PHA,AL,OF,seyboso01,Socks Seybold,579.0,30.369318933320635,0.0751157367626828,fultzda01,Dave Fultz,1013.0,0.5419927739568569,murphda02,Danny Murphy,313.0,6.841514380188873,579.0,-17.713610223642174,0.46687703719417406,17.713610223642174,Philadelphia Athletics,83,53,775.0,636.0
1902,SLA,AL,OF,burkeje01,Jesse Burkett,636.0,25.74956276613461,0.07426296987187225,heidrem01,Emmet Heidrick,989.0,0.6621592823571482,donahji02,Jiggs Donahue,103.0,-1.9756997407046206,636.0,-37.949029126213624,0.5878963124852759,37.949029126213624,St. Louis Browns,78,58,619.0,607.0
1903,DET,AL,2B,smithhe01,George Smith,375.0,-10.87718854275763,-0.5094550655523007,longhe01,Herman Long,267.0,0.9322709283076303,elberki01,Kid Elberfeld,149.0,10.586423752344302,375.0,37.520872483221474,1.441725993859931,0.0,Detroit Tigers,65,71,567.0,539.0
1903,WS1,AL,OF,selbaki01,Kip Selbach,586.0,3.218686703850752,0.07281001596561085,ryanji01,Jimmy Ryan,993.0,1.5662255828388392,delahed01,Ed Delahanty,171.0,10.107842024502519,586.0,31.419883040935655,1.4934155668732283,0.0,Washington Senators,43,94,437.0,691.0
1903,NYA,AL,C,bevilmo01,Monte Beville,283.0,-13.677664953601097,-0.4400089471679311,oconnja01,Jack O'Connor,522.0,0.4087016136086092,courter01,Ernie Courtney,91.0,3.0517755802908173,283.0,23.16835164835166,0.8487105607765403,0.0,New York Highlanders,72,62,579.0,573.0
1903,BRO,NL,C,rittele01,Lew Ritter,288.0,-7.742197119457781,-0.7195828579088364,jacklfr01,Fred Jacklitsch,432.0,-0.2550299917620807,mccrewa01,Judge McCredie,242.0,7.028848253788944,288.0,16.107107438016524,0.46455286614675567,0.0,Brooklyn Superbas,70,66,667.0,682.0
1903,BSN,NL,SS,aubreha01,Harry Aubrey,357.0,-21.118765179327873,-1.076218224187298,bonnefr01,Frank Bonner,161.0,-0.7361637669023287,stanljo02,Joe Stanley,337.0,-5.692223712698864,357.0,15.088724035608307,0.3400544572849693,0.0,Boston Beaneaters,58,80,578.0,699.0
1903,SLA,AL,C,kahoemi01,Mike Kahoe,262.0,-16.170382395206666,0.10186299981064424,sugdejo01,Joe Sugden,574.0,1.040509116222366,paddedi01,Dick Padden,109.0,-2.32160946976155,262.0,10.590000000000003,0.9386461164117218,0.0,St. Louis Browns,65,74,500.0,525.0
1903,CIN,NL,C,peitzhe01,Heinie Peitz,401.0,-4.627156405911689,-0.30536091727038156,bergebi01,Bill Bergen,492.0,0.4581417878750984,dalyto01,Tom Daly,332.0,3.739411653958389,401.0,9.143734939759021,0.7635027051454799,0.0,Cincinnati Reds,74,65,765.0,656.0
1903,CHA,AL,2B,magooge01,George Magoon,377.0,-7.5497868816523335,-0.6566877421463482,dalyto01,Tom Daly,378.0,-0.3818375691651055,dolanco01,Cozy Dolan,112.0,0.22449302189638853,377.0,8.305446428571427,0.2748501729812427,0.0,Chicago White Sox,60,77,516.0,613.0
1903,PHI,NL,C,rothfr01,Frank Roth,231.0,-3.4715539395650996,-0.9645308871050801,zimmech01,Charles Zimmer,300.0,0.2459476975888005,titusjo01,John Titus,313.0,4.439626047255956,231.0,6.748083067092658,1.2104785846938806,0.0,Philadelphia Phillies,49,86,617.0,738.0
1903,NY1,NL,3B,laudebi01,Billy Lauder,427.0,-8.751660312529413,-0.5037377155414884,dunnja01,Jack Dunn,204.0,-0.005142455345032326,warnejo01,Jack Warner,309.0,-3.0250656594182437,427.0,4.571391585760513,0.49859526019645606,0.0,New York Giants,84,55,729.0,567.0
1903,PIT,NL,C,phelped01,Ed Phelps,304.0,-0.8534302927609898,0.20372873051903007,smithha03,Harry Smith,518.0,0.513820245864112,kruegot01,Otto Krueger,293.0,-2.1738324861150335,304.0,-1.4020136518771336,0.31009151534508195,1.4020136518771336,Pittsburgh Pirates,91,49,793.0,613.0
1903,PHA,AL,C,schreos01,Ossee Schrecongost,321.0,-3.9570333926005365,0.335390905527652,powerdo01,Doc Powers,519.0,0.5362512708722761,hoffmda01,Danny Hoffman,259.0,-4.366484886864599,321.0,-1.4547104247104146,0.2008603653446241,1.4547104247104146,Philadelphia Athletics,75,60,597.0,519.0
1903,CHN,NL,SS,tinkejo01,Joe Tinker,511.0,8.896865527628727,0.17877986312683714,williot01,Otto Williams,216.0,1.3127211854777576,lowebo01,Bobby Lowe,116.0,0.22605949355172827,511.0,-7.901034482758614,1.1339413223509205,7.901034482758614,Chicago Cubs,82,56,695.0,599.0
1903,BOS,AL,OF,freembu01,Buck Freeman,611.0,29.726207467666903,-1.1830793654484488,stahlch01,Chick Stahl,653.0,0.2620990229025007,youngcy01,Cy Young,146.0,5.070321260686358,611.0,-8.507260273972625,1.4451783883509495,8.507260273972625,Boston Americans,91,47,708.0,504.0
1903,CLE,AL,C,abbotfr01,Fred Abbott,276.0,-6.388570767469613,-0.27353341795904346,bemisha01,Harry Bemis,614.0,0.5992604198280127,thoneja01,Jack Thoney,124.0,-7.501097011471856,276.0,-10.307419354838713,0.8727938377870561,10.307419354838713,Cleveland Naps,77,63,639.0,579.0
1903,SLN,NL,OF,smootho01,Homer Smoot,553.0,8.511128447707796,0.09736408951443842,farrejo02,John Farrell,150.0,1.702700037127399,demonle01,Lee DeMontreville,82.0,-0.3288200131789518,553.0,-10.72865853658536,1.6053359476129607,10.72865853658536,St. Louis Cardinals,43,94,505.0,795.0
1904,WS1,AL,OF,donovpa01,Patsy Donovan,479.0,-14.49148328187611,0.29956513146550523,stahlja01,Jake Stahl,229.0,0.7555759522380271,drillle01,Lew Drill,170.0,8.903628062799712,479.0,39.57876470588236,0.45601082077252186,0.0,Washington Senators,38,113,437.0,743.0
1904,DET,AL,2B,lowebo01,Bobby Lowe,540.0,-23.425534388753853,0.45614747524057975,robinra01,Rabbit Robinson,174.0,1.5560332659520317,mullige01,George Mullin,169.0,4.994842015371478,540.0,39.38538461538461,1.0998857907114519,0.0,Detroit Tigers,62,90,505.0,627.0
1904,CIN,NL,3B,steinha01,Harry Steinfeldt,398.0,1.7082070712633568,-0.24930698925373962,woodrsa01,Sam Woodruff,511.0,0.8150055814222557,donlimi01,Mike Donlin,262.0,24.085704152439696,398.0,34.88,1.0643125706759953,0.0,Cincinnati Reds,88,65,695.0,547.0
1904,BRO,NL,C,bergebi01,Bill Bergen,347.0,-28.860231523295518,0.23349254044103077,rittele01,Lew Ritter,488.0,0.4518556998918704,jacklfr01,Fred Jacklitsch,88.0,1.0098548298270744,347.0,32.84227272727273,0.21836315945083964,0.0,Brooklyn Superbas,56,97,497.0,614.0
1904,CHN,NL,C,klingjo01,Johnny Kling,483.0,-13.587728604471852,0.18393225640837393,oneilja01,Jack O'Neill,429.0,0.7946000608683567,schulfr01,Frank Schulte,87.0,3.467924661306311,483.0,32.840689655172405,0.6106678044599827,0.0,Chicago Cubs,93,60,597.0,517.0
1904,PIT,NL,C,phelped01,Ed Phelps,334.0,-8.545323714065425,-0.3838590950594116,carisfr01,Fred Carisch,191.0,0.8844427947052108,clarkfr01,Fred Clarke,313.0,15.534142746998565,334.0,25.121693290734818,1.2683018897646225,0.0,Pittsburgh Pirates,87,66,675.0,592.0
1904,CHA,AL,1B,donahji02,Jiggs Donahue,406.0,1.6371352558628445,-0.1892669424101506,isbelfr01,Frank Isbell,489.0,0.7901055574188262,holmedu01,Ducky Holmes,277.0,16.743735137620703,406.0,22.904223826714794,0.9793724998289768,0.0,Chicago White Sox,89,65,600.0,482.0
1904,SLN,NL,3B,burkeji01,Jimmy Burke,448.0,-13.305284502698541,-0.14350977138314353,brainda01,Dave Brain,285.0,-0.11305200377932442,dunleja01,Jack Dunleavy,191.0,0.5786621874655808,448.0,14.662565445026186,0.030457767603819103,0.0,St. Louis Cardinals,75,79,602.0,595.0
1904,PHA,AL,OF,hartsto01,Topsy Hartsel,624.0,19.202493595217753,-0.2875691825824017,pickeol01,Ollie Pickering,1049.0,0.02972071651048805,hoffmda01,Danny Hoffman,218.0,9.845358339354924,624.0,8.978715596330286,0.31728989909288974,0.0,Philadelphia Athletics,81,70,557.0,503.0
1904,BSN,NL,OF,geierph01,Phil Geier,647.0,-4.9211809670668565,0.0155178330990208,cooledu01,Duff Cooley,1022.0,0.3076806509371349,needhto01,Tom Needham,282.0,0.3743075228549455,647.0,5.7799645390071035,0.29216281783811415,0.0,Boston Beaneaters,55,98,491.0,749.0
1904,NY1,NL,OF,mertesa01,Sam Mertes,611.0,27.5593329661857,-0.027395998133912997,bresnro01,Roger Bresnahan,795.0,0.06963978036729765,dunnja01,Jack Dunn,199.0,9.82410353563168,611.0,2.604120603015086,0.09703577850121065,0.0,New York Giants,106,47,744.0,474.0
1904,BOS,AL,OF,freembu01,Buck Freeman,652.0,23.64850292320831,-0.6141284296933343,selbaki01,Kip Selbach,887.0,0.40586606103174033,doughpa01,Patsy Dougherty,223.0,7.879288576496089,652.0,-0.6113004484305078,1.0199944907250746,0.6113004484305078,Boston Americans,95,59,608.0,466.0
1904,PHI,NL,C,dooinre01,Red Dooin,367.0,-5.01162815288028,-0.7342202195069863,rothfr01,Frank Roth,486.0,-0.5685287389177036,doyleja01,Jack Doyle,259.0,-5.180086353122594,367.0,-2.328494208494206,0.16569148058928274,2.328494208494206,Philadelphia Phillies,52,100,571.0,784.0
1904,CLE,AL,1B,hickmch01,Charlie Hickman,361.0,15.861763121592325,-1.692840273485968,schwabi02,Bill Schwartz,195.0,-0.017361033854776504,stovage01,George Stovall,191.0,4.11813505879261,361.0,-8.07827225130891,1.6754792396311915,8.07827225130891,Cleveland Naps,86,65,647.0,482.0
1904,SLA,AL,2B,paddedi01,Dick Padden,520.0,6.388744662681459,-0.06348565809767812,jonesto01,Tom Jones,171.0,0.16910449170483616,howelha01,Harry Howell,123.0,-2.2393161663272685,520.0,-15.85577235772357,0.23259014980251427,15.85577235772357,St. Louis Browns,65,87,481.0,604.0
1904,NYA,AL,SS,elberki01,Kid Elberfeld,511.0,11.67967023582735,0.18734793602823777,conrowi01,Wid Conroy,217.0,0.4015338321574763,chesbja01,Jack Chesbro,181.0,-3.479725415489722,511.0,-21.50364640883977,0.21418589612923852,21.50364640883977,New York Highlanders,92,59,598.0,526.0
1905,CLE,AL,C,buelofr01,Fritz Buelow,254.0,-18.854981582372016,-0.1394982031181725,bemisha01,Harry Bemis,484.0,0.18825354080321807,lajoina01,Nap Lajoie,271.0,16.9292125636897,254.0,34.72221402214022,0.32775174392139056,0.0,Cleveland Naps,76,78,564.0,587.0
1905,SLN,NL,3B,burkeji01,Jimmy Burke,468.0,-15.764772253129344,0.3962890478815903,hoelsar01,Art Hoelskoetter,171.0,1.5125564419606503,clarkjo02,Josh Clarke,196.0,5.6956936717663424,468.0,29.364693877551023,1.11626739407906,0.0,St. Louis Cardinals,58,96,535.0,734.0
1905,NYA,AL,SS,elberki01,Kid Elberfeld,449.0,7.264304210688831,-0.554943705162154,yeagejo01,Joe Yeager,189.0,0.3461415941585133,hahned01,Ed Hahn,194.0,11.841392019763106,449.0,20.141804123711346,0.9010852993206673,0.0,New York Highlanders,71,78,586.0,621.0
1905,BRO,NL,SS,lewisph01,Phil Lewis,464.0,-11.015500695410292,-0.6707686186862498,babbch01,Charlie Babb,305.0,0.10766101233391263,hummejo01,John Hummel,121.0,1.8370353789986065,464.0,18.059999999999988,0.7784296310201625,0.0,Brooklyn Superbas,48,104,506.0,807.0
1905,PIT,NL,C,peitzhe01,Heinie Peitz,320.0,-11.121724617524347,0.23159506015208584,carisfr01,Fred Carisch,268.0,0.8583660599370014,ganlebo01,Bob Ganley,143.0,2.5810418115438143,320.0,16.89748251748253,0.6267709997849156,0.0,Pittsburgh Pirates,96,57,692.0,570.0
1905,CHN,NL,C,klingjo01,Johnny Kling,425.0,-14.067603007649517,0.2445905213760615,oneilja01,Jack O'Neill,455.0,0.44355228110648426,mccarja01,Jack McCarthy,186.0,0.6338725660639761,425.0,15.515967741935482,0.19896175973042277,0.0,Chicago Cubs,92,61,667.0,442.0
1905,DET,AL,3B,coughbi01,Bill Coughlin,550.0,2.8015753137613952,-0.7255314197598369,lowebo01,Bobby Lowe,153.0,1.0057487722034937,drillle01,Lew Drill,255.0,7.152912190925731,550.0,12.626274509803906,1.7312801919633305,0.0,Detroit Tigers,79,74,512.0,604.0
1905,WS1,AL,C,heydomi01,Mike Heydon,272.0,-8.372893663012551,0.026413937295752737,kittrma01,Malachi Kittridge,637.0,0.7917710433072811,stanljo02,Joe Stanley,102.0,1.3851648763702924,272.0,12.066666666666663,0.7653571060115284,0.0,Washington Senators,64,87,559.0,623.0
1905,PHA,AL,SS,knighjo02,John Knight,346.0,-16.3087544389792,-1.8613663103391733,crossmo01,Monte Cross,683.0,-0.43259850689350055,lordbr01,Bris Lord,264.0,-3.846043849394534,346.0,11.268106060606062,1.4287678034456728,0.0,Philadelphia Athletics,92,56,623.0,488.0
1905,CHA,AL,C,sullibi03,Billy Sullivan,349.0,-12.80507311908596,0.582240162749926,mcfared01,Ed McFarland,627.0,0.7515177699502668,smithfr03,Frank Smith,118.0,-0.6885347508657396,349.0,10.768644067796613,0.1692776072003408,0.0,Chicago White Sox,92,60,612.0,451.0
1905,CIN,NL,3B,steinha01,Harry Steinfeldt,429.0,6.463125434631442,0.5721887869596076,bridwal01,Al Bridwell,347.0,0.6349632957489308,sebriji01,Jimmy Sebring,240.0,6.513706536856741,429.0,5.1801249999999825,0.06277450878932322,0.0,Cincinnati Reds,79,74,736.0,698.0
1905,BOS,AL,OF,burkeje01,Jesse Burkett,654.0,15.822527736727153,-0.26775574414435105,stahlch01,Chick Stahl,1143.0,0.8091039445502919,tanneje01,Jesse Tannehill,111.0,0.886208836050024,654.0,-10.601081081081064,1.0768596886946429,10.601081081081064,Boston Americans,78,74,579.0,565.0
1905,SLA,AL,2B,rockeik01,Ike Rockenfield,405.0,2.8669781855879357,-0.9337439568880349,moranch01,Charles Moran,154.0,-0.32567706571295585,spenctu01,Tubby Spencer,125.0,-2.4832783377815053,405.0,-10.912800000000013,0.6080668911750791,10.912800000000013,St. Louis Browns,54,99,512.0,608.0
1905,NY1,NL,C,bresnro01,Roger Bresnahan,399.0,21.087662117524335,0.6192188848409254,bowerfr01,Frank Bowerman,562.0,1.1239194210887433,wiltsho01,Hooks Wiltse,87.0,2.1608436196105694,399.0,-11.177586206896551,0.504700536247818,11.177586206896551,New York Giants,105,48,780.0,505.0
1905,PHI,NL,OF,mageesh01,Sherry Magee,669.0,31.70683197148816,0.7024462375878503,thomaro01,Roy Thomas,1324.0,1.5730787442793248,corrifr01,Frank Corridon,82.0,-1.875066933240611,669.0,-47.004634146341445,0.8706325066914745,47.004634146341445,Philadelphia Phillies,83,69,708.0,603.0
1906,SLA,AL,3B,hartzro01,Roy Hartzell,443.0,-16.75869164906038,-0.23518136387141883,nilesha01,Harry Niles,288.0,0.6981432303009921,rickebr01,Branch Rickey,223.0,7.89226131435561,443.0,32.4370403587444,0.933324594172411,0.0,St. Louis Browns,76,73,560.0,499.0
1906,PIT,NL,C,gibsoge01,George Gibson,282.0,-19.90453145976909,0.0749256935125603,peitzhe01,Heinie Peitz,345.0,0.21785861857807476,hallmbi02,Bill Hallman,105.0,4.462036158596619,282.0,31.888285714285725,0.14293292506551447,0.0,Pittsburgh Pirates,93,60,623.0,470.0
1906,NY1,NL,OF,brownge01,George Browne,529.0,-0.5764083057370453,-1.1447675019246681,seymocy01,Cy Seymour,611.0,0.6218765576853149,donlimi01,Mike Donlin,137.0,7.469323368835583,529.0,29.41781021897809,1.766644059609983,0.0,New York Giants,96,56,625.0,509.0
1906,CLE,AL,1B,rossmcl01,Claude Rossman,431.0,9.388451239853227,0.10393281718465357,stovage01,George Stovall,494.0,0.24421410665856622,clarkni01,Jay Clarke,195.0,16.48892805515401,431.0,27.05630769230769,0.14028128947391266,0.0,Cleveland Naps,89,64,663.0,481.0
1906,CIN,NL,OF,kellejo01,Joe Kelley,540.0,-1.4395283272174053,-0.15065402435309333,seymocy01,Cy Seymour,726.0,1.4520207411137904,loberha01,Hans Lobert,305.0,13.402581222590172,540.0,25.16868852459017,1.6026747654668838,0.0,Cincinnati Reds,64,87,533.0,582.0
1906,NYA,AL,3B,laporfr01,Frank LaPorte,483.0,4.017498721227625,-0.49263165619513777,moriage02,George Moriarty,345.0,-0.09817640509521369,yeagejo01,Joe Yeager,152.0,8.419523407094411,483.0,22.736644736842116,0.3944552510999241,0.0,New York Highlanders,90,61,640.0,543.0
1906,DET,AL,SS,olearch01,Charley O'Leary,489.0,-18.536072723229182,0.24479922603754553,lowebo01,Bobby Lowe,169.0,0.6708325774162234,paynefr01,Fred Payne,244.0,1.614761258756813,489.0,21.77221311475411,0.4260333513786778,0.0,Detroit Tigers,71,78,518.0,598.0
1906,PHI,NL,C,dooinre01,Red Dooin,374.0,-6.706080730332046,-0.7707707836062384,donovje01,Jerry Donovan,414.0,-0.5894863846174784,wardjo04,Joe Ward,136.0,5.175970643515617,374.0,20.939999999999994,0.18128439898876003,0.0,Philadelphia Phillies,71,82,528.0,564.0
1906,BOS,AL,C,armbrch01,Charlie Armbruster,231.0,-14.582500611586793,-0.05293237271474276,grahach01,Charlie Graham,246.0,0.12033713072138313,tanneje01,Jesse Tannehill,86.0,1.368809296119203,231.0,18.259186046511633,0.1732695034361259,0.0,Boston Americans,49,105,463.0,706.0
1906,SLN,NL,OF,burchal01,Al Burch,381.0,2.7973883469077245,-0.4002304189000105,himesja01,Jack Himes,357.0,0.8713287832819108,murrare01,Red Murray,154.0,5.0563196992750346,381.0,9.712077922077913,1.2715592021819213,0.0,St. Louis Cardinals,52,98,470.0,607.0
1906,WS1,AL,OF,anderjo01,John Anderson,607.0,4.503688869120435,0.06290210919112324,jonesch03,Charlie Jones,1125.0,0.7545799750773923,kitsofr01,Frank Kitson,98.0,2.241666407205603,607.0,9.380918367346922,0.691677865886269,0.0,Washington Senators,55,95,519.0,665.0
1906,PHA,AL,C,schreos01,Ossee Schrecongost,351.0,1.7260704992772187,0.23631294602547884,powerdo01,Doc Powers,464.0,0.6599533502431535,bendech01,Charles Bender,113.0,3.267737796063602,351.0,8.424159292035386,0.4236404042176747,0.0,Philadelphia Athletics,78,67,561.0,539.0
1906,BRO,NL,SS,lewisph01,Phil Lewis,513.0,-5.000051910856538,-0.7067801449737052,alperwh01,Whitey Alpermann,228.0,-0.34351992788480273,batchem01,Emil Batch,226.0,1.477715922312719,513.0,8.354336283185852,0.3632602170889025,0.0,Brooklyn Superbas,66,86,496.0,625.0
1906,BSN,NL,C,needhto01,Tom Needham,302.0,-18.137476953369735,-0.24413169805091697,oneilja01,Jack O'Neill,414.0,0.12169615708868103,pfeffbi01,Big Jeff Pfeffer,172.0,-6.803331244965543,302.0,6.192093023255817,0.36582785513959803,0.0,Boston Beaneaters,49,102,408.0,649.0
1906,CHN,NL,OF,sheckji01,Jimmy Sheckard,662.0,20.85950416181868,0.5159845367695155,slaglji01,Jimmy Slagle,1171.0,0.884318619359431,gessldo01,Doc Gessler,99.0,1.7119198066768107,662.0,-9.412121212121221,0.3683340825899155,9.412121212121221,Chicago Cubs,116,36,704.0,381.0
1907,WS1,AL,OF,ganlebo01,Bob Ganley,688.0,15.095909090909103,-0.09287844973801869,anderjo01,John Anderson,228.0,0.752635192368298,clymeot01,Otis Clymer,232.0,15.953736786469348,688.0,32.215172413793105,0.8455136421063167,0.0,Washington Senators,49,102,506.0,693.0
1907,CHA,AL,3B,rohege01,George Rohe,555.0,-14.24972449788583,-0.6820325621570593,tannele01,Lee Tannehill,275.0,0.26123656391802197,mcfared01,Ed McFarland,152.0,4.3107241014799165,555.0,29.98953947368421,0.9432691260750813,0.0,Chicago White Sox,87,64,588.0,474.0
1907,BRO,NL,2B,alperwh01,Whitey Alpermann,591.0,-8.871534349767701,0.6696962218112803,hummejo01,John Hummel,335.0,0.8608203621203215,burchal01,Al Burch,139.0,3.775815102169694,591.0,24.92553956834532,0.19112414030904123,0.0,Brooklyn Superbas,65,83,446.0,522.0
1907,DET,AL,C,schmibo01,Boss Schmidt,371.0,-8.171653673361524,-0.4140266458744694,paynefr01,Fred Payne,378.0,0.04417715435054884,killied01,Ed Killian,130.0,5.601145613107821,371.0,24.15646153846154,0.4582038002250183,0.0,Detroit Tigers,92,58,693.0,531.0
1907,SLN,NL,2B,bennepu01,Pug Bennett,355.0,-11.45291826424287,-0.7320799304143853,hoelsar01,Art Hoelskoetter,636.0,-0.6216184868540081,lushjo01,Johnny Lush,88.0,2.3105160359059953,355.0,20.77375000000001,0.11046144356037724,0.0,St. Louis Cardinals,52,101,419.0,610.0
1907,PIT,NL,C,gibsoge01,George Gibson,413.0,-11.882578149668454,0.2109922102416607,phelped01,Ed Phelps,288.0,0.5681884453551155,sheehto01,Tommy Sheehan,263.0,4.1565422436735995,413.0,18.40977186311787,0.3571962351134548,0.0,Pittsburgh Pirates,91,63,634.0,510.0
1907,BSN,NL,C,needhto01,Tom Needham,289.0,-11.193305291172365,-0.9160853445783549,brownsa01,Sam Brown,543.0,-0.20242517280100514,howarde01,Del Howard,208.0,3.981219721232351,289.0,16.724903846153854,0.7136601717773497,0.0,Boston Doves,58,90,502.0,652.0
1907,NY1,NL,2B,doylela01,Larry Doyle,251.0,-2.3735281248590376,-1.8274969145710949,corcoto01,Tommy Corcoran,557.0,-0.9609844816619773,mcganda01,Dan McGann,306.0,14.201794397582209,251.0,14.022712418300653,0.8665124329091176,0.0,New York Giants,82,71,574.0,510.0
1907,PHI,NL,C,dooinre01,Red Dooin,335.0,-13.133035545130591,-0.5859710508944951,jacklfr01,Fred Jacklitsch,504.0,1.202537564639859,osborfr02,Fred Osborn,168.0,-0.899014840543106,335.0,11.340357142857135,1.7885086155343541,0.0,Philadelphia Phillies,83,64,514.0,476.0
1907,NYA,AL,1B,chaseha01,Hal Chase,528.0,11.899883720930223,-0.9478938026905019,moriage02,George Moriarty,193.0,-0.6826064126565505,orthal01,Al Orth,112.0,4.904217758985196,528.0,11.219999999999986,0.2652873900339514,0.0,New York Highlanders,70,78,605.0,667.0
1907,CIN,NL,C,mcleala01,Larry McLean,391.0,3.587292841355045,0.00641606358119388,schlead01,Admiral Schlei,588.0,0.9999778738902413,kanejo01,John Kane,311.0,7.926823717804139,391.0,6.378585209003213,0.9935618103090474,0.0,Cincinnati Reds,66,87,526.0,519.0
1907,SLA,AL,C,spenctu01,Tubby Spencer,244.0,-0.35831131078223155,-0.14800365953224193,oconnja01,Jack O'Connor,227.0,0.8651398464101497,howelha01,Harry Howell,130.0,-0.578854386892182,244.0,-0.7281538461538641,1.0131435059423917,0.7281538461538641,St. Louis Browns,69,83,541.0,555.0
1907,PHA,AL,3B,colliji01,Jimmy Collins,405.0,5.505876717758978,-0.6956752596785567,knighjo02,John Knight,355.0,-0.6720884643528284,crossmo01,Monte Cross,301.0,2.6769602272727298,405.0,-1.9039867109634443,0.02358679532572827,1.9039867109634443,Philadelphia Athletics,88,57,584.0,511.0
1907,CLE,AL,OF,hinchbi01,Bill Hinchman,592.0,2.352293868921773,-0.20178711201948785,bayha01,Harry Bay,242.0,0.6850862500611864,bemisha01,Harry Bemis,189.0,-2.7972575317124733,592.0,-11.11407407407407,0.8868733620806742,11.11407407407407,Cleveland Naps,85,67,531.0,525.0
1907,CHN,NL,OF,sheckji01,Jimmy Sheckard,601.0,22.838524290676176,-0.011609672639287638,slaglji01,Jimmy Slagle,1133.0,0.11316076718937051,randane01,Newt Randall,88.0,-1.1394839640940042,601.0,-30.62068181818182,0.12477043982865815,30.62068181818182,Chicago Cubs,107,45,574.0,390.0
1908,WS1,AL,OF,ganlebo01,Bob Ganley,648.0,5.663553165226595,0.3819016792040539,milancl01,Clyde Milan,1083.0,0.8202083551841018,delahji01,Jim Delahanty,323.0,20.019116778345975,648.0,34.49863777089784,0.43830667598004797,0.0,Washington Senators,67,85,479.0,539.0
1908,NYA,AL,3B,conrowi01,Wid Conroy,568.0,-9.999231176159412,0.6605424253009143,moriage02,George Moriarty,272.0,0.874184340135422,stahlja01,Jake Stahl,302.0,8.953260888732146,568.0,26.838476821192057,0.21364191483450767,0.0,New York Highlanders,51,103,460.0,713.0
1908,BSN,NL,OF,brownge01,George Browne,590.0,-11.673632258207345,-0.25382488846505763,beaumgi01,Ginger Beaumont,1067.0,0.4599287542771034,kellejo01,Joe Kelley,263.0,6.736821552697403,590.0,26.78665399239544,0.713753642742161,0.0,Boston Doves,63,91,537.0,622.0
1908,CIN,NL,C,schlead01,Admiral Schlei,337.0,-7.3462780864675805,-0.4839697119664345,mcleala01,Larry McLean,586.0,0.07189627192726149,beschbo01,Bob Bescher,127.0,6.566031700351978,337.0,24.769527559055113,0.555865983893696,0.0,Cincinnati Reds,73,81,488.0,543.0
1908,SLA,AL,OF,stonege01,George Stone,659.0,25.992811012167152,0.013199019374638812,hoffmda01,Danny Hoffman,840.0,0.646114814674933,crissdo01,Dode Criss,91.0,6.7520421883265715,659.0,22.903846153846153,0.6329157953002942,0.0,St. Louis Browns,83,69,544.0,483.0
1908,DET,AL,3B,coughbi01,Bill Coughlin,450.0,-14.343088079703755,-0.2840541109821021,schaege01,Germany Schaefer,259.0,0.8539760498676214,thomair01,Ira Thomas,108.0,1.807258860871098,450.0,21.873333333333328,1.1380301608497234,0.0,Detroit Tigers,90,63,647.0,547.0
1908,PHA,AL,3B,colliji01,Jimmy Collins,470.0,-14.799891994357251,-0.8729712708999071,manusfr01,Frank Manush,170.0,-0.5501599867144042,coombja01,Jack Coombs,239.0,2.0556932198906726,470.0,18.84246861924686,0.32281128418550287,0.0,Philadelphia Athletics,68,85,486.0,562.0
1908,CHA,AL,3B,tannele01,Lee Tannehill,530.0,-16.990303738317756,0.2237570531139435,purtebi01,Billy Purtell,196.0,0.4721076916416023,whitedo01,Doc White,130.0,-1.2342254452477515,530.0,11.958461538461542,0.24835063852765882,0.0,Chicago White Sox,88,64,537.0,470.0
1908,CLE,AL,SS,hinchbi01,Bill Hinchman,530.0,8.029696261682254,-0.9556846488810535,turnete01,Terry Turner,153.0,0.8060600768586291,goodwi01,Wilbur Good,175.0,6.5354657467818695,530.0,11.763428571428552,1.7617447257396828,0.0,Cleveland Naps,90,64,569.0,459.0
1908,PG,NAC,OF,duncafr01,Frank Duncan,119.0,4.3674901820778285,0.22698554094137252,mccleda01,Danny McClellan,172.66666666666666,0.5496699089029514,lloydpo99,John Henry Lloyd,134.0,16.447425919314522,119.0,10.238805970149247,0.3226843679615789,0.0,Philadelphia Giants,16,15,156.0,134.0
1908,BOS,AL,2B,mcconam01,Amby McConnell,562.0,19.08480999823665,-0.7411246028909413,laporfr01,Frank LaPorte,203.0,0.7379742662403835,cravaga01,Gavvy Cravath,327.0,15.189755995415272,562.0,7.021131498470941,1.4790988691313247,0.0,Boston Red Sox,75,79,564.0,513.0
1908,SLN,NL,C,ludwibi01,Bill Ludwig,207.0,-10.510562504150707,-0.5604386528094101,blissja01,Jack Bliss,354.0,-0.10374642054320238,barrysh01,John Barry,298.0,-5.133563411772521,207.0,6.944630872483219,0.4566922322662077,0.0,St. Louis Cardinals,49,105,372.0,626.0
1908,PIT,NL,1B,storkal01,Alan Storke,219.0,-1.4175516348261148,0.2729887007407159,gillwa01,Warren Gill,216.0,1.6697614270851215,maddoni01,Nick Maddox,104.0,1.2894275341465034,219.0,4.132788461538463,1.3967727263444056,0.0,Pittsburgh Pirates,98,56,585.0,468.0
1908,BRO,NL,OF,burchal01,Al Burch,500.0,-3.661213778141814,0.6302094765668913,catteto01,Tom Catterson,159.0,0.6716459690634884,patteha01,Harry Pattee,301.0,-2.9453106944413756,500.0,-1.231328903654491,0.04143649249659709,1.231328903654491,Brooklyn Superbas,53,101,375.0,516.0
1908,CHN,NL,OF,sheckji01,Jimmy Sheckard,488.0,9.705775352533584,-0.2844860256015488,slaglji01,Jimmy Slagle,851.0,0.5704974698491384,moranpa01,Pat Moran,172.0,1.9098224603192175,488.0,-4.287209302325571,0.8549834954506872,4.287209302325571,Chicago Cubs,99,55,624.0,461.0
1909,SLA,AL,3B,ferriho01,Hobe Ferris,583.0,-24.331291787224576,0.08240083550183333,wallabo01,Bobby Wallace,241.0,1.4219862197975761,stonege01,George Stone,350.0,7.218555530825723,583.0,36.35534285714285,1.3395853842957428,0.0,St. Louis Browns,61,89,441.0,575.0
1909,BSN,NL,SS,coffeja01,Jack Coffey,274.0,-17.64782061300686,-1.0372776629634508,sweenbi02,Bill Sweeney,221.0,1.0109401241612503,batesjo02,Johnny Bates,266.0,11.525765390292612,274.0,29.52022556390978,2.048217787124701,0.0,Boston Doves,45,108,435.0,683.0
1909,NY1,NL,OF,murrare01,Red Murray,633.0,16.838757488929417,-0.79866583210881,oharabi01,Bill O'Hara,925.0,0.503399209628611,snodgfr01,Fred Snodgrass,82.0,5.78824346618043,633.0,27.843658536585362,1.3020650417374209,0.0,New York Giants,92,61,624.0,547.0
1909,CLE,AL,3B,bradlbi01,Bill Bradley,376.0,-20.01846605831293,-0.17994234101198325,perrige01,George Perring,537.0,0.4714589353617487,eastete01,Ted Easterly,308.0,4.739128867126642,376.0,25.803896103896104,0.651401276373732,0.0,Cleveland Naps,71,82,493.0,532.0
1909,CHA,AL,3B,tannele01,Lee Tannehill,594.0,-14.668108613398621,-0.5341880130717711,purtebi01,Billy Purtell,624.0,-0.1964505165065295,whitedo01,Doc White,238.0,4.063417760961498,594.0,24.809579831932776,0.3377374965652416,0.0,Chicago White Sox,78,74,492.0,464.0
1909,NYA,AL,3B,austiji01,Jimmy Austin,500.0,-3.873492098820389,0.29065664011136266,elberki01,Kid Elberfeld,373.0,1.0608862701021904,gardnea01,Earle Gardner,89.0,3.422118406409969,500.0,23.098876404494373,0.7702296299908278,0.0,New York Highlanders,74,77,589.0,587.0
1909,PIT,NL,1B,abstebi01,Bill Abstein,570.0,1.38949726491275,-0.519490886511012,storkal01,Alan Storke,154.0,1.4435732512662847,byrnebo01,Bobby Byrne,206.0,8.022660415038638,570.0,20.809126213592222,1.9630641377772968,0.0,Pittsburgh Pirates,110,42,699.0,447.0
1909,BRO,NL,OF,burchal01,Al Burch,661.0,10.686206477381264,0.24137074350076482,clemewa01,Wally Clement,783.0,0.32098944015898206,wheatza01,Zack Wheat,113.0,4.391847703394979,661.0,15.004159292035382,0.07961869665821725,0.0,Brooklyn Superbas,55,98,444.0,627.0
1909,DET,AL,1B,rossmcl01,Claude Rossman,310.0,-1.9575651012686368,-1.1888916848627742,moriage02,George Moriarty,206.0,0.7408857408721236,delahji01,Jim Delahanty,185.0,7.040807923436462,310.0,13.75567567567568,1.9297774257348976,0.0,Detroit Tigers,98,54,666.0,493.0
1909,PG,INT,OF,duncafr01,Frank Duncan,83.0,1.2792437722419956,-0.7666011645489329,polessp01,Spottswood Poles,152.33333333333334,0.7563577137987803,lloydpo99,John Henry Lloyd,86.0,14.066565836298933,83.0,12.296627906976743,1.5229588783477133,0.0,Philadelphia Giants,6,12,95.0,83.0
1909,WS1,AL,2B,delahji01,Jim Delahanty,343.0,-3.118015579790783,-0.10923200604315413,unglabo01,Bob Unglaub,204.0,1.2488467814770363,lelivja01,Jack Lelivelt,345.0,7.605290451813933,343.0,10.679217391304345,1.3580787875201905,0.0,Washington Senators,42,110,380.0,656.0
1909,CHN,NL,C,archeji01,Jimmy Archer,286.0,-8.353199617956069,0.27010273043321276,moranpa01,Pat Moran,663.0,0.9832369635638738,overaor01,Orval Overall,107.0,-0.22046279413041714,286.0,7.76392523364486,0.713134233130661,0.0,Chicago Cubs,104,49,635.0,390.0
1909,SLN,NL,OF,ellisru01,Rube Ellis,637.0,8.686964487279681,0.5529374146062277,delahjo01,Joe Delahanty,565.0,0.6414196226574248,barbeja01,William Barbeau,212.0,5.104970912564033,637.0,6.652028301886777,0.08848220805119711,0.0,St. Louis Cardinals,54,98,583.0,731.0
1909,PHA,AL,OF,murphda02,Danny Murphy,616.0,23.788257734253285,-0.12332689985160677,ganlebo01,Bob Ganley,672.0,1.500614416307678,heitmhe01,Heinie Heitmuller,239.0,10.76007077676385,616.0,3.9448117154811575,1.6239413161592848,0.0,Philadelphia Athletics,95,58,605.0,411.0
1909,PHI,NL,OF,titusjo01,John Titus,645.0,22.883378483980206,-0.1771223682742571,osborfr02,Fred Osborn,488.0,1.1334078418085014,batesjo02,Johnny Bates,314.0,12.704249370495784,645.0,3.2129299363057173,1.3105302100827585,0.0,Philadelphia Phillies,74,79,517.0,519.0
1909,KCG,WES,OF,stirmto01,Tom Stirman,82.0,-2.0055319148936173,-1.6745407327985429,robingi01,Ginney Robinson,183.0,0.48372162426402365,normaji01,Jim Norman,90.0,1.238318629994812,82.0,3.1337777777777793,2.1582623570625667,0.0,Kansas City Giants,12,12,83.0,82.0
1909,BOS,AL,C,carribi02,Bill Carrigan,312.0,7.8257409303360745,0.43187246840259735,spenctu01,Tubby Spencer,197.0,0.7055316266113308,hoopeha01,Harry Hooper,282.0,6.126150456265302,312.0,-1.0478723404255275,0.2736591582087335,1.0478723404255275,Boston Red Sox,88,63,601.0,549.0
1909,CIN,NL,OF,mitchmi01,Mike Mitchell,595.0,38.80079100460189,-0.055489765373751394,paskedo01,Dode Paskert,684.0,0.6569346115667656,millewa02,Ward Miller,121.0,3.738261700095509,595.0,-20.41842975206612,0.712424376940517,20.41842975206612,Cincinnati Reds,77,76,606.0,599.0
1910,CLE,AL,3B,bradlbi01,Bill Bradley,233.0,-14.55054426328764,0.6453912196249614,rathmo01,Morrie Rath,150.0,1.744863643639783,jacksjo01,Shoeless Joe Jackson,86.0,11.308640314838039,233.0,45.18906976744186,1.0994724240148217,0.0,Cleveland Naps,71,81,548.0,657.0
1910,PIT,NL,2B,milledo02,Dots Miller,504.0,-14.7409319866767,-0.6008577780907186,mckecbi01,Bill McKechnie,321.0,1.1409819313684628,campbvi01,Vin Campbell,324.0,17.76868657999356,504.0,42.381111111111125,1.7418397094591813,0.0,Pittsburgh Pirates,86,67,655.0,576.0
1910,WS1,AL,3B,elberki01,Kid Elberfeld,515.0,0.3791832807161697,0.16540838449211803,conrowi01,Wid Conroy,395.0,0.6594380384668166,cunnibi01,Bill Cunningham,91.0,5.751933356398393,515.0,32.172967032967044,0.49402965397469856,0.0,Washington Senators,66,85,501.0,551.0
1910,BSN,NL,3B,herzobu01,Buck Herzog,445.0,0.48955409906520897,-0.5842797910442762,sweenbi02,Bill Sweeney,187.0,1.6351351384384756,goodwi01,Wilbur Good,98.0,6.783429891479532,445.0,30.312755102040825,2.2194149294827517,0.0,Boston Doves,53,100,495.0,701.0
1910,CHA,AL,2B,zeidero01,Rollie Zeider,581.0,-4.765348570687198,-0.22169065154668505,mcconam01,Amby McConnell,266.0,0.05233328702621684,lordha01,Harry Lord,186.0,8.12450114604506,581.0,30.143494623655904,0.27402393857290186,0.0,Chicago White Sox,68,85,457.0,479.0
1910,CHN,NL,3B,steinha01,Harry Steinfeldt,526.0,-5.570774255936392,-0.08971884393033511,zimmehe01,Heinie Zimmerman,210.0,1.1598142190241054,chancfr01,Frank Chance,348.0,16.053404104437522,526.0,29.83540229885058,1.2495330629544406,0.0,Chicago Cubs,104,50,712.0,499.0
1910,PHA,AL,1B,davisha01,Harry Davis,573.0,5.2533825628162445,0.2663798919400747,housebe01,Ben Houser,165.0,1.4923835778486152,mcinnst01,Stuffy McInnis,81.0,4.62534727327769,573.0,27.466666666666676,1.2260036859085406,0.0,Philadelphia Athletics,102,48,674.0,442.0
1910,NY1,NL,OF,murrare01,Red Murray,634.0,17.77545460406146,-0.8166977816337863,beckebe01,Beals Becker,244.0,0.8879295492447192,cranddo01,Doc Crandall,81.0,5.209671644998388,634.0,23.001481481481477,1.7046273308785054,0.0,New York Giants,91,63,715.0,567.0
1910,SLN,NL,OF,evansst01,Steve Evans,627.0,10.934495326098622,-0.35716923146604673,abbotod01,Ody Abbott,171.0,1.5282816146713776,bresnro01,Roger Bresnahan,299.0,15.40668915869776,627.0,21.373177257525114,1.8854508461374242,0.0,St. Louis Cardinals,63,90,639.0,718.0
1910,SLA,AL,3B,hartzro01,Roy Hartzell,615.0,-12.014955888076802,0.16701829010374608,wallabo01,Bobby Wallace,345.0,0.9335394779991022,crissdo01,Dode Criss,103.0,1.4438366561432312,615.0,20.635922330097067,0.7665211878953562,0.0,St. Louis Browns,47,107,451.0,743.0
1910,LEL,WES,OF,duncafr01,Frank Duncan,101.0,3.6805525460455026,-0.6153848462387445,paynean01,Andrew Payne,164.0,-0.03586892848858436,hillpe99,Pete Hill,102.0,23.74234019501625,101.0,19.829019607843136,0.5795159177501601,0.0,Chicago Leland Giants,22,2,138.0,72.0
1910,PHI,NL,1B,branski01,Kitty Bransfield,461.0,-15.093967551305472,-0.135094250867142,luderfr01,Fred Luderus,166.0,0.3566110427216948,walshji01,Jimmy Walsh,281.0,-1.0243489846352256,461.0,13.413451957295367,0.4917052935888368,0.0,Philadelphia Phillies,78,75,674.0,639.0
1910,DET,AL,C,stanaos01,Oscar Stanage,307.0,-9.853807248194439,0.06802584072800137,caseyjo01,Joe Casey,160.0,0.46133996473041217,mcintma01,Matty McIntyre,347.0,1.402537084288376,307.0,11.094668587896258,0.3933141240024108,0.0,Detroit Tigers,86,68,679.0,584.0
1910,CIN,NL,OF,beschbo01,Bob Bescher,682.0,14.904889652949398,-0.05386532208992509,paskedo01,Dode Paskert,1215.0,0.7985152758687883,clarkto01,Tommy Clarke,180.0,5.350381433329756,682.0,5.367111111111122,0.8523805979587135,0.0,Cincinnati Reds,75,79,620.0,684.0
1910,PG,EAS,OF,polessp01,Spottswood Poles,87.0,-3.6777639751552806,-1.3227039339878917,barbeje01,Jesse Barber,165.0,1.0234487943218664,jameskn01,Knucks James,82.0,-2.8040993788819875,87.0,0.7026829268292691,2.3461527283097583,0.0,Philadelphia Giants,7,14,86.0,140.0
1910,BOS,AL,C,carribi02,Bill Carrigan,387.0,-1.0111185832288232,-0.7261183677273831,kleinre01,Red Kleinow,409.0,0.24416067999215704,lordha01,Harry Lord,321.0,-1.1765867318254566,387.0,-0.40738317757009174,0.9702790477195402,0.40738317757009174,Boston Red Sox,81,72,641.0,564.0
1910,NYA,AL,2B,laporfr01,Frank LaPorte,487.0,5.244742247978202,-0.08329863750613486,gardnea01,Earle Gardner,625.0,0.2309415223251627,roachro01,Roxey Roach,260.0,-0.27876183886173944,487.0,-5.7668846153846145,0.3142401598312976,5.7668846153846145,New York Highlanders,88,63,626.0,557.0
1911,SLG,WES,OF,lyonsji01,Jimmie Lyons,77.0,5.330799472295513,-1.491037373488661,bennesa01,Sam Bennett,150.33333333333334,0.10394502552334237,walladi01,Dick Wallace,80.0,2.6832981530343023,77.0,-2.748124999999997,1.5949823990120033,2.748124999999997,St. Louis Giants,26,17,100.0,88.0
1912,CAG,WES,OF,paynean01,Andrew Payne,192.0,-3.3641826572747164,-0.1957815158592085,lindsbi03,Bill Lindsay,159.0,0.5882684178365962,hillpe99,Pete Hill,178.0,18.082997328151563,192.0,22.86943820224719,0.7840499336958047,0.0,Chicago American Giants,33,19,256.0,188.0
1912,SLG,WES,OF,bennesa01,Sam Bennett,143.0,11.470947291717273,-0.7649952236455377,thomaju02,Jules Thomas,215.66666666666666,1.1234643818108752,pryorwe01,Wesley Pryor,143.0,13.910947291717264,143.0,2.4399999999999893,1.888459605456413,0.0,St. Louis Giants,18,21,146.0,178.0
1913,CAG,WES,OF,duncafr01,Frank Duncan,210.0,-3.9620727848101307,-0.5423783258283753,hillpe99,Pete Hill,377.6666666666667,0.5381638062148938,barbeje01,Jesse Barber,221.0,2.771294831223629,210.0,6.595429864253399,1.080542132043269,0.0,Chicago American Giants,37,25,243.0,227.0
1914,BRG,EAS,OF,thomaju02,Jules Thomas,141.0,2.4688012255840643,0.2333959499285682,lyonsji01,Jimmie Lyons,261.6666666666667,0.26104469266112124,handybi01,Bill Handy,133.0,4.143833780160861,141.0,1.9242857142857208,0.027648742732553022,0.0,Brooklyn Royal Giants,14,19,153.0,153.0
1915,ABC,WES,SS,clarkmo01,Morten Clark,215.0,-8.649745725558965,-0.7499137991544231,hutchfr02,Fred Hutchinson,154.66666666666666,0.07836881378820193,taylobe99,Ben Taylor,248.0,17.717781674704078,215.0,24.009919354838708,0.8282826129426251,0.0,Indianapolis ABCs,37,25,276.0,219.0
1915,CAG,WES,OF,hillpe99,Pete Hill,232.0,8.545344147303815,1.076012423503687,jenkiho01,Horace Jenkins,340.6666666666667,1.117575460118388,mcnaihu01,Hurley McNair,221.0,9.566168347216138,232.0,1.4969683257918582,0.041563036614701065,0.0,Chicago American Giants,29,25,239.0,232.0
1915,NLG,EAS,OF,earlech01,Charles Earle,103.0,6.640061108686164,-0.3797905628823721,hallbl01,Blainey Hall,169.0,0.16484435059459,thomaju02,Jules Thomas,85.0,5.17742907027499,103.0,-0.36623529411764677,0.5446349134769621,0.36623529411764677,New York Lincoln Giants,17,6,165.0,92.0
1916,CSW,WES,OF,villama01,Manuel Villa,228.0,-8.878143812709029,0.33326523137189207,torricr99,Cristóbal Torriente,413.3333333333333,0.7989848987050716,pedroeu01,Eustaquio Pedroso,204.0,2.5979765886287627,228.0,11.781764705882352,0.46571966733317954,0.0,Cuban Stars West,35,34,234.0,222.0
1916,CAG,WES,OF,duncafr01,Frank Duncan,242.0,4.20161928651059,-0.8506518349094341,hillpe99,Pete Hill,450.3333333333333,0.45210029974797944,lloydpo99,John Henry Lloyd,250.0,13.272912486064662,242.0,8.646560000000003,1.3027521346574136,0.0,Chicago American Giants,40,26,270.0,205.0
1916,NLG,EAS,OF,thomaju02,Jules Thomas,86.0,2.4304752851711036,0.188080592221037,polessp01,Spottswood Poles,160.0,0.6146060350138198,wileydo01,Doc Wiley,90.0,6.509334600760456,86.0,3.789555555555554,0.4265254427927828,0.0,New York Lincoln Giants,14,8,109.0,93.0
1917,CAG,WES,C,dixonge01,George Dixon,129.0,2.5754796142784633,-0.3020882193504016,petwabr01,Bruce Petway,206.0,-0.017434133313345146,lloydpo99,John Henry Lloyd,228.0,12.761312806631706,129.0,4.6447368421052655,0.28465408603705644,0.0,Chicago American Giants,49,14,218.0,130.0
1917,CSW,WES,OF,guerrma03,Marcelino Guerra,179.0,0.8282236508205068,0.54538165567251,barobe01,Bernardo Baró,290.3333333333333,0.7182536575398243,jimenbi01,Bienvenido Jiménez,196.0,5.682356623244797,179.0,4.361275510204077,0.17287200186731433,0.0,Cuban Stars West,19,29,141.0,137.0
1918,CSW,WES,OF,guerrma03,Marcelino Guerra,149.0,-1.1980083311637626,0.843096632207429,torricr99,Cristóbal Torriente,232.33333333333334,0.8758849390781567,jimenbi01,Bienvenido Jiménez,145.0,4.0902603488674805,149.0,5.4011034482758635,0.032788306870727646,0.0,Cuban Stars West,17,23,150.0,183.0
1918,ABC,WES,OF,shivege01,George Shively,185.0,7.147573548555073,-0.7200115376405313,charlos99,Oscar Charleston,321.6666666666667,0.7315428100579351,taylobe99,Ben Taylor,174.0,7.700312418640983,185.0,1.0395402298850533,1.4515543476984663,0.0,Indianapolis ABCs,25,18,248.0,179.0
1919,DS,WES,OF,hillpe99,Pete Hill,161.0,31.951196326062004,0.12574863524127436,donaljo03,John Donaldson,167.0,0.7352299567497237,wesleed01,Edgar Wesley,159.0,11.576771526980483,161.0,-20.228805031446544,0.6094813215084494,20.228805031446544,Detroit Stars,27,14,221.0,161.0
1920,ABC,NNL,C,powelru01,Russell Powell,214.0,-6.36524180402101,-0.7162500195781591,mackebi99,Biz Mackey,204.66666666666666,0.25812826456482674,charlos99,Oscar Charleston,329.0,27.612595544285455,214.0,24.326018237082067,0.9743782841429859,0.0,Indianapolis ABCs,41,40,323.0,379.0
1920,CAG,NNL,OF,gansju01,Judy Gans,208.0,-7.80808549175874,0.17264610298517766,torricr99,Cristóbal Torriente,422.0,0.5784317414392024,demosbi01,Bingo DeMoss,245.0,12.812783915957258,208.0,18.685877551020415,0.4057856384540247,0.0,Chicago American Giants,45,15,285.0,181.0
1920,AC,EAS,OF,brownco02,Country Brown,132.0,1.7744580471782596,-0.47125405817216964,mederli01,Lico Mederos,155.0,-0.19793970066200137,lundydi01,Dick Lundy,124.0,18.09449089280382,132.0,17.48741935483871,0.2733143575101683,0.0,Atlantic City Bacharach Giants,22,16,132.0,98.0
1920,SLG,NNL,OF,blackch03,Charlie Blackwell,248.0,16.114205759826113,-0.1616477494347677,dudledo01,Doc Dudley,345.0,0.2132775232335093,kennada01,Dan Kennard,126.0,7.369717442492303,248.0,-1.6087301587301515,0.374925272668277,1.6087301587301515,St. Louis Giants,33,39,236.0,274.0
1920,KCM,NNL,OF,mcnaihu01,Hurley McNair,323.0,21.829751856547723,0.5045756899262885,donaljo03,John Donaldson,524.6666666666666,0.9213558471725455,harpech01,Chick Harper,84.0,5.1998116283282005,323.0,-1.8352380952380971,0.41678015724625694,1.8352380952380971,Kansas City Monarchs,42,35,358.0,308.0
1920,CSW,NNL,OF,drekeva01,Valentín Dreke,229.0,5.971867415323306,0.512569738844649,barobe01,Bernardo Baró,433.3333333333333,0.9802532416306167,herremi01,Paíto Herrera,225.0,3.6766382901648194,229.0,-2.229866666666668,0.4676835027859677,2.229866666666668,Cuban Stars West,35,34,234.0,223.0
1921,COB,NNL,C,egglema01,Mack Eggleston,212.0,-7.889171329602985,-0.3338786955563401,oneilch01,Charles O'Neil,202.0,0.626831000873157,bennege01,George Bennette,119.0,9.324285904609646,212.0,24.500504201680677,0.9607096964294971,0.0,Columbus Buckeyes,31,39,408.0,444.0
1921,DS,NNL,2B,warfifr01,Frank Warfield,292.0,2.2384998667732474,0.45798253744564343,perryca01,Carlisle Perry,186.0,0.6895041982050241,hillpe99,Pete Hill,183.0,13.596422861710629,292.0,19.4563387978142,0.23152166075938063,0.0,Detroit Stars,31,33,267.0,324.0
1921,ABC,NNL,3B,dayco01,Connie Day,283.0,-3.691488142819072,0.5009605317241228,mackebi99,Biz Mackey,200.66666666666666,0.771146430379712,willich02,Charley Williams,114.0,5.633181454836131,283.0,17.675614035087712,0.2701858986555892,0.0,Indianapolis ABCs,39,37,431.0,436.0
1921,AC,EAS,C,rojoju01,Julio Rojo,208.0,-1.9732445473846711,0.21544118650193667,deasya01,Yank Deas,167.0,0.8629946484429323,grahade01,Dennis Graham,90.0,4.829461493920091,208.0,13.134666666666659,0.6475534619409956,0.0,Atlantic City Bacharach Giants,44,36,383.0,311.0
1921,CS,NNL,2B,jimenbi01,Bienvenido Jiménez,194.0,7.620852651212367,-2.0806098830683792,herremi01,Paíto Herrera,202.0,0.10150510990553037,barobe01,Bernardo Baró,300.0,23.676266986410862,194.0,7.689799999999992,2.1821149929739097,0.0,Cincinnati Cuban Stars,29,40,318.0,340.0
1921,HIL,EAS,3B,johnsju99,Judy Johnson,107.0,-0.7336402238950028,-0.6905261701864368,francbi01,Bill Francis,191.33333333333334,0.07092745868571271,santolo99,Louis Santop,138.0,8.91717429067747,107.0,7.647681159420288,0.7614536288721495,0.0,Hilldale Club,27,18,270.0,197.0
1921,KCM,NNL,OF,mcnaihu01,Hurley McNair,419.0,26.83055289102051,-0.29332447628408326,roganbu99,Bullet Rogan,375.6666666666667,0.4997894767519895,mooredo02,Dobie Moore,257.0,17.95076871835865,419.0,2.4354863813229644,0.7931139530360727,0.0,Kansas City Monarchs,53,41,522.0,456.0
1921,CAG,NNL,OF,lyonsji01,Jimmie Lyons,282.0,13.036290967226224,0.545821121247139,torricr99,Cristóbal Torriente,574.3333333333334,1.1048434358201011,brownji04,Jim Brown,156.0,1.1164588329336556,282.0,-11.018076923076924,0.5590223145729621,11.018076923076924,Chicago American Giants,44,22,353.0,290.0
1921,SLG,NNL,OF,blackch03,Charlie Blackwell,277.0,48.87518651745269,-0.07555132045471467,charlos99,Oscar Charleston,520.0,0.7247687550523753,kennada01,Dan Kennard,145.0,7.45202904343192,277.0,-34.63924137931033,0.80032007550709,34.63924137931033,St. Louis Giants,42,32,416.0,326.0
1922,KCM,NNL,3B,josepne01,Newt Joseph,275.0,-1.9822226135963454,0.08660149681465579,mendejo99,José Méndez,195.66666666666666,0.17768517399984457,johnshe01,Heavy Johnson,263.0,36.45612891863332,275.0,40.101749049429664,0.09108367718518878,0.0,Kansas City Monarchs,47,31,499.0,396.0
1922,CAG,NNL,OF,gardnje02,Jelly Gardner,291.0,-0.27002465656920727,0.2823962700790819,lyonsji01,Jimmie Lyons,608.3333333333334,1.0224121880770942,beckwjo02,John Beckwith,252.0,21.69461782317718,291.0,25.322142857142854,0.7400159179980124,0.0,Chicago American Giants,38,23,387.0,339.0
1922,SLS,NNL,SS,hewitjo01,Joe Hewitt,232.0,1.3418703768932767,-1.1302583041102667,holtzed01,Eddie Holtz,263.0,0.7502043550139386,blackch03,Charlie Blackwell,278.0,25.84818950334624,232.0,20.229280575539555,1.8804626591242053,0.0,St. Louis Stars,26,35,383.0,428.0
1922,CSW,NNL,C,morineu01,Eugenio Morín,217.0,-7.880190207819654,-0.2702215706018182,rodrivi02,Vicente Rodríguez,208.33333333333334,-0.08595243013709467,pedroeu01,Eustaquio Pedroso,231.0,9.031733004579076,217.0,16.364545454545453,0.1842691404647235,0.0,Cuban Stars West,16,41,265.0,381.0
1922,DS,NNL,C,willipo02,Poindexter Williams,174.0,-3.2060972173300484,0.23075715394684723,petwabr01,Bruce Petway,220.0,0.8324467526076028,wesleed01,Edgar Wesley,286.0,21.17928848185981,174.0,16.091398601398605,0.6016895986607556,0.0,Detroit Stars,41,33,389.0,318.0
1922,NYB,IND,OF,shivege01,George Shively,210.0,5.028772685327591,-0.34070534714645506,ramirra04,Ramiro Ramírez,352.0,0.4939712984019218,hudspro01,Robert Hudspeth,235.0,8.47862657643802,210.0,2.547872340425533,0.8346766455483768,0.0,New York Bacharach Giants,30,37,259.0,267.0
1922,BBS,IND,OF,hallbl01,Blainey Hall,164.0,9.835041525684405,-0.32218583336635553,roberra02,Rags Roberts,273.3333333333333,-0.0049289935759821366,ridglbu01,Buck Ridgley,115.0,7.589327899107965,164.0,0.9879999999999974,0.3172568397903734,0.0,Baltimore Black Sox,25,26,189.0,216.0
1922,CTS,NNL,OF,boydfr02,Fred Boyd,188.0,5.005825995068682,-0.6338213938207709,leonabo01,Bobo Leonard,286.6666666666667,0.8361792324134925,johnscl02,Claude Johnson,218.0,3.459947164494541,188.0,-2.0220183486238485,1.4700006262342633,2.0220183486238485,Cleveland Tate Stars,15,24,238.0,316.0
1923,HIL,ECL,OF,briggot01,Otto Briggs,285.0,1.982429022082027,0.3444843283723926,thomacl03,Clint Thomas,514.6666666666666,0.7612017314626351,mackebi99,Biz Mackey,197.0,22.504942166140907,285.0,30.575482233502534,0.4167174030902425,0.0,Hilldale Club,34,20,374.0,265.0
1923,SLS,NNL,1B,mcadotu01,Tullie McAdoo,174.0,-3.4468371578656365,0.11602287714425367,bonnero01,Robert Bonner,183.0,1.8268337179932266,scalege01,George Scales,209.0,31.444776057506218,174.0,29.62574162679426,1.7108108408489728,0.0,St. Louis Stars,29,43,475.0,574.0
1923,DS,NNL,C,daniepe02,Pepper Daniels,144.0,-8.78393419961294,0.43657556014939203,petwabr01,Bruce Petway,292.0,1.0687976484975423,steartu99,Turkey Stearnes,299.0,31.87606718274813,144.0,24.13561872909699,0.6322220883481503,0.0,Detroit Stars,39,28,436.0,420.0
1923,BRG,ECL,OF,fiallto01,Tom Fiall,145.0,-9.794027339642481,-0.9293219839354054,scottbo01,Bob Scott,273.3333333333333,-0.07280489348854625,spearch01,Charlie Spearman,97.0,4.3346161934805485,145.0,16.273608247422683,0.8565170904468592,0.0,Brooklyn Royal Giants,17,18,173.0,170.0
1923,KCM,NNL,2B,anderbu02,Bubbles Anderson,223.0,-0.586578656345039,-1.3060758635422682,sweatge01,George Sweatt,355.0,0.09748324139080074,roganbu99,Bullet Rogan,230.0,15.837743986729333,223.0,15.942304347826086,1.403559104933069,0.0,Kansas City Monarchs,59,36,636.0,450.0
1923,NLG,ECL,OF,thomaju02,Jules Thomas,152.0,-0.08070452155625696,-0.7206882361639748,wilsobe01,Bennie Wilson,277.6666666666667,0.22321435248405105,singeor01,Orville Singer,104.0,10.327939011566771,152.0,15.175384615384614,0.9439025886480259,0.0,New York Lincoln Giants,16,21,186.0,162.0
1923,CAG,NNL,OF,gardnje02,Jelly Gardner,334.0,-0.4123196018800055,-0.05248650558691474,torricr99,Cristóbal Torriente,619.0,1.1164063783899918,beckwjo02,John Beckwith,296.0,10.911357478573407,334.0,12.724459459459458,1.1688928839769066,0.0,Chicago American Giants,42,29,440.0,363.0
1923,BBB,IND,OF,kempjo01,John Kemp,162.0,-1.9635189873417733,0.41203801689324804,suttlmu99,Mule Suttles,318.0,0.5706589604432158,weslech01,Charles Wesley,152.0,6.946945147679323,162.0,9.3675,0.1586209435499678,0.0,Birmingham Black Barons,16,25,183.0,212.0
1923,MB,NNL,SS,pryoran01,Anderson Pryor,263.0,-4.3304492673486354,-1.378860247076437,hewitjo01,Joe Hewitt,157.0,-1.0093604771562104,wilsope02,Percy Wilson,273.0,4.89858307990047,263.0,9.049597069597072,0.3694997699202267,0.0,Milwaukee Bears,11,42,254.0,418.0
1923,BBS,ECL,OF,hallbl01,Blainey Hall,211.0,10.891587802313357,0.15685523742421625,kempdu01,Ducky Kemp,351.0,1.0778077819162688,smithwy01,Wyman Smith,87.0,7.595583596214512,211.0,7.529885057471264,0.9209525444920525,0.0,Baltimore Black Sox,19,31,285.0,409.0
1923,ABC,NNL,OF,shivege01,George Shively,330.0,-0.371932540779655,-0.3146553582931755,washina01,Namon Washington,379.3333333333333,1.1257964106853007,blackhe01,Henry Blackmon,275.0,2.198389549350285,330.0,3.0099999999999967,1.4404517689784762,0.0,Indianapolis ABCs,46,32,488.0,438.0
1923,CSW,NNL,OF,drekeva01,Valentín Dreke,284.0,8.86251866187447,-0.40237093511436517,camporo01,Roberto Campos,509.0,1.1485966648937476,montaes01,Estéban Montalvo,264.0,7.604453967376275,284.0,-0.6819696969696888,1.5509676000081127,0.6819696969696888,Cuban Stars West,24,33,341.0,329.0
1923,CSE,ECL,OF,mesapa01,Pablo Mesa,172.0,5.947360672975813,0.08999023352740458,omsal01,Alejandro Oms,283.6666666666667,1.617312905011304,barobe01,Bernardo Baró,168.0,2.7797476340694023,172.0,-3.1014285714285674,1.5273226714838994,3.1014285714285674,Cuban Stars East,24,17,189.0,173.0
1923,ACB,ECL,OF,masonch02,Charlie Mason,219.0,14.556813880126175,-0.7137326373350631,whitech03,Chaney White,374.6666666666667,0.5993014316637866,lundydi01,Dick Lundy,202.0,6.504458464773917,219.0,-7.504950495049503,1.3130340689988498,7.504950495049503,Atlantic City Bacharach Giants,21,24,277.0,269.0
1924,CAG,NNL,C,brownji04,Jim Brown,241.0,-3.9787624276598907,0.21169047109884734,hinesjo01,John Hines,197.0,0.320720604555272,torricr99,Cristóbal Torriente,311.0,36.00408665974181,241.0,31.879035369774925,0.10903013345642468,0.0,Chicago American Giants,51,26,454.0,346.0
1924,CSE,ECL,C,fernajo05,José María Fernández,186.0,-8.041752302741097,0.10530642828970299,cardefr01,Francisco Cárdenas,154.33333333333334,0.841170227447811,omsal01,Alejandro Oms,149.0,13.537198424148258,186.0,24.94053691275167,0.7358637991581081,0.0,Cuban Stars East,16,32,243.0,288.0
1924,ACB,ECL,OF,ramirra04,Ramiro Ramírez,235.0,-6.784687049162141,0.1311574088372591,masonch02,Charlie Mason,454.3333333333333,0.5245321603958796,lundydi01,Dick Lundy,297.0,20.22139551659083,235.0,22.78478114478115,0.39337475155862045,0.0,Atlantic City Bacharach Giants,35,32,390.0,360.0
1924,KCM,NNL,OF,mcnaihu01,Hurley McNair,311.0,18.614086659741808,0.350337912783779,sweatge01,George Sweatt,215.33333333333334,0.5856253709285224,roganbu99,Bullet Rogan,163.0,18.26092001780679,311.0,16.22730061349691,0.2352874581447434,0.0,Kansas City Monarchs,57,22,530.0,319.0
1924,BBS,ECL,C,pulleon01,O'Neal Pullen,124.0,-0.987834868494065,-1.5081125968425928,rojoju01,Julio Rojo,244.0,-0.3046753933730422,beckwjo02,John Beckwith,141.0,16.253187770502716,124.0,15.281418439716312,1.2034372034695506,0.0,Baltimore Black Sox,37,23,336.0,299.0
1924,WP,ECL,OF,washipe01,Pete Washington,226.0,-2.5216990345133716,0.6731332666257417,whitech03,Chaney White,215.0,0.8586769807293917,hamptlu01,Lucius Hampton,96.0,3.3981278437465336,226.0,10.521458333333337,0.18554371410365,0.0,Washington Potomacs,21,38,318.0,421.0
1924,HIL,ECL,1B,carrge01,George Carr,194.0,3.522258350904451,-1.6350819317983665,mackebi99,Biz Mackey,199.66666666666666,1.4410661862356622,johnsju99,Judy Johnson,294.0,17.00239152147377,194.0,7.697006802721098,3.0761481180340287,0.0,Hilldale Club,46,24,387.0,271.0
1924,BBB,NNL,C,willipo02,Poindexter Williams,216.0,-2.4883513874462078,-0.43963110415378404,dixonge01,George Dixon,246.0,-0.29889990035779335,suttlmu99,Mule Suttles,307.0,6.865352426175995,216.0,7.31869706840391,0.1407312037959907,0.0,Birmingham Black Barons,30,41,337.0,364.0
1924,MRS,NNL,OF,kempjo01,John Kemp,255.0,-6.518192610179559,-0.7252168344791593,wardpi02,Pinky Ward,293.0,0.10267495985610092,gurleea01,Earl Gurley,217.0,-1.5911678290547582,255.0,4.648387096774198,0.8278917943352602,0.0,Memphis Red Sox,17,25,231.0,282.0
1924,BRG,ECL,OF,thomaju02,Jules Thomas,171.0,5.683227721673507,-0.6204613796609179,scottbo01,Bob Scott,303.0,0.23063120391726355,casonjo01,John Cason,134.0,4.882178448562865,171.0,0.5470149253731332,0.8510925835781814,0.0,Brooklyn Royal Giants,15,25,166.0,211.0
1924,HBG,ECL,OF,jenkifa01,Fats Jenkins,270.0,10.240359560537128,0.6074964521281526,charlos99,Oscar Charleston,486.0,1.6900371019815288,wesleed01,Edgar Wesley,241.0,4.033320941072026,270.0,-5.721701244813281,1.0825406498533763,5.721701244813281,Harrisburg Giants,30,31,311.0,313.0
1926,CAG,NNL,SS,jackssa02,Sanford Jackson,327.0,-27.464653483559438,-1.3408412267036574,willich02,Charley Williams,258.0,-0.839099731886123,brownji04,Jim Brown,306.0,9.672526097953549,327.0,37.80098039215686,0.5017414948175344,0.0,Chicago American Giants,56,24,401.0,278.0
1926,ABC,NNL,OF,taylole02,LeRoy Taylor,311.0,-9.972040469073354,-0.5815188793534098,evansbi03,Bill Evans,238.66666666666666,0.765725481141616,hardiha01,Halley Harding,310.0,19.586872844332028,311.0,29.622096774193555,1.3472443604950257,0.0,Indianapolis ABCs,38,47,473.0,410.0
1926,NLG,ECL,OF,johnsge01,George Johnson,193.0,-5.441379142300195,0.7346699262769139,youngbu01,Burdell Young,380.0,0.7505502794904443,hudspro01,Robert Hudspeth,206.0,16.06443469785575,193.0,20.492038834951455,0.01588035321353043,0.0,New York Lincoln Giants,21,30,247.0,303.0
1926,BBS,ECL,SS,seaydi01,Dick Seay,69.0,-8.58375730994152,-1.3827658240243532,fiallge01,George Fiall,156.33333333333334,-0.8112109884124967,wilsoju99,Jud Wilson,204.0,25.325847953216382,69.0,17.149852941176473,0.5715548356118565,0.0,Baltimore Black Sox,22,38,262.0,357.0
1926,HIL,ECL,SS,stephja02,Jake Stephens,244.0,-1.8224171539961036,-0.5640564910595871,robinne02,Newt Robinson,227.0,-0.35163043127495536,carrge01,George Carr,329.0,16.07251949317738,244.0,13.742462006079023,0.21242605978463175,0.0,Hilldale Club,52,32,498.0,388.0
1926,DM,NNL,OF,ducyra01,Ralph Ducy,124.0,-9.645250862267186,-1.0513551676761694,evansbi03,Bill Evans,200.0,0.5702913553632671,huffed01,Eddie Huff,88.0,-5.4743715796734875,124.0,1.931363636363636,1.6216465230394366,0.0,Dayton Marcos,6,36,100.0,260.0
1927,BBS,ECL,OF,hollocr01,Crush Holloway,300.0,-6.2230246269115,-0.07959975922962675,washipe01,Pete Washington,552.0,1.4704048027989818,wilsoju99,Jud Wilson,283.0,43.72798010194681,300.0,52.5777738515901,1.5500045620286085,0.0,Baltimore Black Sox,33,35,357.0,334.0
1927,SLS,NNL,OF,reduswi01,Wilson Redus,404.0,36.61849441694958,-0.62163726684053,bellco99,Cool Papa Bell,826.6666666666666,0.1936032148387829,suttlmu99,Mule Suttles,116.0,24.906597406846906,404.0,50.12517241379309,0.8152404816793128,0.0,St. Louis Stars,59,36,620.0,508.0
1927,DS,NNL,2B,johnscl02,Claude Johnson,390.0,7.206318867847357,-0.4245844056150667,demosbi01,Bingo DeMoss,234.0,0.8878217062886009,rileed01,Ed Rile,303.0,33.45637081271216,390.0,35.856336633663346,1.3124061119036676,0.0,Detroit Stars,51,44,501.0,467.0
1927,HBG,ECL,3B,cannawa01,Walter Cannady,297.0,13.33950561935761,-1.257719441428411,beckwjo02,John Beckwith,213.33333333333334,-0.5320987561849735,charlos99,Oscar Charleston,304.0,44.100268378063,297.0,29.745296052631566,0.7256206852434375,0.0,Harrisburg Giants,37,30,390.0,347.0
1927,BBB,NNL,SS,owensde01,Dewitt Owens,262.0,-10.007857581087158,-0.823039326615764,hamiljh01,J. H. Hamilton,174.33333333333334,-0.03221372660904931,willipo02,Poindexter Williams,245.0,12.973072109288726,262.0,23.881102040816327,0.7908256000067146,0.0,Birmingham Black Barons,52,43,475.0,439.0
1927,KCM,NNL,1B,gilesge01,George Giles,224.0,-3.1351912143645966,1.2970899119587305,hawkile01,Lemuel Hawkins,252.66666666666666,1.5039293843421295,roganbu99,Bullet Rogan,146.0,7.755545012065934,224.0,15.0341095890411,0.20683947238339906,0.0,Kansas City Monarchs,55,33,460.0,327.0
1927,CHT,NNL,OF,duffer01,Ernest Duff,157.0,2.0808258006462435,-0.15574679448919826,evansbi03,Bill Evans,190.66666666666666,0.8494727928842818,wesleed01,Edgar Wesley,103.0,9.83672011125199,157.0,12.913009708737857,1.00521958737348,0.0,Cleveland Hornets,12,37,170.0,311.0
1927,HIL,ECL,OF,thomacl03,Clint Thomas,322.0,8.23508690044831,-0.6761992122038136,johnsge01,George Johnson,245.33333333333334,1.1185117947512018,mackebi99,Biz Mackey,118.0,6.997143646748141,322.0,10.858813559322037,1.7947110069550154,0.0,Hilldale Club,37,45,397.0,471.0
1927,MRS,NNL,OF,wardpi02,Pinky Ward,301.0,-3.308225694302421,0.4259047921793019,hickscl01,Clarence Hicks,171.66666666666666,1.0391277529551914,rogerna01,Nat Rogers,213.0,2.1295279970550935,301.0,6.317558685446004,0.6132229607758896,0.0,Memphis Red Sox,25,67,264.0,488.0
1927,NLG,ECL,OF,masonch02,Charlie Mason,126.0,14.043729656697167,-1.3262069130214962,johnsge01,George Johnson,205.0,-0.9600269425023048,scalege01,George Scales,115.0,15.669673893017258,126.0,3.1247826086956567,0.3661799705191914,0.0,New York Lincoln Giants,10,15,160.0,222.0
1927,CSW,NNL,OF,drekeva01,Valentín Dreke,269.0,13.428230193463937,0.32212203171988907,lopezca02,Cando López,325.6666666666667,1.964160383808582,garcico01,Cocaína García,156.0,7.758527547138939,269.0,-0.0497435897435874,1.6420383520886928,0.0497435897435874,Cuban Stars West,22,47,227.0,336.0
1927,CAG,NNL,C,brayja01,James Bray,161.0,9.220018814675448,-0.23473718535641142,russpy01,Pythias Russ,250.33333333333334,0.9889735145510894,brownji04,Jim Brown,316.0,2.4562481083070864,161.0,-7.96857594936709,1.223710699907501,7.96857594936709,Chicago American Giants,62,31,407.0,313.0
1928,BBS,ECL,OF,hollocr01,Crush Holloway,281.0,1.7243582704186622,-0.43368292826512816,washipe01,Pete Washington,518.6666666666666,0.7964827675986469,dixonra01,Rap Dixon,260.0,35.341043239533285,281.0,36.471153846153854,1.230165695863775,0.0,Baltimore Black Sox,5,2,338.0,335.0
1928,HIL,EAS,OF,briggot01,Otto Briggs,248.0,-4.966736842105262,0.1821242492031342,thomacl03,Clint Thomas,233.66666666666666,0.9275424152156083,charlos99,Oscar Charleston,251.0,27.270923599320877,248.0,31.911713147410353,0.7454181660124741,0.0,Hilldale Club,35,28,303.0,294.0
1928,KCM,NNL,OF,taylole02,LeRoy Taylor,304.0,-8.241695606836835,-0.3358958967665711,hardiha01,Halley Harding,155.0,0.6471608734316016,roganbu99,Bullet Rogan,223.0,14.802571972616404,304.0,28.420986547085207,0.9830567701981727,0.0,Kansas City Monarchs,50,29,385.0,294.0
1928,CTG,NNL,OF,summeta01,Tack Summers,244.0,-6.095571473908505,-0.43875669233447734,singeor01,Orville Singer,314.3333333333333,1.2666622307279987,meltoba01,Babe Melton,210.0,18.94856553475087,244.0,28.111999999999988,1.705418923062476,0.0,Cleveland Tigers,20,59,278.0,418.0
1928,SLS,NNL,3B,creacde01,Dewey Creacy,339.0,20.701398648954985,-0.9139951142667754,russejo03,John Henry Russell,162.0,0.6609600468651995,suttlmu99,Mule Suttles,333.0,39.61801106224782,339.0,19.630450450450446,1.574955161131975,0.0,St. Louis Stars,63,26,547.0,381.0
1928,DS,NNL,2B,demosbi01,Bingo DeMoss,137.0,-12.879316770186334,-0.0023842284328219887,oranggr01,Grady Orange,261.6666666666667,1.2391220187646317,johnscl02,Claude Johnson,333.0,15.568011062247809,137.0,19.284174174174172,1.2415062471974536,0.0,Detroit Stars,53,36,487.0,445.0
1928,MRS,NNL,3B,robinbo01,Bobby Robinson,204.0,-4.4948220519562945,-0.4655456777033711,loweki01,Kid Lowe,185.0,0.04679191280951789,rogerna01,Nat Rogers,101.0,6.360357709570657,204.0,17.34148514851485,0.512337590512889,0.0,Memphis Red Sox,33,51,346.0,381.0
1928,ACB,ECL,C,casonjo01,John Cason,114.0,-3.6120041180507894,-0.47592524444022344,joneswi03,Willie Jones,218.66666666666666,0.057442228177389254,farrelu02,Luther Farrell,93.0,9.464680851063829,114.0,15.213870967741936,0.5333674726176127,0.0,Atlantic City Bacharach Giants,2,5,321.0,304.0
1928,CAG,NNL,3B,malarda01,Dave Malarcher,123.0,-3.2805544725030567,-0.10916681060889236,jackssa02,Sanford Jackson,233.66666666666666,0.7708311302709959,russpy01,Pythias Russ,300.0,8.799379335358388,123.0,6.8882999999999965,0.8799979408798883,0.0,Chicago American Giants,56,37,362.0,276.0
1928,CSW,NNL,OF,lopezca02,Cando López,203.0,0.04794668359251242,0.7274789558886456,alonsro01,Rogelio Alonso,279.3333333333333,0.9626199488586842,jimenbi01,Bienvenido Jiménez,215.0,5.464721857006841,203.0,5.111767441860459,0.23514099297003854,0.0,Cuban Stars West,13,41,169.0,279.0
1928,BBB,NNL,OF,parnero01,Roy Parnell,331.0,13.73354853334542,0.1331791003909721,alexach01,Chuffie Alexander,469.6666666666667,1.0489677626731062,meredge01,Geechie Meredith,342.0,3.343092442308561,331.0,-10.49798245614035,0.9157886622821341,10.49798245614035,Birmingham Black Barons,45,54,344.0,430.0
1929,HIL,ANL,OF,hollocr01,Crush Holloway,379.0,-11.440442353516216,-0.7774855826721667,charlos99,Oscar Charleston,595.6666666666666,0.19022210584326021,dihigma99,Martín Dihigo,336.0,27.46330176574814,379.0,42.41839285714284,0.967707688515427,0.0,Hilldale Club,40,35,502.0,448.0
1929,SLS,NNL,OF,reduswi01,Wilson Redus,402.0,8.38102761054599,-0.004847242906816707,bellco99,Cool Papa Bell,787.0,1.2391387500541484,palmcl01,Clarence Palm,223.0,20.888555117292917,402.0,29.274573991031378,1.2439859929609651,0.0,St. Louis Stars,56,31,649.0,443.0
1929,HG,ANL,OF,harrivi02,Vic Harris,305.0,-0.17283619478217993,0.6313914342120375,jackssa02,Sanford Jackson,246.66666666666666,0.9293195941570597,beckwjo02,John Beckwith,196.0,18.43525936335309,305.0,28.86035714285714,0.2979281599450222,0.0,Homestead Grays,34,29,389.0,398.0
1929,CAG,NNL,3B,jeffrha01,Harry Jeffries,195.0,-12.720770188914262,0.32585170147745063,willich02,Charley Williams,246.33333333333334,0.9612266410439891,russpy01,Pythias Russ,258.0,18.620211750051897,195.0,26.79418604651163,0.6353749395665385,0.0,Chicago American Giants,48,38,333.0,340.0
1929,CSE,ANL,OF,ramosch02,Cheo Ramos,215.0,-6.028720596321866,-0.6183483963811456,lambene01,Néstor Lambertus,157.0,1.2049183813084792,vargate01,Tetelo Vargas,126.0,10.396238162155555,215.0,23.768333333333327,1.8232667776896248,0.0,Cuban Stars East,15,41,312.0,436.0
1929,ACB,ANL,3B,lindscl01,Clarence Lindsay,266.0,-8.005719435449382,-0.19386211703848877,walkeho01,Hoss Walker,169.0,-0.17149393291690462,jenkifa01,Fats Jenkins,254.0,12.554162644345329,266.0,21.152992125984255,0.022368184121584145,0.0,Atlantic City Bacharach Giants,19,45,381.0,546.0
1929,BBB,NNL,1B,thomada02,Dave Thomas,332.0,-5.312285654971979,-1.3853396918016898,mcallge01,George McAllister,346.0,-0.0936913080152744,smithcl02,Clarence Smith,299.0,12.818152376998137,332.0,19.54515050167225,1.2916483837864154,0.0,Birmingham Black Barons,32,57,396.0,512.0
1929,KCM,NNL,OF,livinld01,L. D. Livingston,296.0,7.540010379904508,-1.3422120708396568,roganbu99,Bullet Rogan,555.0,0.33686206513905037,youngto01,Tom Young,150.0,12.487099854681336,296.0,17.101199999999995,1.6790741359787071,0.0,Kansas City Monarchs,62,17,495.0,273.0
1929,DS,NNL,C,radclte01,Ted Radcliffe,135.0,2.766389869213204,-0.8743168721339838,stevefo01,Foots Stevens,227.0,-0.8276096835032515,steartu99,Turkey Stearnes,305.0,38.7444363711854,135.0,14.382786885245908,0.04670718863073231,0.0,Detroit Stars,32,37,435.0,442.0
1929,MRS,NNL,3B,loweki01,Kid Lowe,215.0,-4.579823541623416,-0.20552359284864383,lauremi01,Milt Laurent,155.0,-0.09920936417237891,brownla02,Larry Brown,311.0,10.02072036537264,215.0,11.50733118971061,0.10631422867626492,0.0,Memphis Red Sox,21,51,287.0,415.0
1929,CSW,NNL,OF,lopezca02,Cando López,185.0,-6.021243512559684,0.8809204956848328,alonsro01,Rogelio Alonso,325.0,1.1652207061410222,jimenbi01,Bienvenido Jiménez,164.0,2.151762507784931,185.0,8.448536585365856,0.2843002104561895,0.0,Cuban Stars West,13,33,169.0,239.0
1929,NLG,ANL,OF,smithch12,Charlie Smith,305.0,59.32716380521783,0.15770531137389326,meltoba01,Babe Melton,240.33333333333334,0.7842499834755486,scalege01,George Scales,241.0,25.443201564122926,305.0,-27.127261410788396,0.6265446721016554,27.127261410788396,New York Lincoln Giants,40,26,508.0,419.0
1930,SLS,NNL,OF,russebr01,Branch Russell,410.0,20.01581944982565,-0.44474723491290014,bellco99,Cool Papa Bell,691.0,1.016950066577502,suttlmu99,Mule Suttles,206.0,39.12824099186361,410.0,57.86077669902912,1.461697301490402,0.0,St. Louis Stars,65,22,740.0,465.0
1930,NLG,IND,OF,thomacl03,Clint Thomas,232.0,9.56884401521803,0.17284701512022504,steartu99,Turkey Stearnes,161.0,0.6087546911727226,beckwjo02,John Beckwith,85.0,15.717636815920397,232.0,33.3310588235294,0.4359076760524976,0.0,New York Lincoln Giants,41,14,411.0,295.0
1930,BBB,NNL,SS,coopean01,Anthony Cooper,257.0,-15.284864393645869,-0.6862273422164765,owensde01,Dewitt Owens,214.0,0.062182098453749814,andreja01,Jabbo Andrews,122.0,8.5604145679969,257.0,33.317868852459014,0.7484094406702263,0.0,Birmingham Black Barons,42,47,355.0,385.0
1930,DS,NNL,OF,hollocr01,Crush Holloway,317.0,-7.754988376598219,0.07661982026889524,steartu99,Turkey Stearnes,305.3333333333333,1.6276339307674876,rileed01,Ed Rile,279.0,17.972423479271594,317.0,28.175268817204298,1.5510141104985924,0.0,Detroit Stars,47,33,374.0,338.0
1930,CAG,NNL,3B,jeffrha01,Harry Jeffries,185.0,-15.418715614103064,0.5521290355512092,jackssa02,Sanford Jackson,255.0,1.442197139149346,fernajo05,José María Fernández,118.0,7.209089500193722,185.0,26.721101694915255,0.8900681035981368,0.0,Chicago American Giants,43,46,352.0,461.0
1930,KCM,NNL,SS,hardiha01,Halley Harding,275.0,-6.068901588531579,-0.5951864138380257,allenne02,Newt Allen,258.0,-0.5103444238776447,youngto01,Tom Young,211.0,13.359897326617595,275.0,23.481090047393376,0.08484198996038106,0.0,Kansas City Monarchs,35,23,385.0,322.0
1930,HIL,IND,OF,briggot01,Otto Briggs,107.0,-6.382386596429617,-1.4452666864937758,burbabu01,Buddy Burbage,192.0,-0.5003850326330448,mackebi99,Biz Mackey,122.0,13.448961076968098,107.0,18.1777868852459,0.944881653860731,0.0,Hilldale Club,8,30,186.0,262.0
1930,MRS,NNL,2B,westji01,Jim West,130.0,-4.746935296396746,-0.8593706445146895,lauremi01,Milt Laurent,164.33333333333334,0.6096426884605005,andreja01,Jabbo Andrews,148.0,10.259027508717546,130.0,13.75824324324324,1.46901333297519,0.0,Memphis Red Sox,28,40,344.0,449.0
1930,HG,IND,OF,harrivi02,Vic Harris,259.0,11.809269827333921,-0.4046753945778236,whitech03,Chaney White,400.6666666666667,0.055443377870031334,scalege01,George Scales,239.0,19.227472929470288,259.0,9.027196652719656,0.46011877244785493,0.0,Homestead Grays,44,15,378.0,249.0
1931,BBS,IND,OF,hollocr01,Crush Holloway,228.0,-3.906916715888958,-0.1668178837667191,washipe01,Pete Washington,444.6666666666667,0.7951941763307815,beckwjo02,John Beckwith,123.0,14.581137034849373,228.0,30.935365853658528,0.9620120600975006,0.0,Baltimore Black Sox,22,38,214.0,276.0
1931,CCU,NNL,OF,ridleja01,Jack Ridley,144.0,0.10379720641489909,-0.6424375079225175,lauremi01,Milt Laurent,164.0,-0.6127958158654329,coxco01,Comer Cox,90.0,4.334873254009312,144.0,6.832000000000001,0.029641692057084668,0.0,Cleveland Cubs,23,21,152.0,172.0
1931,LOW,NNL,OF,mcneare01,Red McNeal,112.0,-0.08260217278841175,-0.22057689159181681,gisenwi01,Willie Gisentaner,162.33333333333334,0.5100726556274542,hughesa01,Sammy Hughes,92.0,5.359648215209518,112.0,6.607391304347825,0.730649547219271,0.0,Louisville White Sox,17,34,127.0,159.0
1931,AB2,NNL,OF,andreja01,Jabbo Andrews,186.0,5.704071391619243,-0.6922845497703753,williji05,Jim Williams,318.6666666666667,0.746964036612989,mitchge01,George Mitchell,130.0,6.7903724780134525,186.0,4.011384615384619,1.4392485863833644,0.0,Indianapolis ABCs,32,26,225.0,231.0
1932,WAP,EWL,OF,johnsbe03,Bert Johnson,250.0,-3.4355477855477874,-0.24903815107701172,evansbi03,Bill Evans,169.33333333333334,1.5464492620578907,suttlmu99,Mule Suttles,111.0,11.944416783216782,250.0,30.337387387387388,1.7954874131349023,0.0,Washington Pilots,12,22,310.0,341.0
1932,HG,EWL,OF,taylole02,LeRoy Taylor,148.0,0.16255571095570764,-0.8642853959446257,andreja01,Jabbo Andrews,212.0,-0.012238754255185974,perkibi01,Bill Perkins,89.0,11.267144988344986,148.0,18.5738202247191,0.8520466416894398,0.0,Homestead Grays,17,11,347.0,251.0
1932,AB2,NSL,OF,williji05,Jim Williams,154.0,-0.5810636059301779,0.6412419507754942,jackssa02,Sanford Jackson,190.33333333333334,1.2149012829798085,scottjo02,Joe Scott,155.0,12.738799617407933,154.0,13.237677419354833,0.5736593322043143,0.0,Indianapolis ABCs,16,20,159.0,209.0
1932,NEG,NSL,OF,ridleja01,Jack Ridley,124.0,-7.486960306073648,-0.1459151660290427,stratfe01,Felton Stratton,189.66666666666666,0.17948670244429132,hendehe01,Henry Henderson,85.0,3.1483739837398366,124.0,12.079882352941175,0.325401868473334,0.0,Nashville Elite Giants,24,22,135.0,146.0
1932,MRM,NSL,OF,wrighzo01,Zollie Wright,220.0,16.50990913438546,-0.5338523277250261,harrisa01,Sammy Harris,182.33333333333334,0.3426390838053181,mornele01,Leroy Morney,230.0,28.148541367766615,220.0,10.414782608695651,0.8764914115303442,0.0,Monroe Monarchs,34,14,268.0,160.0
1932,CUP,EWL,OF,rojasra01,Ramón Rojas,118.0,-0.22917855477855475,-1.4135323830667375,salazla01,Lázaro Salazar,211.33333333333334,0.6249056234099966,masonch02,Charlie Mason,90.0,1.5652027972027982,118.0,2.2813333333333343,2.038438006476734,0.0,Pollock's Cuban Stars,10,12,115.0,141.0
1933,PC,NN2,OF,bellco99,Cool Papa Bell,335.0,7.64776853252647,-0.37038445370442197,crutcji01,Jimmie Crutchfield,464.3333333333333,0.15849734379907615,gibsojo99,Josh Gibson,267.0,38.54926626323752,335.0,40.71928838951312,0.5288817975034981,0.0,Pittsburgh Crawfords,34,21,417.0,321.0
1933,NEG,NN2,OF,wrighwi01,Wild Bill Wright,138.0,3.3749016641452334,0.8439512642966145,bankhsa01,Sam Bankhead,244.0,1.007306714198285,dukesto02,Tommie Dukes,113.0,6.001187594553703,138.0,3.953982300884952,0.1633554499016705,0.0,Nashville Elite Giants,20,18,152.0,145.0
1933,CBB,NN2,OF,reduswi01,Wilson Redus,120.0,3.6138275340393324,-1.5231772609180776,andreja01,Jabbo Andrews,194.33333333333334,0.45891768904012653,griffcl02,Clarence Griffin,90.0,4.395370650529498,120.0,2.246666666666664,1.9820949499582041,0.0,Columbus Blue Birds,15,25,129.0,169.0
1933,CAG,NN2,OF,steartu99,Turkey Stearnes,197.0,18.512866868381245,0.27609215219153643,rogerna01,Nat Rogers,326.6666666666667,0.43833693902193194,radclal01,Alex Radcliff,168.0,10.483358547655072,197.0,-6.2198809523809535,0.1622447868303955,6.2198809523809535,Chicago American Giants,37,16,270.0,218.0
1934,PC,NN2,SS,mornele01,Leroy Morney,251.0,-6.551848801025079,-1.0228721865875987,willich03,Chester Williams,234.0,0.41556979691359197,gibsojo99,Josh Gibson,272.0,26.453335163829394,251.0,30.96283088235294,1.4384419835011908,0.0,Pittsburgh Crawfords,40,26,367.0,295.0
1934,NBY,IND,OF,thomacl03,Clint Thomas,92.0,-0.458185941043084,0.22106309975129512,jenkifa01,Fats Jenkins,170.66666666666666,0.4893667638312637,spearcl01,Clyde Spearman,90.0,6.851122448979592,92.0,7.461555555555558,0.2683036640799686,0.0,New York Black Yankees,11,15,95.0,72.0
1934,ND,NN2,OF,johnsbe03,Bert Johnson,131.0,15.011385685520775,-0.19702956158212964,arnolpa01,Paul Arnold,232.0,0.6181964139210181,burbabu01,Buddy Burbage,132.0,18.79544206479956,131.0,3.641666666666664,0.8152259755031477,0.0,Newark Dodgers,16,16,192.0,201.0
1935,CAG,NN2,OF,reduswi01,Wilson Redus,200.0,-17.34597797295413,-1.1797076629078411,steartu99,Turkey Stearnes,382.3333333333333,0.09649081152194199,wellswi99,Willie Wells,213.0,17.405033458803846,200.0,33.68873239436619,1.2761984744297832,0.0,Chicago American Giants,24,31,284.0,301.0
1935,PS,NN2,OF,whitech03,Chaney White,209.0,-2.366046981737064,0.5318285906750423,dunnja02,Jake Dunn,319.6666666666667,1.3718107024317239,wilsoju99,Jud Wilson,211.0,15.79949323853339,209.0,18.015781990521322,0.8399821117566816,0.0,Philadelphia Stars,35,30,335.0,363.0
1935,PC,NN2,OF,bankhsa01,Sam Bankhead,242.0,11.880366652725499,-1.3287913854335618,crutcji01,Jimmie Crutchfield,339.0,1.2900755048892307,gibsojo99,Josh Gibson,194.0,21.49740136623449,242.0,14.9359793814433,2.6188668903227925,0.0,Pittsburgh Crawfords,48,23,370.0,264.0
1935,HG,NN2,OF,harrivi02,Vic Harris,197.0,8.210711696640175,-0.07522492781601688,benjaje01,Jerry Benjamin,350.0,0.9428410953075348,leonabu99,Buck Leonard,179.0,17.000849714206055,197.0,10.499720670391069,1.0180660231235517,0.0,Homestead Grays,25,34,317.0,297.0
1935,CEG,NN2,OF,wrighwi01,Wild Bill Wright,137.0,5.174505088526419,-0.04081674258069595,wrighzo01,Zollie Wright,239.66666666666666,0.1440738298406592,mornele01,Leroy Morney,109.0,7.446942004739999,137.0,4.185412844036698,0.18489057242135515,0.0,Columbus Elite Giants,28,24,193.0,153.0
1935,ND,NN2,OF,williji05,Jim Williams,144.0,6.518895859473021,-0.39094256102498925,arnolpa01,Paul Arnold,219.0,0.8453241085206054,starkji01,Jim Starks,112.0,4.250252335145685,144.0,-1.054285714285712,1.2362666695455946,1.054285714285712,Newark Dodgers,18,43,195.0,320.0
1935,NYC,NN2,OF,omsal01,Alejandro Oms,175.0,12.239769273665136,-0.6112015602438575,dihigma99,Martín Dihigo,159.0,0.8555676230557636,salazla01,Lázaro Salazar,153.0,9.728826850690085,175.0,-1.1120261437908563,1.466769183299621,1.1120261437908563,New York Cubans,29,23,206.0,201.0
1936,NE,NN2,OF,stoneed01,Ed Stone,138.0,6.895593392630241,-0.09300365266944105,christh01,Thad Christopher,250.66666666666666,-0.022588445683833724,suttlmu99,Mule Suttles,111.0,18.40515120711563,138.0,15.986486486486486,0.07041520698560733,0.0,Newark Eagles,27,31,167.0,196.0
1936,WEG,NN2,OF,currygo01,Goose Curry,207.0,3.8533900889453614,-1.221955822437908,wrighwi01,Wild Bill Wright,305.0,0.05629770047106919,westji01,Jim West,175.0,9.227310461668786,207.0,7.061200000000002,1.278253522908977,0.0,Washington Elite Giants,25,32,278.0,258.0
1936,NYC,NN2,OF,spearcl01,Clyde Spearman,181.0,7.93407539178314,-1.282919164796662,salazla01,Lázaro Salazar,249.0,-0.7640117393641298,dihigma99,Martín Dihigo,151.0,11.710250741211352,181.0,6.102715231788082,0.5189074254325322,0.0,New York Cubans,22,24,258.0,228.0
1936,NBY,NN2,OF,jenkifa01,Fats Jenkins,140.0,4.077848369335026,0.15594346192402309,barkema01,Marvin Barker,259.6666666666667,1.386845734125679,scalege01,George Scales,140.0,10.037848369335027,140.0,5.960000000000001,1.2309022722016558,0.0,New York Black Yankees,16,12,190.0,148.0
1937,HG,NN2,OF,benjaje01,Jerry Benjamin,259.0,7.479992088607606,0.240211730581599,williji05,Jim Williams,406.3333333333333,0.6693537681644063,gibsojo99,Josh Gibson,183.0,39.00188630198917,259.0,47.71939890710384,0.4291420375828073,0.0,Homestead Grays,41,17,444.0,250.0
1937,CAG,NAL,OF,reduswi01,Wilson Redus,174.0,-8.535123579101056,-0.4651494781945149,dunlahe01,Herman Dunlap,302.3333333333333,0.3881255128184579,radclal01,Alex Radcliff,175.0,6.9744446761914745,174.0,15.469714285714293,0.8532749910129729,0.0,Chicago American Giants,35,23,199.0,235.0
1937,NBY,NN2,OF,jenkifa01,Fats Jenkins,147.0,-5.874058544303799,-0.0793401113440987,thomacl03,Clint Thomas,258.0,1.194386267636471,gilesge01,George Giles,158.0,6.150535714285715,147.0,11.596392405063291,1.2737263789805697,0.0,New York Black Yankees,21,31,182.0,226.0
1937,CT,NAL,OF,davenll01,Lloyd Davenport,170.0,8.126603399728856,0.35295978364189434,robinne01,Neil Robinson,279.3333333333333,0.758641317691249,easteho01,Howard Easterling,145.0,11.677397017415794,170.0,5.564137931034488,0.40568153404935464,0.0,Cincinnati Tigers,34,19,208.0,164.0
1937,KCM,NAL,OF,miltohe01,Henry Milton,229.0,9.811130461987698,-0.664477080597555,brownwi02,Willard Brown,333.6666666666667,0.13456145219307092,dwighed01,Eddie Dwight,136.0,6.421282719783081,229.0,1.0011764705882251,0.7990385327906259,0.0,Kansas City Monarchs,51,18,357.0,180.0
1937,WEG,NN2,OF,wrighwi01,Wild Bill Wright,159.0,16.704589737793842,-0.5842884662234719,wrighzo01,Zollie Wright,277.3333333333333,-0.3334400456577187,westji01,Jim West,154.0,11.56431962025316,159.0,-4.7648051948051915,0.2508484205657532,4.7648051948051915,Washington Elite Giants,24,34,199.0,199.0
1938,PC,NN2,OF,hairsna01,Napoleon Hairston,153.0,-3.904734735761931,-0.5504136453784212,bankhsa01,Sam Bankhead,242.0,1.339501672836937,williha03,Harry Williams,157.0,15.356710107747562,153.0,18.87019108280255,1.8899153182153583,0.0,Pittsburgh Crawfords,25,23,220.0,223.0
1938,PS,NN2,3B,creacde01,Dewey Creacy,161.0,-8.191845048742946,-0.24852398958420496,wilsoju99,Jud Wilson,187.0,0.5427738838580205,pattepa02,Pat Patterson,183.0,10.44610159055926,161.0,17.382131147540985,0.7912978734422255,0.0,Philadelphia Stars,39,26,346.0,388.0
1938,BBB,NAL,OF,owenssy01,Sylvester Owens,96.0,-6.053890141179261,0.2669779413517279,willime01,Melzar Williams,156.66666666666666,0.46945988849632614,whatlda01,David Whatley,102.0,10.892741724997036,96.0,16.305882352941175,0.20248194714459822,0.0,Birmingham Black Barons,12,36,104.0,171.0
1938,KCM,NAL,C,elseha01,Harry Else,102.0,4.262741724997037,0.05407666763987423,duncafr02,Frank Duncan,160.0,0.27641568127919136,brownwi02,Willard Brown,191.0,20.794447739945426,102.0,6.842146596858636,0.22233901363931713,0.0,Kansas City Monarchs,42,25,284.0,192.0
1938,NBY,NN2,OF,barkema01,Marvin Barker,136.0,-0.24087532067727047,-1.3666572059057374,jenkifa01,Fats Jenkins,179.66666666666666,-0.12868285082738462,campbda03,Dave Campbell,121.0,2.613706516162133,136.0,3.1785950413223127,1.2379743550783529,0.0,New York Black Yankees,11,27,136.0,202.0
1938,MRS,NAL,OF,davenll01,Lloyd Davenport,132.0,6.915901055878512,-0.17800990775838899,hydeco01,Cowan Hyde,217.0,0.9613958514860312,rogerna01,Nat Rogers,107.0,6.841601613477276,132.0,1.5242056074766315,1.1394057592444202,0.0,Memphis Red Sox,34,23,159.0,230.0
1938,NE,NN2,OF,stoneed01,Ed Stone,114.0,10.121178040020522,-0.4804990684116912,crutcji01,Jimmie Crutchfield,222.66666666666666,0.8985348461067495,wellswi99,Willie Wells,109.0,7.059371985633658,114.0,-2.737981651376146,1.3790339145184407,2.737981651376146,Newark Eagles,23,29,136.0,137.0
1938,CAG,NAL,OF,reduswi01,Wilson Redus,157.0,6.02020049827975,-0.6925478833311329,steartu99,Turkey Stearnes,166.0,0.6646103015565155,byassu01,Subby Byas,98.0,1.1116538142128354,157.0,-4.239285714285718,1.3571581848876484,4.239285714285718,Chicago American Giants,31,32,191.0,172.0
1939,HG,NN2,OF,harrivi02,Vic Harris,151.0,1.9142734719596763,-0.593629523473798,benjaje01,Jerry Benjamin,159.0,1.4158421644694434,gibsojo99,Josh Gibson,126.0,21.418797731568997,151.0,23.754285714285707,2.0094716879432415,0.0,Homestead Grays,32,18,262.0,154.0
1939,SL3,NAL,OF,bradfbi02,Bill Bradford,120.0,-5.634043510877716,-1.5187358617740438,greenle02,Leslie Green,210.33333333333334,0.38565554506878696,riddlma01,Marshall Riddle,103.0,4.470612653163292,120.0,10.84252427184466,1.904391406842831,0.0,St. Louis Stars,20,23,129.0,132.0
1939,BEG,NN2,OF,kimbrhe01,Henry Kimbro,141.0,3.0900831758034046,0.35465956511710794,wrighwi01,Wild Bill Wright,211.0,0.6357019056820381,hoskibi01,Bill Hoskins,117.0,10.706026465028355,141.0,9.81205128205128,0.28104234056493016,0.0,Baltimore Elite Giants,22,25,178.0,152.0
1939,NE,NN2,OF,wilsofr02,Fred Wilson,149.0,9.19143541272842,-0.5142481432723995,stoneed01,Ed Stone,244.0,0.3701828092334333,suttlmu99,Mule Suttles,160.0,19.857044738500313,149.0,9.300437499999996,0.8844309525058328,0.0,Newark Eagles,35,25,241.0,178.0
1939,KCM,NAL,OF,steartu99,Turkey Stearnes,215.0,16.428172043010754,-0.6676949274039201,miltohe01,Henry Milton,414.3333333333333,-0.27097891128977075,brownwi02,Willard Brown,188.0,18.207331832958243,215.0,4.394042553191491,0.39671601611414936,0.0,Kansas City Monarchs,38,22,264.0,200.0
1939,MRS,NAL,OF,davenll01,Lloyd Davenport,123.0,0.8716054013503388,-0.24445933290503774,rogerna01,Nat Rogers,157.66666666666666,-0.09168485932752413,robinne01,Neil Robinson,105.0,2.7877119279819937,123.0,2.3939999999999966,0.15277447357751361,0.0,Memphis Red Sox,24,29,106.0,169.0
1939,NBY,NN2,OF,wrighzo01,Zollie Wright,91.0,0.23913169502205123,0.5311643982245349,currygo01,Goose Curry,173.66666666666666,1.455231927055309,cannawa01,Walter Cannady,98.0,2.3990649023314425,91.0,1.988571428571431,0.924067528830774,0.0,New York Black Yankees,20,23,141.0,168.0
1939,CAG,NAL,OF,simmswi01,Willie Simms,155.0,8.175193798449612,-0.10409526645071979,byassu01,Subby Byas,184.0,0.49752438183482484,younged01,Ed Young,142.0,6.9140485121280335,155.0,-0.6281690140845051,0.6016196482855446,0.6281690140845051,Chicago American Giants,32,31,178.0,204.0
1940,BEG,NN2,OF,kimbrhe01,Henry Kimbro,282.0,2.9814567040422135,-0.417304959765467,scalege01,George Scales,155.66666666666666,0.2184470279440749,currygo01,Goose Curry,119.0,13.419196268727035,282.0,28.81865546218488,0.6357519877095419,0.0,Baltimore Elite Giants,25,14,391.0,333.0
1940,HG,NN2,OF,whatlda01,David Whatley,241.0,0.8822378215396149,-1.3181689334179405,easteho01,Howard Easterling,173.0,0.5943016432647925,leonabu99,Buck Leonard,228.0,26.97224159050222,241.0,27.62789473684212,1.912470576682733,0.0,Homestead Grays,28,13,328.0,266.0
1940,PS,NN2,2B,campbda03,Dave Campbell,163.0,-7.667739564684821,-1.7746712619304317,hayesch02,Charley Hayes,153.66666666666666,0.01742076441599058,mchenhe01,Henry McHenry,101.0,9.556124564213702,163.0,23.090000000000003,1.7920920263464222,0.0,Philadelphia Stars,17,30,319.0,365.0
1940,NE,NN2,OF,stoneed01,Ed Stone,162.0,2.257645340619993,-0.18335044410941403,irvinmo01,Monte Irvin,185.0,0.521671982073464,clarkbu01,Bus Clarkson,98.0,11.10227928012814,162.0,16.09510204081632,0.705022426182878,0.0,Newark Eagles,25,16,282.0,236.0
1940,MRS,NAL,OF,longlre01,Red Longley,162.0,1.2719137776640663,0.22128722276417168,mathive01,Verdell Mathis,202.0,1.5295662010863558,robinne01,Neil Robinson,112.0,9.165891006780091,162.0,11.985892857142852,1.3082789783221842,0.0,Memphis Red Sox,31,26,199.0,225.0
1940,BBB,NAL,OF,andreja01,Jabbo Andrews,113.0,1.4412114621977707,-1.3253573627231408,thomada03,Dan Thomas,157.66666666666666,0.9565969338076057,nixonwi02,Willie Nixon,106.0,5.563968274274019,113.0,4.490188679245287,2.2819542965307464,0.0,Birmingham Black Barons,16,29,133.0,152.0
1940,KCM,NAL,OF,steartu99,Turkey Stearnes,154.0,9.259350134322629,-1.299511211825596,miltohe01,Henry Milton,263.3333333333333,-0.03276861442419671,willije03,Jesse Williams,154.0,12.759350134322629,154.0,3.5,1.2667425974013993,0.0,Kansas City Monarchs,38,13,236.0,144.0
1940,NYC,NN2,OF,crespal01,Alejandro Crespo,133.0,0.18380759445962402,0.6013051292481887,coimbpa01,Pancho Coimbre,224.0,0.6023481382981409,carrecl01,Clemente Carreras,98.0,0.5722792801281438,133.0,0.5928571428571425,0.0010430090499522482,0.0,New York Cubans,8,20,149.0,175.0
1940,CBR,NAL,OF,clevedu01,Duke Cleveland,121.0,7.853775105539211,0.14833735622846397,rayjo02,Johnny Ray,178.66666666666666,0.24792282183680792,sampsem01,Emanuel Sampson,102.0,0.29268645260329906,121.0,-7.506568627450984,0.09958546560834394,7.506568627450984,Cleveland Bears,18,18,143.0,146.0
1941,NE,NN2,3B,isreacl01,Clarence Isreal,228.0,-0.710442748091602,-1.0047353045052314,pearsle01,Lennie Pearson,185.0,0.5546375270119211,irvinmo01,Monte Irvin,228.0,29.019557251908395,228.0,29.73,1.5593728315171527,0.0,Newark Eagles,21,15,298.0,339.0
1941,HG,NN2,3B,wilsoju99,Jud Wilson,144.0,13.783404580152672,0.01848461718141614,easteho01,Howard Easterling,223.66666666666666,0.2574283748374004,leonabu99,Buck Leonard,241.0,33.3522951653944,144.0,6.1449377593360985,0.23894375765598425,0.0,Homestead Grays,26,18,353.0,248.0
1941,BEG,NN2,C,camparo01,Roy Campanella,143.0,10.70011704834606,0.49964736320268865,clarkbo05,Bob Clarke,215.66666666666666,1.197461411444447,hoskibi01,Bill Hoskins,223.0,23.903119592875317,143.0,4.627892376681609,0.6978140482417584,0.0,Baltimore Elite Giants,27,14,375.0,228.0
1941,PS,NN2,OF,parnero01,Roy Parnell,230.0,3.4861323155216306,-0.22886705079557457,bensoge01,Gene Benson,204.0,0.7353313105471504,pattepa02,Pat Patterson,96.0,1.105603053435115,230.0,-0.8372916666666678,0.964198361342725,0.8372916666666678,Philadelphia Stars,13,30,184.0,303.0
1942,KCM,NAL,OF,simmswi01,Willie Simms,220.0,-8.127701778385775,-1.0528671505050737,brownwi02,Willard Brown,393.3333333333333,0.4403605823681886,stronte01,Ted Strong,197.0,20.454967043900016,220.0,30.97081218274112,1.4932277328732624,0.0,Kansas City Monarchs,36,14,268.0,170.0
1942,HG,NN2,2B,carlima01,Matt Carlisle,201.0,5.584197943444726,-0.9117780189800453,willich03,Chester Williams,225.0,0.6022382846022516,gibsojo99,Josh Gibson,266.0,34.721177377892026,201.0,20.652481203007518,1.5140163035822969,0.0,Homestead Grays,23,10,419.0,281.0
1942,PS,NN2,2B,pattepa02,Pat Patterson,148.0,-2.0262622107969137,-1.234089664151508,duckema01,Mahlon Duckett,210.0,-0.2633371755855175,clarkbu01,Bus Clarkson,244.0,24.565892030848335,148.0,16.92688524590164,0.9707524885659905,0.0,Philadelphia Stars,19,22,313.0,298.0
1942,CCB,NAL,C,taylora01,Raymond Taylor,75.0,-10.287398333540605,-0.7026185915818156,brownjo06,Joe Brown,179.0,0.035221333311866,jethrsa01,Sam Jethroe,172.0,11.667433155080213,75.0,15.374941860465114,0.7378399248936816,0.0,Cincinnati-Cleveland Buckeyes,42,22,209.0,258.0
1942,NE,NN2,OF,stoneed01,Ed Stone,233.0,9.37824935732648,0.22104634654994998,davisjo07,Johnny Davis,211.0,0.5062903505483846,pearsle01,Lennie Pearson,224.0,21.71835989717224,233.0,13.212723214285713,0.2852440039984346,0.0,Newark Eagles,16,18,301.0,234.0
1942,MRS,NAL,OF,hydeco01,Cowan Hyde,134.0,2.7535816440741208,0.2980294523762696,robinne01,Neil Robinson,189.66666666666666,0.47316715806961446,browntj01,T. J. Brown,105.0,4.455642333043152,134.0,2.9326666666666643,0.17513770569334486,0.0,Memphis Red Sox,34,27,155.0,153.0
1942,CAG,NAL,OF,crutcji01,Jimmie Crutchfield,149.0,2.5501019773659985,0.9318017542060388,bellco99,Cool Papa Bell,233.66666666666666,0.9445590783333562,penniar01,Art Pennington,154.0,3.505608755129958,149.0,0.8416883116883119,0.012757324127317338,0.0,Chicago American Giants,8,36,157.0,288.0
1942,NYC,NN2,OF,williji05,Jim Williams,127.0,2.387329048843186,-0.2052820566225293,vargate01,Tetelo Vargas,185.66666666666666,0.20698101069952513,perezja01,Javier Pérez,91.0,1.3077712082262218,127.0,-0.5621978021977995,0.4122630673220544,0.5621978021977995,New York Cubans,8,14,109.0,185.0
1943,NYC,NN2,OF,coimbpa01,Pancho Coimbre,159.0,7.1237803900614445,-1.0776938760153008,linarro01,Rogelio Linares,179.0,0.8663756347208151,vargate01,Tetelo Vargas,142.0,19.696898209991982,159.0,14.931197183098593,1.944069510736116,0.0,New York Cubans,17,9,238.0,163.0
1943,CC,NAL,OF,rayjo02,Johnny Ray,135.0,-6.3487455362285425,0.5508508229769671,wilsofr02,Fred Wilson,159.0,0.7553501836695762,sneadsy01,Sylvester Snead,146.0,5.470690012671346,135.0,11.407260273972595,0.2044993606926091,0.0,Cincinnati Clowns,25,46,143.0,184.0
1943,BBB,NAL,OF,spearcl01,Clyde Spearman,187.0,8.710404331298236,0.27657071385974097,lockele01,Lester Lockett,225.0,0.5473448459511787,davispi01,Piper Davis,170.0,11.944913028452945,187.0,4.429000000000003,0.27077413209143775,0.0,Birmingham Black Barons,37,24,199.0,173.0
1943,MRS,NAL,OF,hydeco01,Cowan Hyde,112.0,4.00970740698076,-0.0537770515851764,robinne01,Neil Robinson,175.66666666666666,0.21246942427749493,mcdanfr01,Fred McDaniel,95.0,5.014216104135468,112.0,1.9017894736842127,0.26624647586267136,0.0,Memphis Red Sox,28,46,140.0,162.0
1944,KCM,NAL,OF,moodyle01,Lee Moody,197.0,-4.3245657708628045,0.06281221437764317,smithma06,Mance Smith,296.0,0.49061856893143996,harpeda01,Dave Harper,90.0,7.223041018387551,197.0,20.134999999999998,0.4278063545537968,0.0,Kansas City Monarchs,26,45,226.0,229.0
1944,HG,NN2,2B,jacksje01,Jelly Jackson,109.0,-8.405541662175272,0.25427961149415557,cannawa01,Walter Cannady,152.0,0.6083102348494768,leonabu99,Buck Leonard,226.0,23.879610865581554,109.0,19.922699115044253,0.3540306233553212,0.0,Homestead Grays,25,17,354.0,263.0
1944,CIC,NAL,OF,rayjo02,Johnny Ray,127.0,-4.402486562942007,-0.7725835036925512,xiquele01,Leovigildo Xiqués,210.0,0.02728871785292447,merchhe01,Henry Merchant,83.0,2.476248939179632,127.0,8.19144578313253,0.7998722215454757,0.0,Cincinnati-Indianapolis Clowns,46,31,122.0,132.0
1944,BBB,NAL,OF,steeled01,Ed Steele,131.0,16.138537482319656,-1.778449587769209,mclaufe01,Felix McLaurin,196.33333333333334,1.2998252854487853,wilsoar02,Artie Wilson,140.0,13.115841584158414,131.0,-3.8658571428571413,3.0782748732179943,3.8658571428571413,Birmingham Black Barons,50,24,155.0,145.0
1944,NYC,NN2,OF,coimbpa01,Pancho Coimbre,134.0,9.041627681362506,-0.22152044036808305,vargajo01,José Vargas,266.3333333333333,1.4402053419740553,loudelo01,Lou Louden,109.0,2.6144583378247273,134.0,-5.827522935779813,1.6617257823421383,5.827522935779813,New York Cubans,20,17,200.0,169.0
1944,NE,NN2,OF,harvebo01,Bob Harvey,109.0,13.184458337824724,-0.752970710677061,davisjo07,Johnny Davis,192.66666666666666,0.6100071023070508,dandrra99,Ray Dandridge,137.0,1.926888002587043,109.0,-11.651386861313865,1.362977812984112,11.651386861313865,Newark Eagles,23,23,156.0,175.0
1945,HG,NN2,OF,bellco99,Cool Papa Bell,217.0,6.879683034275276,-0.6506775472275871,benjaje01,Jerry Benjamin,390.0,0.4528452596814278,gibsojo99,Josh Gibson,195.0,21.86801009992479,217.0,17.45548717948718,1.1035228069090148,0.0,Homestead Grays,32,13,276.0,192.0
1945,BEG,NN2,OF,wrighwi01,Wild Bill Wright,234.0,18.669612119909747,-0.3274613046861956,kimbrhe01,Henry Kimbro,459.0,0.5181726956749516,camparo01,Roy Campanella,239.0,26.35135596862577,234.0,7.130460251046028,0.8456340003611472,0.0,Baltimore Elite Giants,25,17,319.0,320.0
1945,NE,NN2,OF,harvebo01,Bob Harvey,90.0,-1.8986107231116374,-0.4632296148165672,davisjo07,Johnny Davis,159.0,1.5705849750722558,pearsle01,Lennie Pearson,80.0,3.187901579456324,90.0,5.485000000000001,2.033814589888823,0.0,Newark Eagles,21,18,107.0,122.0
1945,NYC,NN2,OF,parketo01,Tom Parker,87.0,-0.6056570323412498,-0.8639195121353616,linarro01,Rogelio Linares,152.33333333333334,0.923405254029733,loudelo01,Lou Louden,88.0,0.9166917374019554,87.0,1.5119318181818193,1.7873247661650944,0.0,New York Cubans,7,20,101.0,129.0
1945,BBB,NAL,OF,steeled01,Ed Steele,115.0,15.397188317349608,-0.2554629219086042,lockele01,Lester Lockett,164.0,0.43240064262636013,davispi01,Piper Davis,104.0,9.465283347863993,115.0,-4.930769230769231,0.6878635645349643,4.930769230769231,Birmingham Black Barons,37,27,120.0,131.0
1946,BEG,NN2,C,clarkbo05,Bob Clarke,135.0,-13.470811913190701,0.330176786369462,villolu01,Luis Villodas,172.0,1.666622277466073,kimbrhe01,Henry Kimbro,275.0,28.93130906572264,135.0,27.673454545454543,1.336445491096611,0.0,Baltimore Elite Giants,27,29,318.0,310.0
1946,KCM,NAL,OF,scottjo03,Johnie Scott,156.0,-1.6753577371048274,-1.2261460366864574,brownwi02,Willard Brown,216.66666666666666,1.0268959419100383,stronte01,Ted Strong,133.0,13.821073211314474,156.0,17.886541353383457,2.253041978596496,0.0,Kansas City Monarchs,48,17,198.0,166.0
1946,NYC,NN2,OF,linarro01,Rogelio Linares,168.0,-8.045454825303986,-0.3260681711070875,crespal01,Alejandro Crespo,211.33333333333334,0.6799790292888889,garcisi01,Silvio García,192.0,10.366623056795436,168.0,17.116249999999994,1.0060472003959764,0.0,New York Cubans,28,21,235.0,235.0
1946,CIC,NAL,OF,drakere01,Reinaldo Drake,110.0,3.167504159733776,0.3259088649547026,clevedu01,Duke Cleveland,199.0,0.42312964770858397,hairssa01,Sam Hairston,115.0,7.537845257903495,110.0,4.042608695652176,0.09722078275388135,0.0,Cincinnati-Indianapolis Clowns,31,37,135.0,132.0
1946,NBY,NN2,OF,mclaufe01,Felix McLaurin,146.0,4.567640449438201,1.0042561557214924,sneadsy01,Sylvester Snead,193.0,1.4944225851261541,hayesjo01,Johnny Hayes,80.0,-1.9930737263352318,146.0,-8.205,0.4901664294046617,8.205,New York Black Yankees,8,38,134.0,307.0
1947,KCM,NAL,OF,scottjo03,Johnie Scott,262.0,-2.108845827439887,-0.018461829076175967,brownwi02,Willard Brown,385.3333333333333,0.6395753702432128,greenjo04,Joe Greene,150.0,13.208599717114561,262.0,25.17986666666665,0.6580371993193888,0.0,Kansas City Monarchs,47,29,433.0,350.0
1947,NE,NN2,OF,davisjo07,Johnny Davis,234.0,9.979484729568334,-0.28275766453443224,wilkeji01,Jimmy Wilkes,376.6666666666667,0.9313900275585711,dobyla01,Larry Doby,132.0,18.564581129500084,234.0,22.93045454545454,1.2141476920930034,0.0,Newark Eagles,45,38,301.0,280.0
1947,HG,NN2,OF,eastelu01,Luke Easter,251.0,5.855301996246373,-0.3292677905271372,benjaje01,Jerry Benjamin,416.3333333333333,1.0277033160526887,leonabu99,Buck Leonard,138.0,12.972516635386448,251.0,17.739637681159415,1.356971106579826,0.0,Homestead Grays,33,34,263.0,282.0
1947,BEG,NN2,OF,davisbu04,Butch Davis,288.0,20.20090428254564,-0.6259159835023829,lockele01,Lester Lockett,179.0,0.6211763526660407,kimbrhe01,Henry Kimbro,278.0,32.73101177273502,288.0,13.707482014388484,1.2470923361684236,0.0,Baltimore Elite Giants,41,36,367.0,285.0
1947,CIC,NAL,OF,abernro01,Robert Abernathy,112.0,-5.947445544554455,0.2774509298086,merchhe01,Henry Merchant,188.33333333333334,0.33595323976055946,hairssa01,Sam Hairston,122.0,1.5604611032531794,112.0,7.379999999999997,0.058502309951959486,0.0,Cincinnati-Indianapolis Clowns,30,50,136.0,186.0
1947,CAG,NAL,OF,hillsa01,Sam Hill,130.0,1.0527864214992961,-0.44197924107107445,armoubu01,Buddy Armour,169.33333333333334,0.14649742567936777,ritchjo01,John Ritchey,87.0,4.472787835926449,130.0,5.630689655172409,0.5884766667504422,0.0,Chicago American Giants,28,52,149.0,197.0
1947,PS,NN2,OF,bensoge01,Gene Benson,201.0,4.445839447193312,0.4601509104261295,simpsha01,Harry Simpson,228.33333333333334,0.941305441959045,cashbi01,Bill Cash,144.0,5.620452141272823,201.0,3.3993750000000036,0.4811545315329155,0.0,Philadelphia Stars,24,33,247.0,286.0
1947,CBE,NAL,OF,jethrsa01,Sam Jethroe,96.0,9.317903818953326,-0.3355036085681353,gracewi01,Willie Grace,166.0,0.16577861243205055,warear01,Archie Ware,95.0,8.415113154172557,96.0,-0.8142105263157946,0.5012822210001859,0.8142105263157946,Cleveland Buckeyes,49,18,123.0,121.0
1947,NBY,NN2,OF,smithjo11,Johnny Smith,101.0,7.036914349087187,-1.4223258997412622,bakerru01,Rufus Baker,154.0,1.7556463221084437,hayesjo01,Johnny Hayes,121.0,6.186699368708412,101.0,-1.8728099173553727,3.177972221849706,1.8728099173553727,New York Black Yankees,11,38,161.0,236.0
1948,PS,NN2,OF,bensoge01,Gene Benson,173.0,-6.270440664478269,-0.6661399170243099,simpsha01,Harry Simpson,342.6666666666667,0.08479692890950208,austifr01,Frank Austin,210.0,13.490910176066846,173.0,17.384380952380955,0.7509368459338119,0.0,Philadelphia Stars,27,30,210.0,208.0
1948,KCM,NAL,1B,coopeto01,Tom Cooper,128.0,2.286510924369747,-0.24536998982052935,oneilbu01,Buck O'Neil,186.66666666666666,1.2954493877866111,brownwi02,Willard Brown,197.0,27.529161344537812,128.0,15.600456852791876,1.5408193776071404,0.0,Kansas City Monarchs,49,28,307.0,241.0
1948,BEG,NN2,OF,kimbrhe01,Henry Kimbro,270.0,19.076884512085947,0.19556035872078853,lockele01,Lester Lockett,508.6666666666667,0.25927568284434765,gilliji01,Jim Gilliam,261.0,9.298988361683087,270.0,-9.457241379310341,0.06371532412355913,9.457241379310341,Baltimore Elite Giants,46,25,321.0,210.0
1954,NY1,NL,1B,lockmwh01,Whitey Lockman,639.0,-10.074191656893943,-0.859330922231131,hofmabo01,Bobby Hofman,150.0,0.5848922542092586,rhodedu01,Dusty Rhodes,186.0,20.389343273580167,639.0,80.12145161290323,1.4442231764403894,0.0,New York Giants,97,57,732.0,550.0
1954,CHN,NL,1B,fondyde01,Dee Fondy,610.0,-2.417100016753235,0.45431079531798213,bilkost01,Steve Bilko,175.66666666666666,1.789439589287973,coopewa01,Walker Cooper,181.0,10.930221142569945,610.0,39.253756906077356,1.335128793969991,0.0,Chicago Cubs,64,90,700.0,766.0
1954,SLN,NL,OF,repulri01,Rip Repulski,678.0,4.896960964985762,-0.4190271020548377,moonwa01,Wally Moon,1345.3333333333333,0.5586925641291786,hemusso01,Solly Hemus,276.0,17.053541631764116,678.0,36.9954347826087,0.9777196661840162,0.0,St. Louis Cardinals,72,82,799.0,790.0
1954,BOS,AL,C,whitesa02,Sammy White,530.0,1.0235974384731388,-0.9445733805736571,owenmi01,Mickey Owen,172.0,-0.014082643468469325,melesa01,Sam Mele,150.0,8.76969738824711,530.0,29.962666666666646,0.9304907371051878,0.0,Boston Red Sox,69,85,700.0,728.0
1954,BRO,NL,C,camparo01,Roy Campanella,446.0,-11.32630591388842,0.6084027020946263,walkeru01,Rube Walker,404.0,1.2278282499375182,amorosa01,Sandy Amoros,298.0,7.503679008209084,446.0,22.556644295302018,0.6194255478428918,0.0,Brooklyn Dodgers,92,62,778.0,740.0
1954,DET,AL,2B,bollifr01,Frank Bolling,413.0,-10.32936652435963,-1.1803230302920324,hatfifr01,Fred Hatfield,395.6666666666667,-0.1326935719860516,wilsore01,Red Wilson,204.0,5.617988448016074,413.0,21.70303921568629,1.0476294583059809,0.0,Detroit Tigers,68,86,584.0,664.0
1954,PIT,NL,3B,coledi01,Dick Cole,541.0,-12.632985424694247,-0.19832188852800867,pellaed01,Eddie Pellagrini,153.66666666666666,1.0810877076279735,shepaja01,Jack Shepard,265.0,3.2034729435416294,541.0,19.172905660377346,1.2794095961559822,0.0,Pittsburgh Pirates,53,101,557.0,845.0
1954,WS1,AL,2B,terwiwa01,Wayne Terwilliger,382.0,-19.090237317930683,-0.2483581110240049,peskyjo01,Johnny Pesky,297.6666666666667,0.4276941018851842,vollmcl01,Clyde Vollmer,130.0,-1.178928930185838,382.0,15.625999999999989,0.676052212909189,0.0,Washington Senators,66,88,632.0,680.0
1954,PHA,AL,OF,rennabi01,Bill Renna,474.0,-5.5505562531391295,-0.2669028418481124,wilsobi02,Bill Wilson,802.0,1.35958711840517,valoel01,Elmer Valo,281.0,1.4636997739829256,474.0,8.019572953736663,1.6264899602532825,0.0,Philadelphia Athletics,51,103,542.0,875.0
1954,CHA,AL,3B,michaca01,Cass Michaels,344.0,12.328372677046715,0.16882968024411915,marshfr01,Fred Marsh,245.66666666666666,1.360104665913138,cavarph01,Phil Cavarretta,188.0,9.861087393269711,344.0,5.715319148936161,1.1912749856690188,0.0,Chicago White Sox,94,60,711.0,521.0
1954,BAL,AL,C,courtcl01,Clint Courtney,437.0,-3.2490149422400774,-0.20060094580347346,murrara01,Ray Murray,151.66666666666666,-0.11664343255748595,waitked01,Eddie Waitkus,349.0,1.9230292566549405,437.0,5.656934097421193,0.0839575132459875,0.0,Baltimore Orioles,54,100,483.0,668.0
1954,CIN,NL,C,seminan01,Andy Seminick,299.0,2.8555034344111245,0.6224788298615295,landrho01,Hobie Landrith,242.33333333333334,0.9554840608943694,merrill01,Lloyd Merriman,141.0,3.3172440944881925,299.0,4.178936170212773,0.33300523103283997,0.0,Cincinnati Redlegs,74,80,729.0,763.0
1954,ML1,NL,OF,pafkoan01,Andy Pafko,570.0,2.5099229351650276,-0.7205654128971275,brutobi01,Bill Bruton,1193.3333333333333,0.7504283730004219,metkoca01,George Metkovich,142.0,-0.47093147930976675,570.0,-4.400281690140852,1.4709937858975493,4.400281690140852,Milwaukee Braves,89,65,670.0,556.0
1954,CLE,AL,3B,rosenal01,Al Rosen,566.0,39.49912481165245,-0.17130334626102037,regalru01,Rudy Regalado,410.3333333333333,0.09934779961783088,wertzvi01,Vic Wertz,335.0,11.221990833751887,566.0,-20.538985074626872,0.27065114587885125,20.538985074626872,Cleveland Indians,111,43,746.0,504.0
1954,PHI,NL,C,burgesm01,Smoky Burgess,392.0,25.315175071201207,-0.46642824584396214,lopatst01,Stan Lopata,599.6666666666666,0.023690371925571403,schelda01,Danny Schell,296.0,-0.1599698441950066,392.0,-25.527027027027025,0.4901186177695335,25.527027027027025,Philadelphia Phillies,75,79,659.0,614.0
1955,BRO,NL,2B,gilliji01,Jim Gilliam,627.0,-7.502658112407222,-0.5754791685788455,zimmedo01,Don Zimmer,534.3333333333334,0.08757174854125124,newcodo01,Don Newcombe,125.0,11.579358430540822,627.0,65.58471999999999,0.6630509171200968,0.0,Brooklyn Dodgers,98,55,857.0,650.0
1955,KC1,AL,2B,finigji01,Jim Finigan,615.0,-1.1494642297650168,-0.026724261860431125,lopezhe01,Hector Lopez,299.3333333333333,0.08813401348858813,valoel01,Elmer Valo,338.0,27.002684699738886,615.0,50.281568047337245,0.11485827534901925,0.0,Kansas City Athletics,63,91,638.0,911.0
1955,CHN,NL,OF,miksied01,Eddie Miksis,524.0,-23.89596945917286,0.7746082623093774,kingji01,Jim King,676.0,0.8581208063028516,coopewa01,Walker Cooper,119.0,4.737709225874866,524.0,44.75781512605042,0.08351254399347419,0.0,Chicago Cubs,72,81,626.0,713.0
1955,NYA,AL,SS,huntebi03,Billy Hunter,279.0,-13.685269138381194,-0.4101510051644015,colemje01,Jerry Coleman,158.0,0.06518117161498482,cervbo01,Bob Cerv,96.0,7.89022997389034,279.0,36.616249999999994,0.47533217677938633,0.0,New York Yankees,96,58,762.0,569.0
1955,NY1,NL,C,kattra01,Ray Katt,355.0,-18.487422057264048,-0.2228439881286485,westrwe01,Wes Westrum,439.3333333333333,0.061078888475369374,rhodedu01,Dusty Rhodes,217.0,8.174646235418873,355.0,31.86069124423962,0.2839228766040179,0.0,New York Giants,80,74,702.0,673.0
1955,DET,AL,2B,hatfifr01,Fred Hatfield,492.0,-4.287571383812003,-0.04183495317569369,malmbha01,Harry Malmberg,552.6666666666666,0.4519841897109912,fainfe01,Ferris Fain,196.0,10.87421953002611,492.0,31.584081632653056,0.4938191428866849,0.0,Detroit Tigers,79,75,775.0,658.0
1955,CLE,AL,C,heganji01,Jim Hegan,352.0,-9.849156762402089,0.40372226615332973,naragha01,Hal Naragon,300.0,1.0469893654381535,popeda01,Dave Pope,118.0,6.375907676240204,352.0,28.86881355932202,0.6432670992848237,0.0,Cleveland Indians,93,61,698.0,601.0
1955,BOS,AL,SS,klausbi01,Billy Klaus,610.0,4.668336292428199,-0.24380098762176605,joosted01,Eddie Joost,164.0,-0.18375716791251517,agganha01,Harry Agganis,94.0,4.303350182767625,610.0,23.25765957446809,0.06004381970925088,0.0,Boston Red Sox,84,70,755.0,652.0
1955,PHI,NL,1B,blaylma01,Marv Blaylock,297.0,-9.583364369034982,-0.03740709697388035,waitked01,Eddie Waitkus,256.6666666666667,0.9725214980788535,roberro01,Robin Roberts,130.0,3.8457327677624615,297.0,18.369384615384604,1.009928595052734,0.0,Philadelphia Phillies,77,77,675.0,666.0
1955,BAL,AL,3B,causewa01,Wayne Causey,196.0,-13.825780469973889,-1.5243213683706993,dierich01,Chuck Diering,209.0,0.8024297489698291,phillda01,Dave Philley,348.0,7.277083655352493,196.0,17.92436781609196,2.326751117340528,0.0,Baltimore Orioles,57,97,540.0,754.0
1955,PIT,NL,C,shepaja01,Jack Shepard,301.0,-7.782264899257689,-0.6208816532074227,peterha01,Hardy Peterson,214.33333333333334,-0.2645184511734346,lynchje01,Jerry Lynch,308.0,3.3746591728525948,301.0,11.08022727272727,0.35636320203398814,0.0,Pittsburgh Pirates,60,94,560.0,767.0
1955,WS1,AL,2B,runnepe01,Pete Runnels,567.0,-4.564579216710186,0.04892976874395255,snydeje01,Jerry Snyder,183.66666666666666,0.9235408791513957,courtcl01,Clint Courtney,264.0,1.9881324281984334,567.0,8.834545454545458,0.8746111104074432,0.0,Washington Senators,53,101,598.0,789.0
1955,CIN,NL,3B,bridgro01,Rocky Bridges,190.0,-3.3177751855779456,0.9608183671903345,adamsbo03,Bobby Adams,318.6666666666667,1.0726145216269822,landrho01,Hobie Landrith,98.0,0.19693700954400906,190.0,3.699591836734698,0.1117961544366477,0.0,Cincinnati Redlegs,75,79,761.0,684.0
1955,CHA,AL,OF,minosmi01,Minnie Miñoso,615.0,21.60053577023497,-0.48189561527228447,grothjo01,Johnny Groth,187.0,1.420133975068877,niemabo01,Bob Nieman,317.0,11.395446892950396,615.0,0.5073501577287313,1.9020295903411615,0.0,Chicago White Sox,91,63,725.0,557.0
1955,SLN,NL,3B,boyerke01,Ken Boyer,574.0,-3.662226086956487,0.1588838697939931,hemusso01,Solly Hemus,303.3333333333333,0.3089020008624971,burbrne01,Nelson Burbrink,187.0,-3.5635997879109214,574.0,-7.276310160427838,0.15001813106850398,7.276310160427838,St. Louis Cardinals,68,86,654.0,757.0
1955,ML1,NL,1B,crowege01,George Crowe,354.0,15.767303075291625,-0.4540775505105776,adcocjo01,Joe Adcock,690.3333333333334,-0.36746806502160817,tannech01,Chuck Tanner,275.0,-2.4594114528101914,354.0,-18.93323636363638,0.0866094854889694,18.93323636363638,Milwaukee Braves,85,69,743.0,668.0
1956,NYA,AL,2B,martibi02,Billy Martin,504.0,-6.03597246698318,-0.28158939013862855,colemje01,Jerry Coleman,264.3333333333333,0.9769989392750119,cervbo01,Bob Cerv,135.0,7.731435946343794,504.0,34.900000000000006,1.2585883294136404,0.0,New York Yankees,97,57,857.0,631.0
1956,BRO,NL,SS,reesepe01,Pee Wee Reese,648.0,-8.596794331673681,0.2560941572039507,fernach01,Chico Fernandez,163.66666666666666,0.8655257763581025,jacksra01,Randy Jackson,346.0,6.457545001914978,648.0,20.6906936416185,0.6094316191541518,0.0,Brooklyn Dodgers,93,61,720.0,601.0
1956,CLE,AL,SS,carrach01,Chico Carrasquel,544.0,-15.722954408807244,-0.24095065647809102,stricge01,George Strickland,163.0,0.4710867362089946,naragha01,Hal Naragon,140.0,1.255563203615782,544.0,20.601714285714284,0.7120373926870857,0.0,Cleveland Indians,88,66,712.0,581.0
1956,CIN,NL,3B,jablora01,Ray Jablonski,458.0,4.001432401378794,-0.32344895918494854,grammal01,Alex Grammas,342.3333333333333,0.32150236114210695,thurmbo01,Bob Thurman,150.0,6.738242052853311,458.0,16.57266666666665,0.6449513203270555,0.0,Cincinnati Redlegs,91,63,775.0,658.0
1956,KC1,AL,C,thompti01,Tim Thompson,288.0,-8.11626998113325,-0.3991074431812447,ginsbjo01,Joe Ginsberg,451.3333333333333,0.04349526607410289,skizalo01,Lou Skizas,317.0,8.63566811104429,288.0,15.961924290220805,0.44260270925534756,0.0,Kansas City Athletics,52,102,619.0,831.0
1956,CHN,NL,3B,hoakdo01,Don Hoak,478.0,-18.48680199157411,-1.0512830568802967,miksied01,Eddie Miksis,412.3333333333333,0.8967810319005868,whisepe01,Pete Whisenant,347.0,-2.0128667177326673,478.0,15.714034582132571,1.9480640887808836,0.0,Chicago Cubs,60,94,597.0,708.0
1956,CHA,AL,3B,hatfifr01,Fred Hatfield,373.0,-1.206106607509378,0.18755691289615087,espossa01,Sammy Esposito,417.3333333333333,0.3112870953493361,mossle01,Les Moss,147.0,4.525341363796572,373.0,12.688775510204081,0.1237301824531852,0.0,Chicago White Sox,85,69,776.0,634.0
1956,BAL,AL,3B,kellge01,George Kell,389.0,-5.340899384239017,0.4303287002167777,adamsbo03,Bobby Adams,158.66666666666666,1.4626509031125765,boydbo01,Bob Boyd,262.0,4.08026828105239,389.0,11.399007633587793,1.0323222028957988,0.0,Baltimore Orioles,69,85,571.0,705.0
1956,DET,AL,2B,bollifr01,Frank Bolling,422.0,7.6923405137561405,-0.7688868694154187,bertore01,Reno Bertoia,151.0,1.4095788384961094,wilsore01,Red Wilson,278.0,11.07547550432276,422.0,9.120071942446033,2.178465707911528,0.0,Detroit Tigers,82,72,789.0,699.0
1956,BOS,AL,2B,goodmbi01,Billy Goodman,448.0,2.4358022515704976,-0.6293611257988898,lepcite01,Ted Lepcio,500.0,-0.5654242249656977,daleype01,Pete Daley,208.0,2.397693902514882,448.0,2.7284615384615556,0.06393690083319215,0.0,Boston Red Sox,84,70,780.0,751.0
1956,WS1,AL,2B,runnepe01,Pete Runnels,646.0,14.09524163954139,0.03411595844913737,roigto01,Tony Roig,213.0,0.61331870060053,berbelo01,Lou Berberet,256.0,6.343315572326003,646.0,1.911718750000008,0.5792027421513926,0.0,Washington Senators,59,95,652.0,924.0
1956,SLN,NL,OF,moonwa01,Wally Moon,622.0,28.493910379165072,-0.09442034746431271,delgrbo01,Bobby Del Greco,760.3333333333334,0.785597668396049,sauerha01,Hank Sauer,181.0,7.895478743776333,622.0,-1.3613812154696094,0.8800180158603618,1.3613812154696094,St. Louis Cardinals,76,78,678.0,698.0
1956,PIT,NL,C,shepaja01,Jack Shepard,290.0,-3.169398697816926,0.5252850464592952,foileha01,Hank Foiles,563.0,0.5615720509710691,skinnbo01,Bob Skinner,262.0,-9.43787054768288,290.0,-7.277099236641225,0.03628700451177391,7.277099236641225,Pittsburgh Pirates,66,88,588.0,653.0
1956,ML1,NL,OF,aaronha01,Hank Aaron,660.0,39.9482650325546,-0.5522074019625256,brutobi01,Bill Bruton,1246.3333333333333,0.4581792272883357,covinwe01,Wes Covington,157.0,0.8553600153197995,660.0,-36.35248407643316,1.0103866292508612,36.35248407643316,Milwaukee Braves,92,62,709.0,569.0
1957,ML1,NL,C,crandde01,Del Crandall,420.0,-2.0495543210392126,0.23023112638095558,sawatca01,Carl Sawatski,189.66666666666666,0.6039550611777827,hazlebo01,Bob Hazle,155.0,19.267426381521243,420.0,54.25806451612903,0.3737239347968272,0.0,Milwaukee Braves,95,59,772.0,613.0
1957,CHA,AL,SS,aparilu01,Luis Aparicio,640.0,-8.737184237116885,0.14159744902035964,espossa01,Sammy Esposito,155.66666666666666,1.1338411427051707,torgeea01,Earl Torgeson,307.0,15.931538186257995,640.0,41.94951140065147,0.992243693684811,0.0,Chicago White Sox,90,64,707.0,566.0
1957,SLN,NL,C,smithha09,Hal Smith,355.0,-7.0033137713545806,-0.7170020465575817,landrho01,Hobie Landrith,516.6666666666666,0.27709154266543157,cunnijo01,Joe Cunningham,329.0,23.637182448519265,355.0,32.50848024316108,0.9940935892230133,0.0,St. Louis Cardinals,87,67,737.0,666.0
1957,BRO,NL,3B,reesepe01,Pee Wee Reese,378.0,-17.272598888935295,0.27086156801850747,zimmedo01,Don Zimmer,312.0,0.4384562521243419,amorosa01,Sandy Amoros,292.0,10.25211937680131,378.0,30.544178082191788,0.16759468410583445,0.0,Brooklyn Dodgers,84,70,690.0,591.0
1957,KC1,AL,2B,huntebi03,Billy Hunter,359.0,-15.998983033007743,-1.0604802930491553,graffmi01,Milt Graff,397.6666666666667,0.5107538619225953,simpsha01,Harry Simpson,193.0,7.721911628494445,359.0,30.36253886010363,1.5712341549717506,0.0,Kansas City Athletics,59,94,563.0,710.0
1957,NYA,AL,2B,richabo01,Bobby Richardson,320.0,-16.308592118558433,0.004224194725582858,mcdougi01,Gil McDougald,156.33333333333334,1.727500833009249,lumpeje01,Jerry Lumpe,113.0,4.336559658134046,320.0,28.589115044247766,1.7232766382836662,0.0,New York Yankees,98,56,723.0,534.0
1957,BOS,AL,C,whitesa02,Sammy White,370.0,-20.64524713708318,0.13617540728932845,daleype01,Pete Daley,487.6666666666667,0.9521894455787722,asproke01,Ken Aspromonte,96.0,1.7144223644324716,370.0,27.252916666666668,0.8160140382894437,0.0,Boston Red Sox,82,72,721.0,668.0
1957,WS1,AL,1B,runnepe01,Pete Runnels,536.0,-15.556141798585385,0.6553689877993569,becquju01,Julio Becquer,288.0,1.3798252237631206,berbelo01,Lou Berberet,313.0,6.459939584035032,536.0,26.61853035143771,0.7244562359637636,0.0,Washington Senators,55,99,603.0,808.0
1957,PHI,NL,2B,hamnegr01,Granny Hamner,548.0,-19.411228018879754,-0.8158331483282035,hemusso01,Solly Hemus,172.66666666666666,-0.05518782515273521,bowmabo02,Bob Bowman,278.0,3.407771187502609,548.0,26.12870503597123,0.7606453231754683,0.0,Philadelphia Phillies,77,77,623.0,656.0
1957,NY1,NL,SS,spencda01,Daryl Spencer,590.0,-5.768183450983676,0.38262056784265913,rodgean01,Andre Rodgers,165.0,0.41548758827895044,schoere01,Red Schoendienst,268.0,7.161808195146405,590.0,21.534850746268674,0.032867020436291305,0.0,New York Giants,69,85,643.0,701.0
1957,PIT,NL,3B,freesge02,Gene Freese,372.0,-0.9401766843490305,-0.8468360919960363,bakerge02,Gene Baker,513.0,0.021538529843721753,peterha01,Hardy Peterson,85.0,2.375685435027775,372.0,11.337294117647057,0.868374621839758,0.0,Pittsburgh Pirates,62,92,586.0,696.0
1957,DET,AL,SS,kuennha01,Harvey Kuenn,679.0,-1.447575151566177,-1.2401366526044204,samforo01,Ron Samford,199.66666666666666,-0.4641130956553828,grothjo01,Johnny Groth,112.0,0.4834927585045452,679.0,4.378749999999982,0.7760235569490377,0.0,Detroit Tigers,78,76,614.0,614.0
1957,CLE,AL,2B,avilabo01,Bobby Avila,528.0,-3.4206769956213967,0.1737204866581116,stricge01,George Strickland,323.6666666666667,0.4896759819944764,willidi02,Dick Williams,220.0,0.02471791849107219,528.0,3.47999999999997,0.3159554953363648,0.0,Cleveland Indians,76,77,682.0,722.0
1957,BAL,AL,OF,pilaral01,Al Pilarcik,482.0,10.268245621421354,0.5694286307897993,willidi02,Dick Williams,164.0,1.2042138042052895,kellge01,George Kell,345.0,6.818080372179187,482.0,-0.7426956521739103,0.6347851734154901,0.7426956521739103,Baltimore Orioles,76,76,597.0,588.0
1957,CHN,NL,OF,morynwa01,Walt Moryn,624.0,14.178090723027447,-0.7018929690368232,bolgeji01,Jim Bolger,512.6666666666666,0.7896746353569932,tannech01,Chuck Tanner,350.0,2.5387047324673166,624.0,-9.65194285714286,1.4915676043938164,9.65194285714286,Chicago Cubs,62,92,628.0,722.0
1958,ML1,NL,2B,schoere01,Red Schoendienst,465.0,-13.395548718599354,0.5193755969864011,roachme01,Mel Roach,220.0,1.1484170106574711,covinwe01,Wes Covington,324.0,26.563811215427556,465.0,51.51953703703705,0.62904141367107,0.0,Milwaukee Braves,92,62,675.0,541.0
1958,NYA,AL,SS,kubekto01,Tony Kubek,597.0,-19.476479477492475,0.3920916442770214,mcdougi01,Gil McDougald,160.0,0.621157931296074,slaugen01,Enos Slaughter,160.0,7.777241681074042,597.0,48.4953125,0.22906628701905257,0.0,New York Yankees,92,62,759.0,577.0
1958,DET,AL,SS,martibi02,Billy Martin,536.0,-16.893740368401954,-0.45776087106055385,vealco01,Coot Veal,502.6666666666667,0.375177216884453,zernigu01,Gus Zernial,131.0,6.505429126379372,536.0,43.51137404580152,0.8329380879450068,0.0,Detroit Tigers,77,77,659.0,606.0
1958,CHA,AL,3B,goodmbi01,Billy Goodman,471.0,3.4408176986617205,-0.24808164559510057,phillbu02,Bubba Phillips,356.0,0.13782905622212357,torgeea01,Earl Torgeson,236.0,15.93268147958422,471.0,28.35703389830509,0.38591070181722414,0.0,Chicago White Sox,82,72,634.0,615.0
1958,SFN,NL,C,schmibo02,Bob Schmidt,432.0,-3.438251712763269,0.2166987075588973,thomava01,Valmy Thomas,415.3333333333333,0.5289006440042734,wagnele01,Leon Wagner,240.0,13.028749048464864,432.0,26.890000000000022,0.3122019364453761,0.0,San Francisco Giants,80,74,727.0,698.0
1958,CHN,NL,3B,darkal01,Al Dark,506.0,-3.4285540894865916,-0.19681537779472824,goryljo01,Johnny Goryl,341.6666666666667,-0.05507881320231567,marshji01,Jim Marshall,94.0,3.990426710648734,506.0,24.90893617021275,0.14173656459241257,0.0,Chicago Cubs,72,82,709.0,725.0
1958,CLE,AL,SS,huntebi03,Billy Hunter,214.0,-11.347314251563462,-0.4399701488863506,moranbi02,Billy Moran,194.33333333333334,-0.3035607208246648,wardpr01,Preston Ward,162.0,6.616332202087469,214.0,20.0874074074074,0.13640942806168582,0.0,Cleveland Indians,77,76,694.0,635.0
1958,KC1,AL,OF,tuttlbi01,Bill Tuttle,594.0,-3.330115259012603,0.45913653408342114,heldwo01,Woodie Held,299.3333333333333,0.7474228805415992,powervi01,Vic Power,215.0,4.557231008943257,594.0,15.920790697674438,0.2882863464581781,0.0,Kansas City Athletics,73,81,642.0,713.0
1958,WS1,AL,2B,asproke01,Ken Aspromonte,282.0,-7.3082365371070015,-1.2103166472661215,malkmbo01,Bobby Malkmus,165.0,0.1735180267908737,zauchno01,Norm Zauchin,349.0,2.5662959168427557,282.0,9.381862464183383,1.3838346740569953,0.0,Washington Senators,61,93,553.0,747.0
1958,CIN,NL,1B,crowege01,George Crowe,392.0,3.5402901124925945,0.2863216961376717,dropowa01,Walt Dropo,322.0,1.4102927858626313,bilkost01,Steve Bilko,100.0,2.863645436860356,392.0,7.685200000000001,1.1239710897249595,0.0,Cincinnati Redlegs,76,78,695.0,621.0
1958,LAN,NL,1B,hodgegi01,Gil Hodges,532.0,5.805393724097086,0.23453983021538344,bilkost01,Steve Bilko,185.0,0.6531325055243513,graydi01,Dick Gray,221.0,3.863556415461399,532.0,3.4951131221719836,0.4185926753089679,0.0,Los Angeles Dodgers,71,83,668.0,761.0
1958,PHI,NL,C,lopatst01,Stan Lopata,322.0,8.142738306690347,-0.8597812553206093,heganji01,Jim Hegan,164.66666666666666,-0.11190892817528948,bowmabo02,Bob Bowman,202.0,6.2083637824579245,322.0,1.7537623762376318,0.7478723271453198,0.0,Philadelphia Phillies,69,85,664.0,762.0
1958,BAL,AL,C,triangu01,Gus Triandos,544.0,13.382621715651755,0.04456532307169305,ginsbjo01,Joe Ginsberg,241.33333333333334,0.3679060276796679,harshja01,Jack Harshman,101.0,1.9690713111779896,544.0,-2.776930693069316,0.32334070460797487,2.776930693069316,Baltimore Orioles,74,79,521.0,575.0
1958,BOS,AL,1B,gernedi01,Dick Gernert,496.0,8.624449211329548,-0.05419184862190409,runnepe01,Pete Runnels,353.3333333333333,0.7582762244737651,berbelo01,Lou Berberet,200.0,-2.6109478986574453,496.0,-15.099600000000011,0.8124680730956692,15.099600000000011,Boston Red Sox,79,75,697.0,691.0
1958,SLN,NL,1B,musiast01,Stan Musial,549.0,40.52951344836336,-0.2505101965401506,cunnijo01,Joe Cunningham,343.6666666666667,0.9994472928381669,moonwa01,Wally Moon,340.0,-1.5576055146747931,549.0,-43.04458823529413,1.2499574893783176,43.04458823529413,St. Louis Cardinals,72,82,619.0,704.0
1959,PIT,NL,2B,mazerbi01,Bill Mazeroski,537.0,-20.00797227146112,0.08750834378385106,schofdi01,Dick Schofield,224.0,0.9791057630253045,nelsoro01,Rocky Nelson,204.0,8.177865282349954,537.0,41.53499999999997,0.8915974192414534,0.0,Pittsburgh Pirates,78,76,651.0,680.0
1959,KC1,AL,C,housefr03,Frank House,371.0,-17.07080627099664,-0.2833314529856126,chitiha01,Harry Chiti,383.3333333333333,0.17039859907390809,herzowh01,Whitey Herzog,158.0,9.223672801031084,371.0,38.72892405063292,0.45373005205952066,0.0,Kansas City Athletics,66,88,681.0,760.0
1959,NYA,AL,SS,kubekto01,Tony Kubek,553.0,-3.1921451963912313,0.8066447674130268,boyercl02,Clete Boyer,194.33333333333334,0.9950450426882697,skowrbi01,Bill Skowron,309.0,16.725474022269655,553.0,33.12478964401298,0.18840027527524283,0.0,New York Yankees,79,75,687.0,647.0
1959,SLN,NL,OF,cimolgi01,Gino Cimoli,569.0,6.511496792436914,0.2086751747843052,floodcu01,Curt Flood,539.0,0.2510338818277086,crowege01,George Crowe,109.0,6.257878998902672,569.0,26.155779816513732,0.04235870704340339,0.0,St. Louis Cardinals,71,83,641.0,725.0
1959,CHA,AL,3B,phillbu02,Bubba Phillips,415.0,-1.933327769443678,0.3040653542040868,goodmbi01,Billy Goodman,496.0,0.7452369448813838,romanjo01,John Romano,153.0,8.428050244036424,415.0,24.793725490196067,0.441171590677297,0.0,Chicago White Sox,94,60,669.0,588.0
1959,BAL,AL,SS,carrach01,Chico Carrasquel,391.0,-15.248316043018017,0.07054962157472922,miranwi01,Willy Miranda,269.0,0.6547033840631988,dropowa01,Walt Dropo,166.0,3.6786688922225284,391.0,23.91313253012048,0.5841537624884696,0.0,Baltimore Orioles,74,80,551.0,621.0
1959,BOS,AL,C,whitesa02,Sammy White,405.0,-4.6345728834329964,0.3443119844831482,daleype01,Pete Daley,394.6666666666667,0.8386253841343217,willite01,Ted Williams,331.0,11.174213273046128,405.0,18.306948640483398,0.49431339965117355,0.0,Boston Red Sox,75,79,726.0,696.0
1959,CLE,AL,3B,stricge01,George Strickland,501.0,-12.784619789135625,-0.6522157668314101,heldwo01,Woodie Held,329.0,1.0380312796002609,baxesji01,Jim Baxes,270.0,2.7636180777113455,501.0,17.912666666666677,1.690247046431671,0.0,Cleveland Indians,89,65,745.0,646.0
1959,CHN,NL,1B,longda02,Dale Long,330.0,0.7888997214484679,-0.7076649303646843,marshji01,Jim Marshall,547.3333333333334,1.053073588836532,norenir01,Irv Noren,172.0,7.508396218451929,330.0,13.61674418604651,1.7607385192012162,0.0,Chicago Cubs,74,80,673.0,688.0
1959,DET,AL,SS,bridgro01,Rocky Bridges,420.0,-5.457705212449018,-0.33929454760641675,vealco01,Coot Veal,290.6666666666667,-0.20409040960199187,lepcite01,Ted Lepcio,234.0,2.8411356673498247,420.0,10.557179487179473,0.13520413800442488,0.0,Detroit Tigers,76,78,713.0,732.0
1959,PHI,NL,3B,freesge02,Gene Freese,457.0,16.418355068793797,-1.9239917899280177,joneswi01,Willie Jones,389.6666666666667,0.14030123626143426,sawatca01,Carl Sawatski,233.0,11.922071621507552,457.0,6.965278969957066,2.064293026189452,0.0,Philadelphia Phillies,64,90,599.0,725.0
1959,ML1,NL,2B,avilabo01,Bobby Avila,204.0,-2.362134717650038,-0.9281555607666262,wiseca01,Casey Wise,153.0,0.40391914368313353,mayele01,Lee Maye,150.0,1.633136237022025,204.0,4.583199999999992,1.3320747044497598,0.0,Milwaukee Braves,86,70,724.0,623.0
1959,SFN,NL,1B,cepedor01,Orlando Cepeda,647.0,31.47832763568836,-0.7983881337636158,mccovwi01,Willie McCovey,408.6666666666667,-0.07997515586318117,wagnele01,Leon Wagner,158.0,3.790503502996537,647.0,-15.956455696202541,0.7184129779004347,15.956455696202541,San Francisco Giants,83,71,705.0,613.0
1959,WS1,AL,1B,sievero01,Roy Sievers,444.0,11.027283061125313,-0.048622269005840275,zauchno01,Norm Zauchin,168.0,0.8769369662318239,pascuca02,Camilo Pascual,96.0,-1.1700469057026341,444.0,-16.438749999999995,0.9255592352376643,16.438749999999995,Washington Senators,63,91,619.0,701.0
1959,LAN,NL,OF,moonwa01,Wally Moon,637.0,35.82411855322022,-0.474267266944392,demetdo01,Don Demeter,854.0,0.5254121829659338,repulri01,Rip Repulski,109.0,-0.4921210010973245,637.0,-38.70009174311926,0.9996794499103259,38.70009174311926,Los Angeles Dodgers,88,68,705.0,670.0
1960,LAN,NL,2B,nealch01,Charlie Neal,547.0,-3.6762663898832906,-0.8316552371536328,gilliji01,Jim Gilliam,234.33333333333334,0.3561395198368825,snidedu01,Duke Snider,285.0,16.45861806011566,547.0,35.26526315789475,1.1877947569905154,0.0,Los Angeles Dodgers,82,72,662.0,593.0
1960,PHI,NL,OF,walteke01,Ken Walters,451.0,-19.98653773644856,0.4091307309741048,smithbo04,Bobby Smith,444.3333333333333,1.2965906536683514,gonzato01,Tony Gonzalez,255.0,8.246658264314007,451.0,34.57180392156862,0.8874599226942466,0.0,Philadelphia Phillies,59,95,546.0,691.0
1960,KC1,AL,OF,tuttlbi01,Bill Tuttle,635.0,-6.967300155586394,1.0704558170035083,willidi02,Dick Williams,202.0,1.8993217157940023,cervbo01,Bob Cerv,89.0,3.7811343089020624,635.0,33.94505617977527,0.828865898790494,0.0,Kansas City Athletics,58,96,615.0,756.0
1960,CIN,NL,SS,mcmilro01,Roy McMillan,448.0,-7.198733716028714,0.04214633871112472,cardele01,Leo Cardenas,372.0,0.16374283290569663,postwa01,Wally Post,280.0,15.07829142748205,448.0,31.323999999999995,0.12159649419457191,0.0,Cincinnati Reds,67,87,640.0,692.0
1960,NYA,AL,2B,richabo01,Bobby Richardson,507.0,-19.911403431310713,-0.891019031280641,mcdougi01,Gil McDougald,227.66666666666666,1.6824438806463724,cervbo01,Bob Cerv,249.0,4.641263403557458,507.0,29.361686746987946,2.573462911927013,0.0,New York Yankees,97,57,746.0,627.0
1960,CHN,NL,2B,kindaje01,Jerry Kindall,256.0,-11.229276409159278,-0.16537422632419618,zimmedo01,Don Zimmer,572.6666666666666,1.0938178682823159,tayloto02,Tony Taylor,89.0,1.961814060878221,256.0,16.87224719101124,1.259192094606512,0.0,Chicago Cubs,60,94,634.0,776.0
1960,DET,AL,SS,fernach01,Chico Fernandez,497.0,-14.527036499726673,-0.47286441670293283,vealco01,Coot Veal,152.66666666666666,0.6894561795142987,chrisne01,Neil Chrisley,246.0,-0.6374265169673263,497.0,13.239227642276424,1.1623205962172316,0.0,Detroit Tigers,71,83,633.0,644.0
1960,SLN,NL,1B,whitebi03,Bill White,606.0,14.913587875193295,0.03408715803720345,musiast01,Stan Musial,203.0,0.2073131209162817,niemabo01,Bob Nieman,215.0,9.63404520324514,606.0,12.240976744186032,0.17322596287907827,0.0,St. Louis Cardinals,86,68,639.0,616.0
1960,BAL,AL,OF,brandja01,Jackie Brandt,570.0,1.3110848997098454,0.19390290364850044,busbyji01,Jim Busby,419.0,1.0359669861020475,boydbo01,Bob Boyd,88.0,2.071571002060467,570.0,12.107045454545453,0.842064082453547,0.0,Baltimore Orioles,89,65,682.0,606.0
1960,BOS,AL,OF,tasbywi01,Willie Tasby,449.0,7.903924771876699,0.21039764316098108,keougma01,Marty Keough,216.33333333333334,1.089071594431279,geigega01,Gary Geiger,273.0,11.620782767755777,449.0,11.208644688644707,0.8786739512702979,0.0,Boston Red Sox,65,89,658.0,775.0
1960,PIT,NL,1B,stuardi01,Dick Stuart,483.0,12.343552712406542,-0.4519647345436802,nelsoro01,Rocky Nelson,475.6666666666667,0.8919718169740617,smithha08,Hal Smith,286.0,13.29268338664238,483.0,10.105279720279716,1.343936551517742,0.0,Pittsburgh Pirates,95,59,734.0,593.0
1960,WS1,AL,OF,allisbo01,Bob Allison,604.0,13.896237332324159,-0.7026166478213653,greenle01,Lenny Green,723.6666666666666,1.077934220691696,valoel01,Elmer Valo,85.0,2.942881081535682,604.0,7.015529411764689,1.7805508685130613,0.0,Washington Senators,73,81,672.0,696.0
1960,CHA,AL,OF,minosmi01,Minnie Miñoso,670.0,28.3874155838695,-0.4172562560334374,landiji01,Jim Landis,1262.3333333333333,0.7915097215179441,kluszte01,Ted Kluszewski,206.0,5.060041209368818,670.0,-11.930000000000044,1.2087659775513815,11.930000000000044,Chicago White Sox,87,67,741.0,617.0
1960,CLE,AL,C,romanjo01,John Romano,361.0,12.192353769816235,0.04521860292700628,nixonru01,Russ Nixon,196.66666666666666,0.5820507634542844,delahmi01,Miguel de la Hoz,178.0,-0.35773138219587364,361.0,-12.917865168539327,0.5368321605272781,12.917865168539327,Cleveland Indians,76,78,667.0,693.0
1960,ML1,NL,OF,aaronha01,Hank Aaron,664.0,43.47937681374313,0.19236697437340902,spangal01,Al Spangler,318.6666666666667,0.973405796393656,mayele01,Lee Maye,92.0,2.2040100404583876,664.0,-27.572173913043464,0.781038822020247,27.572173913043464,Milwaukee Braves,88,66,724.0,658.0
1961,CIN,NL,2B,blasido01,Don Blasingame,502.0,-25.40005501248361,-0.24249482359848756,chacoel01,Elio Chacon,303.6666666666667,0.7698624547626739,lynchje01,Jerry Lynch,210.0,19.05332360035547,502.0,70.94657142857145,1.0123572783611614,0.0,Cincinnati Reds,93,61,710.0,653.0
1961,LAN,NL,2B,nealch01,Charlie Neal,377.0,-11.112033346028516,-0.34653237549742405,gilliji01,Jim Gilliam,550.0,-0.052787130346610645,fairlro01,Ron Fairly,301.0,22.780763827176177,377.0,39.64475083056479,0.2937452451508134,0.0,Los Angeles Dodgers,89,65,735.0,697.0
1961,SLN,NL,2B,javieju01,Julian Javier,484.0,-9.518339892514055,-0.3334909556215745,lillibo01,Bob Lillis,167.0,0.49460228776288684,sawatca01,Carl Sawatski,200.0,11.173165333671871,484.0,36.55739999999998,0.8280932433844613,0.0,St. Louis Cardinals,80,74,703.0,668.0
1961,PHI,NL,2B,tayloto02,Tony Taylor,437.0,-14.691083745926957,0.37959479114484074,malkmbo01,Bobby Malkmus,481.6666666666667,1.206232981868541,covinwe01,Wes Covington,183.0,6.440896280309763,437.0,30.071803278688524,0.8266381907237004,0.0,Philadelphia Phillies,47,107,584.0,796.0
1961,BOS,AL,OF,yastrca01,Carl Yastrzemski,643.0,-2.072744037492365,-1.011528034917502,geigega01,Gary Geiger,1152.6666666666667,1.0217566431216998,greenpu01,Pumpsie Green,264.0,7.954472121465024,643.0,21.446704545454523,2.0332846780392018,0.0,Boston Red Sox,76,86,729.0,792.0
1961,WS2,AL,3B,oconnda02,Danny O'Connell,591.0,-0.3518067280839592,0.237520143159652,klausbi01,Billy Klaus,406.0,0.46750478502047843,kingji01,Jim King,306.0,10.050638140789008,591.0,19.76333333333332,0.22998464186082643,0.0,Washington Senators,61,100,618.0,776.0
1961,LAA,AL,2B,asproke01,Ken Aspromonte,276.0,-8.338051873013832,0.4693234601585276,bridgro01,Rocky Bridges,429.6666666666667,0.7465562380270327,ricede01,Del Rice,107.0,3.44999438256348,276.0,17.23710280373832,0.27723277786850514,0.0,Los Angeles Angels,70,91,744.0,784.0
1961,MIN,AL,2B,martibi02,Billy Martin,398.0,-13.908712483548928,-1.0590557359521537,lepcite01,Ted Lepcio,158.33333333333334,0.5992788774641213,minchdo01,Don Mincher,123.0,0.546629056591664,398.0,15.677479674796752,1.658334613416275,0.0,Minnesota Twins,70,90,707.0,778.0
1961,SFN,NL,C,baileed01,Ed Bailey,393.0,-3.2957801193347533,0.041859239644333836,halleto01,Tom Haller,165.33333333333334,0.49396348569392795,alouma01,Matty Alou,217.0,5.345434387033984,393.0,12.976682027649758,0.4521042460495941,0.0,San Francisco Giants,85,69,773.0,655.0
1961,CHN,NL,C,bertedi01,Dick Bertell,287.0,-8.603457746180858,-0.6769914587442494,taylosa02,Sammy Taylor,541.6666666666666,-0.2903853696181013,rodgean01,Andre Rodgers,243.0,3.3718458804113283,287.0,12.585843621399176,0.3866060891261481,0.0,Chicago Cubs,64,90,689.0,800.0
1961,CLE,AL,OF,francti01,Tito Francona,667.0,20.622207973549898,0.37051134419913856,piersji01,Jim Piersall,1036.3333333333333,1.5755131605295811,essegch01,Chuck Essegian,181.0,8.339429749943827,667.0,10.109281767955807,1.2050018163304426,0.0,Cleveland Indians,78,83,737.0,752.0
1961,BAL,AL,C,triangu01,Gus Triandos,445.0,2.103901871408846,-0.2603140508817074,foileha01,Hank Foiles,300.3333333333333,-0.13080812958463314,robinea01,Earl Robinson,256.0,6.576154784450935,445.0,9.327304687500007,0.12950592129707425,0.0,Baltimore Orioles,95,67,691.0,588.0
1961,KC1,AL,OF,posadle01,Leo Posada,400.0,-3.1541331492954185,0.12088539967400896,delgrbo01,Bobby Del Greco,584.3333333333334,0.9801475968069397,thronma01,Marv Throneberry,150.0,1.003450069014221,400.0,5.830000000000007,0.8592621971329308,0.0,Kansas City Athletics,61,100,683.0,863.0
1961,NYA,AL,OF,marisro01,Roger Maris,698.0,55.608187654479465,-0.9448794533116444,mantlmi01,Mickey Mantle,1294.0,0.6481029823006565,blancjo01,Johnny Blanchard,275.0,22.714658459859415,698.0,2.0457454545455174,1.592982435612301,0.0,New York Yankees,109,53,827.0,612.0
1961,CHA,AL,OF,minosmi01,Minnie Miñoso,635.0,16.798938625493527,-1.0498603909840327,landiji01,Jim Landis,1235.0,1.412989147233372,careyan01,Andy Carey,162.0,-0.9790739254646432,635.0,-20.636666666666667,2.4628495382174047,20.636666666666667,Chicago White Sox,86,76,765.0,726.0
1961,PIT,NL,1B,stuardi01,Dick Stuart,576.0,31.67511616097501,-1.2255434009302717,nelsoro01,Rocky Nelson,222.33333333333334,1.1396836119688447,chrisjo01,Joe Christopher,206.0,-4.53073970631797,576.0,-44.343592233009716,2.3652270128991164,44.343592233009716,Pittsburgh Pirates,75,79,694.0,675.0
1961,DET,AL,OF,colavro01,Rocky Colavito,708.0,56.67108432574708,-0.11185268382268683,brutobi01,Bill Bruton,1291.3333333333333,1.4068832285870014,browndi01,Dick Brown,336.0,4.069328154591858,708.0,-48.096428571428525,1.5187359124096882,48.096428571428525,Detroit Tigers,101,61,841.0,671.0
1961,ML1,NL,OF,aaronha01,Hank Aaron,671.0,51.35661969446912,0.7494514861303939,spangal01,Al Spangler,225.33333333333334,1.0062589714590071,spahnwa01,Warren Spahn,106.0,-1.3323223731539091,671.0,-59.790471698113194,0.2568074853286132,59.790471698113194,Milwaukee Braves,83,71,712.0,656.0
1962,MIN,AL,C,batteea01,Earl Battey,591.0,5.2606533412409675,0.31912791677528124,zimmeje01,Jerry Zimmerman,172.33333333333334,0.910707602084717,minchdo01,Don Mincher,157.0,9.434065270008174,591.0,30.25229299363057,0.5915796853094357,0.0,Minnesota Twins,91,71,798.0,713.0
1962,LAA,AL,3B,torrefe01,Felix Torres,491.0,-4.716394601439393,-0.35202312294958027,yosted01,Eddie Yost,225.66666666666666,-0.2080020301071932,bilkost01,Steve Bilko,198.0,10.235954926507125,491.0,30.09949494949494,0.14402109284238707,0.0,Los Angeles Angels,86,76,718.0,706.0
1962,WS2,AL,SS,hamlike01,Ken Hamlin,318.0,-10.825587542276441,-0.32553716119527315,johnsbo02,Bob Johnson,416.6666666666667,-0.050225582513424336,woodlge01,Gene Woodling,134.0,8.05544424319169,318.0,29.942238805970153,0.2753115786818488,0.0,Washington Senators,60,101,599.0,716.0
1962,CLE,AL,OF,kirklwi01,Willie Kirkland,470.0,-10.876874669402284,-0.08211375572742927,clinety01,Ty Cline,797.6666666666666,1.3229834501918096,greenge01,Gene Green,152.0,6.118712872874152,470.0,29.796578947368413,1.4050972059192388,0.0,Cleveland Indians,80,82,682.0,745.0
1962,PIT,NL,1B,stuardi01,Dick Stuart,433.0,-6.778580599488371,-1.040177693571124,marshji01,Jim Marshall,191.33333333333334,1.73358228416753,clenddo01,Donn Clendenon,251.0,12.633732724084112,433.0,28.573027888446223,2.7737599777386537,0.0,Pittsburgh Pirates,93,68,706.0,626.0
1962,CIN,NL,3B,kaskoed01,Eddie Kasko,579.0,-7.312744034881668,-0.24093558170821566,zimmedo01,Don Zimmer,335.3333333333333,0.2974159856978575,postwa01,Wally Post,321.0,11.478996830402393,579.0,28.01785046728972,0.5383515674060732,0.0,Cincinnati Reds,98,64,802.0,685.0
1962,LAN,NL,OF,daviswi02,Willie Davis,666.0,16.689227068685348,0.5032024452339365,fairlro01,Ron Fairly,161.33333333333334,1.3029875445832537,snidedu01,Duke Snider,196.0,12.926739497691182,666.0,27.235306122448975,0.7997850993493172,0.0,Los Angeles Dodgers,102,63,842.0,697.0
1962,NYA,AL,SS,treshto01,Tom Tresh,712.0,16.98818135188425,0.060569957083922876,kubekto01,Tony Kubek,306.6666666666667,0.7808911837376739,longda02,Dale Long,114.0,6.5140346546556165,712.0,23.695964912280655,0.720321226653751,0.0,New York Yankees,96,66,817.0,680.0
1962,DET,AL,SS,fernach01,Chico Fernandez,560.0,-2.1005315209899633,-0.7229807367811246,buddido01,Don Buddin,158.33333333333334,1.1760000752831814,wertzvi01,Vic Wertz,112.0,4.255893695802012,560.0,23.38000000000002,1.898980812064306,0.0,Detroit Tigers,85,76,758.0,692.0
1962,CHA,AL,C,carreca01,Cam Carreon,351.0,-3.2362617211919034,0.04705838866500937,lollash01,Sherm Lollar,516.3333333333334,0.24327991803223092,maxwech01,Charlie Maxwell,242.0,13.705056021286483,351.0,23.11425619834709,0.19622152936722156,0.0,Chicago White Sox,85,77,707.0,658.0
1962,BAL,AL,C,triangu01,Gus Triandos,237.0,-13.260296375847531,-0.6263287475156757,landrho01,Hobie Landrith,460.3333333333333,-0.09795086202062812,herzowh01,Whitey Herzog,312.0,6.119989581162746,237.0,17.909134615384616,0.5283778854950476,0.0,Baltimore Orioles,77,85,652.0,680.0
1962,NYN,NL,2B,nealch01,Charlie Neal,579.0,-2.3727440348816558,0.10606477164178542,kanehro01,Rod Kanehl,529.3333333333334,0.406723804604628,hodgegi01,Gil Hodges,142.0,3.3889643299599364,579.0,16.191126760563368,0.3006590329628426,0.0,New York Mets,40,120,617.0,948.0
1962,KC1,AL,C,sulliha02,Haywood Sullivan,313.0,-5.070939939410443,-0.6872166830559209,azcuejo01,Joe Azcue,553.6666666666666,-0.3726186593863671,alusige01,George Alusik,228.0,5.6580693093112355,313.0,12.838377192982444,0.31459802366955375,0.0,Kansas City Athletics,72,90,745.0,837.0
1962,HOU,NL,2B,amalfjo01,Joey Amalfitano,434.0,-12.749362540826661,-0.3077049234118598,lillibo01,Bob Lillis,206.0,0.3333287085831588,ranewme01,Merritt Ranew,239.0,-4.606883979856161,434.0,4.383723849372377,0.6410336319950185,0.0,Houston Colt .45's,64,96,592.0,717.0
1962,SLN,NL,C,olivege01,Gene Oliver,399.0,10.088005406014194,0.3280789811796347,schafji01,Jimmie Schaffer,227.0,0.9013063792573229,sawatca01,Carl Sawatski,262.0,9.375131369362705,399.0,4.189389312977101,0.5732273980776883,0.0,St. Louis Cardinals,84,78,774.0,664.0
1962,CHN,NL,C,bertedi01,Dick Bertell,235.0,-0.30375621450292245,-0.7933392551750648,tappeel01,El Tappe,169.33333333333334,0.9046332319152316,landrdo01,Don Landrum,272.0,1.4173119559795944,235.0,1.528272058823528,1.6979724870902964,0.0,Chicago Cubs,59,103,632.0,827.0
1962,PHI,NL,C,dalrycl01,Clay Dalrymple,451.0,15.61734445642206,0.19494954634804917,oldisbo01,Bob Oldis,208.0,0.46534717584793306,torrefr01,Frank Torre,200.0,6.0436117323379435,451.0,-1.9889999999999992,0.2703976294998839,1.9889999999999992,Philadelphia Phillies,81,80,705.0,759.0
1962,BOS,AL,OF,yastrca01,Carl Yastrzemski,719.0,25.45167470787184,-0.2505057061357592,geigega01,Gary Geiger,1078.0,0.7647055934660358,pagliji01,Jim Pagliaroni,303.0,8.028355266321508,719.0,-6.400891089108922,1.015211299601795,6.400891089108922,Boston Red Sox,76,84,707.0,756.0
1962,ML1,NL,OF,aaronha01,Hank Aaron,667.0,59.548445127347044,0.7322120084231897,johnslo01,Lou Johnson,269.0,0.9713873371400171,torrejo01,Joe Torre,248.0,3.4960785480990486,667.0,-50.14568548387097,0.23917532871682745,50.14568548387097,Milwaukee Braves,86,76,730.0,665.0
1963,BOS,AL,2B,schilch01,Chuck Schilling,629.0,-17.44397231980223,-0.2893143353394576,gardnbi02,Billy Gardner,162.66666666666666,0.25140681590332364,mantife01,Felix Mantilla,198.0,10.223773419203745,629.0,49.92252525252524,0.5407211512427812,0.0,Boston Red Sox,76,85,666.0,704.0
1963,NYA,AL,OF,treshto01,Tom Tresh,614.0,33.14543878480354,0.12239004467226568,reedja01,Jack Reed,269.0,1.1889927417923065,mantlmi01,Mickey Mantle,213.0,25.234362314597977,614.0,39.59586854460096,1.0666026971200409,0.0,New York Yankees,104,57,714.0,547.0
1963,BAL,AL,2B,adairje01,Jerry Adair,401.0,-16.398923529794427,0.24694885887084492,johnsbo02,Bob Johnson,406.0,0.25373419072663667,gainejo01,Joe Gaines,147.0,8.26977117486339,401.0,38.957959183673466,0.006785331855791749,0.0,Baltimore Orioles,86,76,644.0,621.0
1963,CHA,AL,2B,foxne01,Nellie Fox,582.0,-17.52315085870413,0.3115819648477551,weisal01,Al Weis,306.3333333333333,1.0448068627982208,cunnijo01,Joe Cunningham,252.0,8.053893442622954,582.0,36.12380952380953,0.7332248979504656,0.0,Chicago White Sox,94,68,683.0,544.0
1963,CHN,NL,C,bertedi01,Dick Bertell,350.0,-11.556440310281355,0.7084056714470504,schafji01,Jimmie Schaffer,381.6666666666667,1.4759405166508712,ranewme01,Merritt Ranew,166.0,9.871116881409417,350.0,32.36903614457832,0.7675348452038209,0.0,Chicago Cubs,82,80,570.0,578.0
1963,SFN,NL,2B,hillech01,Chuck Hiller,454.0,-16.99766828819353,-0.8914861072577684,amalfjo01,Joey Amalfitano,275.0,-0.09994097221031961,halleto01,Tom Haller,340.0,9.100600841440981,454.0,29.149647058823543,0.7915451350474488,0.0,San Francisco Giants,88,74,725.0,641.0
1963,NYN,NL,SS,moranal01,Al Moran,370.0,-20.240522613726004,-0.1554976814513079,burrila01,Larry Burright,150.66666666666666,1.2225515891351484,gondeje01,Jesse Gonder,134.0,2.2476485669208484,370.0,26.446716417910437,1.3780492705864562,0.0,New York Mets,51,111,501.0,774.0
1963,SLN,NL,C,mccarti01,Tim McCarver,443.0,7.772076978701033,0.14728737053398586,sawatca01,Carl Sawatski,182.66666666666666,0.24649911660655752,kolbga01,Gary Kolb,119.0,9.048210294504338,443.0,25.911596638655453,0.09921174607257166,0.0,St. Louis Cardinals,93,69,747.0,628.0
1963,CLE,AL,OF,francti01,Tito Francona,553.0,-7.775622723132971,-0.1975506749353747,davalvi01,Vic Davalillo,782.6666666666666,1.4061193016464613,azcuejo01,Joe Azcue,339.0,7.811309035909447,553.0,20.517964601769915,1.6036699765818359,0.0,Cleveland Indians,79,83,635.0,702.0
1963,KC1,AL,OF,cimolgi01,Gino Cimoli,581.0,-2.761856785063785,0.04152300317932282,delgrbo01,Bobby Del Greco,770.3333333333334,0.48222393281097864,alusige01,George Alusik,252.0,7.193893442622954,581.0,19.347777777777818,0.4407009296316558,0.0,Kansas City Athletics,73,89,615.0,704.0
1963,LAA,AL,C,rodgebu01,Buck Rodgers,340.0,-9.629985037730943,-0.6181562527888164,sadowed01,Ed Sadowski,480.3333333333333,1.4225281421307738,deesch01,Charlie Dees,227.0,6.336245283632581,340.0,19.12039647577093,2.04068439491959,0.0,Los Angeles Angels,70,91,597.0,660.0
1963,HOU,NL,C,batemjo01,John Bateman,434.0,-13.873585984748887,-0.701883242666879,campbji01,Jim Campbell,361.6666666666667,-0.30562378855059885,wynnji01,Jim Wynn,286.0,3.3266230607415226,434.0,18.921678321678332,0.3962594541162801,0.0,Houston Colt .45's,66,96,464.0,640.0
1963,WS2,AL,2B,cottich01,Chuck Cottier,366.0,-15.033630952380953,-0.2782986837663239,blasido01,Don Blasingame,529.0,1.3039449313852736,zimmedo01,Don Zimmer,320.0,1.195896435076763,366.0,16.4014375,1.5822436151515975,0.0,Washington Senators,56,106,578.0,812.0
1963,PHI,NL,2B,tayloto02,Tony Taylor,700.0,8.927119379437297,0.42305568774983204,rojasco01,Cookie Rojas,166.33333333333334,1.6534345079254766,averiea02,Earl Averill,83.0,2.9155584407047077,700.0,15.66192771084337,1.2303788201756447,0.0,Philadelphia Phillies,87,75,642.0,578.0
1963,ML1,NL,SS,mcmilro01,Roy McMillan,346.0,-7.96562384959242,0.802804351456712,menkede01,Denis Menke,654.3333333333334,0.8950763264857989,olivege01,Gene Oliver,331.0,6.644937877991058,346.0,14.911691842900295,0.0922719750290869,0.0,Milwaukee Braves,84,78,677.0,603.0
1963,MIN,AL,3B,rolliri01,Rich Rollins,586.0,21.401672846734336,-0.27339521429830244,banksge01,George Banks,170.0,-0.17337452931168001,goryljo01,Johnny Goryl,174.0,10.294831186572987,586.0,13.269425287356299,0.10002068498662242,0.0,Minnesota Twins,91,70,767.0,602.0
1963,CIN,NL,3B,freesge02,Gene Freese,240.0,0.9210123586642149,-0.8773184323064669,spencda01,Daryl Spencer,410.6666666666667,1.0390778757498895,keougma01,Marty Keough,205.0,4.045656389692346,240.0,3.8153658536585318,1.9163963080563564,0.0,Cincinnati Reds,86,76,648.0,594.0
1963,DET,AL,C,triangu01,Gus Triandos,369.0,3.522486826697893,0.1513612970274092,freehbi01,Bill Freehan,568.6666666666666,0.73314201371262,brownga01,Gates Brown,93.0,1.5996511514441834,369.0,2.8245161290322547,0.5817807166852108,0.0,Detroit Tigers,79,83,700.0,703.0
1963,LAN,NL,3B,mcmulke01,Ken McMullen,259.0,-2.9903658296081987,-0.36200352687834647,gilliji01,Jim Gilliam,264.6666666666667,0.5468932055369609,wallsle01,Lee Walls,94.0,-1.004186826189851,259.0,0.22351063829786472,0.9088967324153073,0.0,Los Angeles Dodgers,99,63,640.0,550.0
1963,PIT,NL,OF,clemero01,Roberto Clemente,642.0,33.973958059426764,-0.8551535926339813,virdobi01,Bill Virdon,1255.3333333333333,0.9247320347887191,lynchje01,Jerry Lynch,262.0,8.231521824875099,642.0,-13.803587786259536,1.7798856274227004,13.803587786259536,Pittsburgh Pirates,74,88,567.0,595.0
1964,PHI,NL,SS,winebo01,Bobby Wine,319.0,-10.312190795389519,-0.1266451288525511,amaroru01,Ruben Amaro,613.0,0.1454404695703245,johnsal01,Alex Johnson,116.0,4.994657892585622,319.0,24.04749999999998,0.2720855984228756,0.0,Philadelphia Phillies,92,70,693.0,632.0
1964,CHA,AL,C,martijc01,J. C. Martin,318.0,-19.184850279058487,-0.6835233568491758,carreca01,Cam Carreon,224.0,0.15808257629612657,skowrbi01,Bill Skowron,297.0,4.169620965785009,318.0,23.649292929292944,0.8416059331453023,0.0,Chicago White Sox,98,64,642.0,501.0
1964,PIT,NL,SS,schofdi01,Dick Schofield,464.0,4.358631570342528,-0.30833998132312435,alleyge01,Gene Alley,505.6666666666667,0.7720377446227943,pagliji01,Jim Pagliaroni,346.0,18.63941061064335,464.0,20.63757225433526,1.0803777259459186,0.0,Pittsburgh Pirates,80,82,663.0,636.0
1964,WS2,AL,2B,blasido01,Don Blasingame,556.0,-10.502191053951293,-0.22857924430706664,cottich01,Chuck Cottier,365.3333333333333,0.3970375164420697,skowrbi01,Bill Skowron,278.0,4.708904473024347,556.0,19.919999999999987,0.6256167607491363,0.0,Washington Senators,62,100,578.0,733.0
1964,KC1,AL,C,edwardo01,Doc Edwards,310.0,-14.154099328641916,-0.3093563071564451,lauch01,Charlie Lau,262.3333333333333,-0.09879352622463132,bryanbi01,Billy Bryan,240.0,3.9374714875030365,310.0,19.240000000000006,0.21056278093181374,0.0,Kansas City Athletics,57,105,621.0,836.0
1964,DET,AL,3B,wertdo01,Don Wert,594.0,-1.0607580684300009,0.1334365496555447,phillbu02,Bubba Phillips,175.0,0.6899703064168099,thomage01,George Thomas,333.0,9.876241688910454,594.0,18.67783783783784,0.5565337567612652,0.0,Detroit Tigers,85,77,699.0,678.0
1964,BOS,AL,2B,jonesda03,Dalton Jones,401.0,-12.010141389630347,-1.3509718524986438,mantife01,Felix Mantilla,398.0,0.4893989073797209,wilsoea01,Earl Wilson,83.0,1.1947088894281328,401.0,17.782168674698795,1.8403707598783647,0.0,Boston Red Sox,72,90,688.0,793.0
1964,CHN,NL,SS,rodgean01,Andre Rodgers,508.0,2.5790190468405014,0.616874978969138,stewaji01,Jimmy Stewart,334.3333333333333,1.2368369006712956,clemedo01,Doug Clemens,160.0,5.915045369083627,508.0,16.201250000000012,0.6199619217021576,0.0,Chicago Cubs,76,86,649.0,724.0
1964,MIN,AL,2B,allenbe01,Bernie Allen,281.0,-4.738877133381855,-0.34149911665685884,goryljo01,Johnny Goryl,171.0,0.8484287579430649,minchdo01,Don Mincher,320.0,12.879961983337372,281.0,16.049093749999983,1.1899278745999238,0.0,Minnesota Twins,79,83,737.0,678.0
1964,CLE,AL,2B,brownla01,Larry Brown,367.0,-5.781949850359942,0.018035403407550846,salmoch01,Chico Salmon,194.33333333333334,0.2370110934427313,francti01,Tito Francona,320.0,7.459961983337385,367.0,14.337593750000005,0.21897569003518047,0.0,Cleveland Indians,79,83,689.0,693.0
1964,HOU,NL,OF,spangal01,Al Spangler,505.0,-6.447825553829812,-0.5327638658960085,hardyca01,Carroll Hardy,341.6666666666667,1.4696735324784098,gainejo01,Joe Gaines,342.0,4.200284476416253,505.0,12.650000000000011,2.0024373983744184,0.0,Houston Colt .45's,66,96,495.0,628.0
1964,LAN,NL,3B,gilliji01,Jim Gilliam,390.0,-7.640201912858662,-0.4612502420060169,werhajo01,Johnny Werhas,236.0,0.3237905845700644,griffde01,Derrell Griffith,254.0,3.259509523420257,390.0,12.644960629921261,0.7850408265760813,0.0,Los Angeles Dodgers,80,82,614.0,572.0
1964,SFN,NL,SS,paganjo01,Jose Pagan,415.0,-15.833163573939338,-0.824623237220538,davenji01,Jim Davenport,385.3333333333333,-0.2431309924407551,snidedu01,Duke Snider,189.0,-2.9687901577699685,415.0,9.314391534391524,0.5814922447797829,0.0,San Francisco Giants,90,72,656.0,587.0
1964,NYA,AL,OF,treshto01,Tom Tresh,620.0,14.191801342716154,0.3371676787897365,marisro01,Roger Maris,1197.0,0.4257155488575849,blancjo01,Johnny Blanchard,189.0,5.889758796408642,620.0,5.129100529100556,0.08854787006784837,0.0,New York Yankees,99,63,730.0,577.0
1964,NYN,NL,1B,kraneed01,Ed Kranepool,461.0,2.3017869696721984,0.24571844544530574,harknti01,Tim Harkness,244.0,0.5384628105826825,cannich01,Chris Cannizzaro,182.0,2.1852391073326283,461.0,3.233351648351657,0.2927443651373768,0.0,New York Mets,53,109,569.0,776.0
1964,LAA,AL,OF,clintlo01,Lou Clinton,344.0,2.437709132087688,-0.2930534564945128,piersji01,Jim Piersall,543.0,0.5606820426594376,thomale03,Lee Thomas,194.0,1.4367894523982836,344.0,0.10999999999999048,0.8537354991539503,0.0,Los Angeles Angels,82,80,544.0,551.0
1964,ML1,NL,1B,olivege01,Gene Oliver,298.0,7.469896999918253,-0.8589687601772227,torrejo01,Joe Torre,561.0,0.6174869889192641,clinety01,Ty Cline,132.0,3.141162429493992,298.0,-0.3784848484848476,1.4764557490964867,0.3784848484848476,Milwaukee Braves,88,74,803.0,744.0
1964,SLN,NL,C,mccarti01,Tim McCarver,515.0,11.454989781737924,-0.3748559871766042,ueckebo01,Bob Uecker,307.0,0.1101048903551969,shannmi01,Mike Shannon,279.0,4.066547862339573,515.0,-3.948637992831544,0.48496087753180106,3.948637992831544,St. Louis Cardinals,93,69,715.0,652.0
1964,BAL,AL,OF,bowensa01,Sam Bowens,553.0,12.585590552454903,0.05851558556009729,brandja01,Jackie Brandt,1127.6666666666667,1.2870689805129967,lauch01,Charlie Lau,179.0,1.6956974844293464,553.0,-7.3469273743016705,1.2285533949528993,7.3469273743016705,Baltimore Orioles,97,65,679.0,567.0
1964,CIN,NL,OF,robinfr02,Frank Robinson,662.0,58.90037521458349,0.24249391192473999,queenme02,Mel Queen,159.0,0.6983315601351532,pavledo01,Don Pavletich,102.0,2.512716422790813,662.0,-42.59235294117645,0.45583764821041317,42.59235294117645,Cincinnati Reds,92,70,660.0,566.0
1965,KC1,AL,OF,hershmi01,Mike Hershberger,541.0,-13.905561695796472,0.19527691552231938,stahlla01,Larry Stahl,171.0,1.5035138963135364,gentiji01,Jim Gentile,128.0,5.779478933342054,541.0,38.332890625,1.308236980791217,0.0,Kansas City Athletics,59,103,585.0,755.0
1965,HOU,NL,SS,lillibo01,Bob Lillis,439.0,-23.997470691390898,0.001475186762217695,kaskoed01,Eddie Kasko,474.0,0.3912481967302254,gentiji01,Jim Gentile,269.0,6.678224109375513,439.0,34.89613382899629,0.3897730099680077,0.0,Houston Astros,65,97,569.0,711.0
1965,NYA,AL,SS,kubekto01,Tony Kubek,370.0,-17.08884995830812,-0.07678555191893248,linzph01,Phil Linz,615.6666666666666,0.005147872002426557,marisro01,Roger Maris,186.0,7.4325240750126715,370.0,31.873978494623646,0.08193342392135904,0.0,New York Yankees,77,85,611.0,604.0
1965,SLN,NL,3B,boyerke01,Ken Boyer,604.0,2.919060825512312,-0.1344027093095142,gagliph01,Phil Gagliano,156.0,0.37983711027829864,skinnbo01,Bob Skinner,164.0,8.934976780437113,604.0,29.987804878048767,0.5142398195878128,0.0,St. Louis Cardinals,80,81,707.0,674.0
1965,CAL,AL,C,rodgebu01,Buck Rodgers,461.0,-21.461486029135266,0.2276327053625037,ranewme01,Merritt Ranew,167.0,0.5326011801113766,reichri01,Rick Reichardt,81.0,0.3578733875055193,461.0,23.498271604938285,0.3049684747488729,0.0,California Angels,75,87,527.0,569.0
1965,CHA,AL,3B,wardpe01,Pete Ward,574.0,2.538757091705787,-0.027431501063976516,bufordo01,Don Buford,180.33333333333334,1.7982664803573993,burgesm01,Smoky Burgess,89.0,3.493465820839397,574.0,19.99213483146066,1.8256979814213758,0.0,Chicago White Sox,95,67,647.0,555.0
1965,DET,AL,C,freehbi01,Bill Freehan,485.0,-4.954708729133617,0.274317686639796,sullijo07,John Sullivan,224.0,1.1509954285295627,brownga01,Gates Brown,249.0,7.185314487516966,485.0,18.950200803212848,0.8766777418897667,0.0,Detroit Tigers,89,73,680.0,602.0
1965,PIT,NL,SS,alleyge01,Gene Alley,540.0,-6.080442308316811,0.6224548487680368,schofdi01,Dick Schofield,250.33333333333334,1.010407695220618,rodgean01,Andre Rodgers,199.0,4.049392556749913,540.0,17.068743718592955,0.3879528464525812,0.0,Pittsburgh Pirates,90,72,675.0,580.0
1965,BOS,AL,SS,petrori01,Rico Petrocelli,363.0,3.3475066625247303,0.2391196701956726,bressed01,Eddie Bressoud,648.3333333333334,0.2952391503213567,hortoto01,Tony Horton,183.0,8.91667691251247,363.0,14.339672131147545,0.05611948012568413,0.0,Boston Red Sox,62,100,669.0,791.0
1965,LAN,NL,OF,fairlro01,Ron Fairly,654.0,15.846797648816304,0.1609020715157029,daviswi02,Willie Davis,1244.3333333333333,0.5303029172020732,drysddo01,Don Drysdale,138.0,6.14455363231903,654.0,13.273043478260837,0.3694008456863703,0.0,Los Angeles Dodgers,97,65,608.0,521.0
1965,CHN,NL,C,roznovi01,Vic Roznovsky,193.0,-4.2199358620465715,0.21019640027559314,bertedi01,Dick Bertell,240.0,0.6663551217465282,baileed01,Ed Bailey,187.0,7.480735719156949,193.0,11.940695187165776,0.45615872147093506,0.0,Chicago Cubs,72,90,635.0,723.0
1965,BAL,AL,C,browndi01,Dick Brown,280.0,-7.1242648333142595,0.23813279974935897,lauch01,Charlie Lau,262.0,0.2779937840803617,orsinjo01,John Orsino,263.0,3.542601245851259,280.0,10.895855513307994,0.03986098433100271,0.0,Baltimore Orioles,94,68,641.0,578.0
1965,NYN,NL,2B,hillech01,Chuck Hiller,303.0,-8.638914850777766,-0.6267938580204079,huntro01,Ron Hunt,384.3333333333333,0.3932016199471562,gondeje01,Jesse Gonder,117.0,0.5219041665313547,303.0,9.990512820512812,1.019995477967564,0.0,New York Mets,50,112,495.0,752.0
1965,MIN,AL,2B,kindaje01,Jerry Kindall,395.0,-14.100123604139755,-0.2615764244184794,quilifr01,Frank Quilici,365.0,0.5155793513958099,valdesa01,Sandy Valdespino,273.0,-2.9279082124814098,395.0,9.863772893772879,0.7771557758142893,0.0,Minnesota Twins,102,60,774.0,600.0
1965,CLE,AL,C,azcuejo01,Joe Azcue,371.0,-13.656900904141402,0.33195390502917715,roofph01,Phil Roof,169.33333333333334,1.0622844417009927,salmoch01,Chico Salmon,133.0,-1.480775795824278,371.0,9.526315789473678,0.7303305366718156,0.0,Cleveland Indians,87,75,663.0,613.0
1965,ML1,NL,1B,aloufe01,Felipe Alou,599.0,24.481287143181877,0.8670714574071328,torrejo01,Joe Torre,416.0,1.2118903476672411,cartyri01,Rico Carty,293.0,13.885537784561434,599.0,3.9058703071672687,0.34481889026010837,0.0,Milwaukee Braves,86,76,708.0,633.0
1965,PHI,NL,OF,callijo01,Johnny Callison,691.0,30.384322898061225,0.6296932580834501,phillad01,Adolfo Phillips,196.0,0.9936264271865867,covinwe01,Wes Covington,264.0,10.000450427045111,691.0,-4.208901515151484,0.36393316910313656,4.208901515151484,Philadelphia Phillies,85,76,654.0,667.0
1965,SFN,NL,3B,hartji01,Jim Ray Hart,649.0,30.879023966485867,-1.4509807229510723,davenji01,Jim Davenport,231.0,-0.17111302911714826,hiattja01,Jack Hiatt,80.0,3.184378917286395,649.0,-5.045749999999986,1.279867693833924,5.045749999999986,San Francisco Giants,95,67,682.0,593.0
1965,WS2,AL,OF,howarfr01,Frank Howard,575.0,28.280706145872504,-0.3642833683383855,kingji01,Jim King,589.3333333333334,0.5205979377730413,cunnijo01,Joe Cunningham,249.0,4.665314487516963,575.0,-17.50738955823293,0.8848813061114268,17.50738955823293,Washington Senators,70,92,591.0,721.0
1966,PHI,NL,2B,rojasco01,Cookie Rojas,679.0,-13.485002122102507,-0.0489545275309651,tayloto02,Tony Taylor,557.6666666666666,0.17794830273871715,briggjo02,John Briggs,297.0,17.414778158667982,679.0,53.29858585858588,0.22690283026968225,0.0,Philadelphia Phillies,87,75,696.0,640.0
1966,CIN,NL,C,edwarjo01,Johnny Edwards,319.0,-14.797460496245508,0.090858977348985,cokerji01,Jimmie Coker,268.0,0.18539443938118608,pavledo01,Don Pavletich,256.0,13.45485928827947,319.0,31.563476562500004,0.09453546203220108,0.0,Cincinnati Reds,76,84,692.0,702.0
1966,CHA,AL,1B,mccrato01,Tommy McCraw,437.0,-8.046682556234177,-0.04447414706977422,skowrbi01,Bill Skowron,689.3333333333334,0.2684234634941588,burgesm01,Smoky Burgess,80.0,4.285183971398777,437.0,31.4545,0.312897610563933,0.0,Chicago White Sox,83,79,574.0,517.0
1966,CLE,AL,SS,brownla01,Larry Brown,384.0,-7.915116937285855,-0.48526202646381444,salmoch01,Chico Salmon,501.6666666666667,-0.1755954882619451,simsdu01,Duke Sims,148.0,4.689590347087742,384.0,20.082702702702697,0.30966653820186935,0.0,Cleveland Indians,81,81,574.0,586.0
1966,MIN,AL,2B,allenbe01,Bernie Allen,350.0,-3.967320125130345,-0.2740477753868025,tovarce01,Cesar Tovar,644.3333333333334,0.22511700358187675,allisbo01,Bob Allison,203.0,7.678154327424407,350.0,17.205517241379322,0.4991647789686792,0.0,Minnesota Twins,89,73,663.0,581.0
1966,WS2,AL,2B,saverbo01,Bob Saverine,446.0,-6.4010993594518055,-0.16295810796027846,blasido01,Don Blasingame,446.0,0.5360754763018015,kingji01,Jim King,350.0,7.932679874869653,446.0,16.509599999999995,0.69903358426208,0.0,Washington Senators,71,88,557.0,659.0
1966,NYA,AL,C,howarel01,Elston Howard,451.0,0.634224638760609,0.1526343733824909,gibbsja01,Jake Gibbs,438.6666666666667,0.7230942865830704,whitast01,Steve Whitaker,124.0,4.2680351556681035,451.0,14.889032258064509,0.5704599132005795,0.0,New York Yankees,70,89,611.0,612.0
1966,ATL,NL,SS,menkede01,Denis Menke,545.0,13.021360594188712,-0.7981218477640465,woodwwo01,Woody Woodward,557.6666666666666,-0.388832123633705,geigega01,Gary Geiger,151.0,6.028725595821094,545.0,8.737947019867557,0.4092897241303415,0.0,Atlanta Braves,85,77,782.0,683.0
1966,HOU,NL,OF,staubru01,Rusty Staub,628.0,14.279732941560551,-0.09388719095901635,wynnji01,Jim Wynn,925.0,1.0642676748022835,gentiji01,Jim Gentile,170.0,6.19088312112308,628.0,8.590117647058827,1.1581548657613,0.0,Houston Astros,72,90,612.0,695.0
1966,NYN,NL,C,groteje01,Jerry Grote,364.0,-4.243403199477643,-0.20846971770127828,tayloha04,Hawk Taylor,152.66666666666666,0.7810469768911178,elliola01,Larry Elliot,216.0,0.6534750244857976,364.0,5.344629629629635,0.9895166945923961,0.0,New York Mets,66,95,587.0,761.0
1966,LAN,NL,1B,parkewe01,Wes Parker,564.0,10.973518119490695,0.5323253619319983,fairlro01,Ron Fairly,163.33333333333334,0.8203499343077048,ferraal01,Al Ferrara,129.0,3.230964250734576,564.0,3.1525581395348916,0.28802457237570644,0.0,Los Angeles Dodgers,95,67,606.0,490.0
1966,KC1,AL,OF,hershmi01,Mike Hershberger,599.0,-1.8761850141516558,-0.11373321488549083,nossejo01,Joe Nossek,530.6666666666666,1.1051887936871698,gosgeji01,Jim Gosger,315.0,-0.20458811261730636,599.0,1.4871428571428733,1.2189220085726606,0.0,Kansas City Athletics,74,86,564.0,648.0
1966,DET,AL,OF,hortowi01,Willie Horton,578.0,21.74745419335617,-0.5444632088120676,demetdo01,Don Demeter,192.66666666666666,1.5819543376435596,brownga01,Gates Brown,193.0,7.007506330999554,578.0,-0.7612435233160555,2.1264175464556274,0.7612435233160555,Detroit Tigers,88,74,719.0,698.0
1966,BOS,AL,OF,yastrca01,Carl Yastrzemski,680.0,28.00406375688965,0.1433517703316353,thomage01,George Thomas,356.3333333333333,0.847062497759207,demetdo01,Don Demeter,238.0,7.425422314911366,680.0,-6.788571428571462,0.7037107274275717,6.788571428571462,Boston Red Sox,72,90,655.0,731.0
1966,CAL,AL,1B,siebeno01,Norm Siebern,404.0,7.806179055563837,0.5983196900413548,adcocjo01,Joe Adcock,524.0,2.1607796830955266,warneja03,Jackie Warner,133.0,-0.016381647549535305,404.0,-7.855939849624081,1.5624599930541718,7.855939849624081,California Angels,80,82,604.0,643.0
1966,SLN,NL,C,mccarti01,Tim McCarver,586.0,7.721279464577197,0.4096558505490388,corrapa01,Pat Corrales,197.33333333333334,0.6305239795366632,gagliph01,Phil Gagliano,242.0,-0.8946252040483242,586.0,-9.887603305785124,0.22086812898762437,9.887603305785124,St. Louis Cardinals,83,79,571.0,577.0
1966,SFN,NL,C,halleto01,Tom Haller,536.0,13.534549134835125,-0.3494381194501018,bartobo01,Bob Barton,234.33333333333334,1.0325168271120873,davenji01,Jim Davenport,336.0,-3.162372184133196,536.0,-18.5792857142857,1.381954946562189,18.5792857142857,San Francisco Giants,93,68,675.0,626.0
1966,CHN,NL,1B,bankser01,Ernie Banks,554.0,7.758172053542274,0.46432122901605427,boccajo01,John Boccabella,178.66666666666666,1.9470342909538514,thomale03,Lee Thomas,167.0,-3.794720698661447,554.0,-20.346646706586835,1.482713061937797,20.346646706586835,Chicago Cubs,59,103,644.0,809.0
1966,PIT,NL,3B,bailebo01,Bob Bailey,433.0,16.495484655566436,-0.04438138371123637,paganjo01,Jose Pagan,620.3333333333334,0.3997643608670677,gondeje01,Jesse Gonder,174.0,-1.654978452497553,433.0,-20.613908045977013,0.444145744578304,20.613908045977013,Pittsburgh Pirates,92,70,759.0,641.0
1966,BAL,AL,OF,robinfr02,Frank Robinson,680.0,79.44406375688959,-0.43665583726388973,blairpa01,Paul Blair,787.6666666666666,0.7078738248399139,roznovi01,Vic Roznovsky,111.0,-1.3478072396841947,680.0,-87.70090090090088,1.1445296621038037,87.70090090090088,Baltimore Orioles,97,63,755.0,601.0
1967,SFN,NL,SS,lanieha01,Hal Lanier,557.0,-35.211180788282014,0.8113491393463224,davenji01,Jim Davenport,168.0,0.9252405961420127,hiattja01,Jack Hiatt,182.0,9.662935541351295,557.0,64.78401098901098,0.11389145679569035,0.0,San Francisco Giants,91,71,652.0,551.0
1967,HOU,NL,SS,jacksso01,Sonny Jackson,566.0,-18.232079580193222,-0.6915469403067969,gotayju01,Julio Gotay,170.0,0.2571449957694434,raderdo02,Doug Rader,176.0,8.550201402625424,566.0,45.728749999999984,0.9486919360762402,0.0,Houston Astros,69,93,626.0,742.0
1967,KC1,AL,3B,caterda01,Danny Cater,573.0,-0.028885903606517438,-1.8250158484619652,bandosa01,Sal Bando,340.6666666666667,0.9539324804197973,harreke01,Ken Harrelson,194.0,12.244146831937762,573.0,36.193298969072174,2.7789483288817625,0.0,Kansas City Athletics,62,99,533.0,660.0
1967,DET,AL,SS,oylerra01,Ray Oyler,424.0,-13.676400738445311,0.24386248248164177,tracedi01,Dick Tracewski,152.0,0.5971041696819044,matheed01,Eddie Mathews,128.0,4.561086569525942,424.0,28.784999999999997,0.3532416872002626,0.0,Detroit Tigers,91,71,683.0,587.0
1967,LAN,NL,SS,michage01,Gene Michael,245.0,-17.173356002027106,-0.4079577846387869,schofdi01,Dick Schofield,528.0,1.2093065471287452,gabrile02,Len Gabrielson,257.0,3.4921122754246334,245.0,20.50241245136187,1.6172643317675321,0.0,Los Angeles Dodgers,73,89,519.0,595.0
1967,WS2,AL,C,casanpa01,Paul Casanova,551.0,-10.526572657743788,0.07282439091750585,camildo02,Doug Camilli,206.33333333333334,0.22676953882225445,epstemi01,Mike Epstein,329.0,5.64404282323466,551.0,19.979057750759893,0.1539451479047486,0.0,Washington Senators,76,85,550.0,637.0
1967,CAL,AL,3B,schaapa01,Paul Schaal,322.0,-6.194766598536296,0.5114097588252258,rodriau01,Aurelio Rodriguez,262.3333333333333,1.0518408292387376,mortobu01,Bubba Morton,229.0,9.058193940792506,322.0,18.931615720524015,0.5404310704135118,0.0,California Angels,84,77,567.0,587.0
1967,CLE,AL,OF,hintoch01,Chuck Hinton,552.0,-0.8753141689193669,-0.1431263081451557,davalvi01,Vic Davalillo,785.0,0.7886851060280988,mayele01,Lee Maye,326.0,10.220267356761395,552.0,18.180797546012283,0.9318114141732545,0.0,Cleveland Indians,75,87,559.0,613.0
1967,NYA,AL,C,gibbsja01,Jake Gibbs,411.0,-10.162761093162779,-0.04231552035123228,howarel01,Elston Howard,419.6666666666667,-0.02192678755212814,howsedi01,Dick Howser,179.0,2.935269499571433,411.0,16.902402234636853,0.02038873279910414,0.0,New York Yankees,72,90,522.0,621.0
1967,BAL,AL,SS,aparilu01,Luis Aparicio,587.0,-13.311267060064615,-0.5231452073196748,belanma01,Mark Belanger,310.6666666666667,-0.24468678698164742,haneyla01,Larry Haney,172.0,0.9964600778004868,587.0,16.711976744186046,0.2784584203380274,0.0,Baltimore Orioles,76,85,654.0,592.0
1967,CIN,NL,C,edwarjo01,Johnny Edwards,231.0,-12.429735659054128,0.24196399592966503,benchjo01,Johnny Bench,233.0,0.7029338067204005,pavledo01,Don Pavletich,258.0,3.28756796521227,231.0,15.373255813953486,0.4609698107907355,0.0,Cincinnati Reds,87,75,604.0,563.0
1967,BOS,AL,C,ryanmi02,Mike Ryan,259.0,-7.534051394474842,0.3591911373502474,gibsoru01,Russ Gibson,362.3333333333333,1.3213479844807858,jonesda03,Dalton Jones,172.0,4.426460077800487,259.0,14.19947674418604,0.9621568471305384,0.0,Boston Red Sox,92,70,722.0,614.0
1967,NYN,NL,OF,davisto02,Tommy Davis,621.0,22.357983358127232,-0.4708373246298484,stahlla01,Larry Stahl,292.0,1.1936275619415566,johnsbo02,Bob Johnson,246.0,14.19209968776055,621.0,13.468414634146349,1.664464886571405,0.0,New York Mets,61,101,498.0,672.0
1967,CHA,AL,2B,causewa01,Wayne Causey,333.0,-6.550923221467664,-0.014976922525871086,adairje01,Jerry Adair,228.33333333333334,0.5896324330653452,martijc01,J. C. Martin,286.0,0.18992780378452467,333.0,6.772062937062932,0.6046093555912163,0.0,Chicago White Sox,89,73,531.0,491.0
1967,PIT,NL,1B,clenddo01,Donn Clendenon,518.0,-2.2639526900001656,-0.44562696981519934,stargwi01,Willie Stargell,266.3333333333333,1.0372924561347212,paganjo01,Jose Pagan,230.0,0.5448086511582282,518.0,3.490956521739132,1.4829194259499205,0.0,Pittsburgh Pirates,81,81,679.0,693.0
1967,SLN,NL,2B,javieju01,Julian Javier,555.0,4.967907832142681,-0.9932040142248357,gagliph01,Phil Gagliano,201.0,-0.7804870550454053,tolanbo01,Bobby Tolan,294.0,0.3939727975674818,555.0,-4.224183673469374,0.21271695917943045,4.224183673469374,St. Louis Cardinals,101,60,695.0,557.0
1967,PHI,NL,1B,whitebi03,Bill White,369.0,9.943149531640804,0.31363891794674653,francti01,Tito Francona,161.33333333333334,1.582815892614887,olivege01,Gene Oliver,298.0,-0.674204443281951,369.0,-10.777986577181206,1.2691769746681405,10.777986577181206,Philadelphia Phillies,82,80,612.0,581.0
1967,MIN,AL,OF,olivato01,Tony Oliva,615.0,31.82397062701918,0.38252660876659966,tovarce01,Cesar Tovar,598.6666666666666,1.448163508746402,reeseri01,Rich Reese,110.0,1.898433770686359,615.0,-21.209999999999994,1.0656368999798023,21.209999999999994,Minnesota Twins,91,71,671.0,590.0
1967,CHN,NL,OF,willibi01,Billy Williams,712.0,35.19445112880284,-0.05783530444753393,phillad01,Adolfo Phillips,1245.6666666666667,1.0266602823453237,savagte01,Ted Savage,275.0,2.7503146916022305,712.0,-28.07363636363634,1.0844955867928576,28.07363636363634,Chicago Cubs,87,74,702.0,624.0
1967,ATL,NL,OF,aaronha01,Hank Aaron,669.0,57.51985646793413,0.4476887684640388,jonesma01,Mack Jones,1080.6666666666667,0.5278357532842015,martima01,Marty Martinez,87.0,2.144645011525069,669.0,-41.028275862068945,0.08014698482016269,41.028275862068945,Atlanta Braves,77,85,631.0,640.0
1968,DET,AL,OF,northji01,Jim Northrup,643.0,25.194637157833405,0.24091488364264202,stanlmi01,Mickey Stanley,1109.6666666666667,1.233287027684181,brownga01,Gates Brown,104.0,16.13712638322656,643.0,74.57625000000002,0.992372144041539,0.0,Detroit Tigers,103,59,671.0,492.0
1968,LAN,NL,SS,versazo01,Zoilo Versalles,436.0,-20.101323265427123,-0.20658613632166917,popovpa01,Paul Popovich,322.0,0.6956072372816774,sudakbi01,Bill Sudakis,102.0,7.566250061757872,436.0,52.44333333333333,0.9021933736033465,0.0,Los Angeles Dodgers,76,86,470.0,509.0
1968,HOU,NL,SS,torrehe01,Hector Torres,496.0,-23.660587934981315,-0.841402957633625,menkede01,Denis Menke,264.0,-0.5257518418622045,milleno01,Norm Miller,294.0,4.838603119184474,496.0,31.823673469387774,0.3156511157714206,0.0,Houston Astros,72,90,510.0,588.0
1968,NYA,AL,3B,coxbo01,Bobby Cox,490.0,-2.4468083867210186,-0.038348257320520496,ferrami01,Mike Ferraro,196.33333333333334,1.2299754986398876,colavro01,Rocky Colavito,106.0,4.849955736750145,490.0,24.866415094339615,1.2683237559604081,0.0,New York Yankees,83,79,536.0,531.0
1968,CIN,NL,SS,cardele01,Leo Cardenas,499.0,-4.453051168459016,-1.0980905168719688,woodwwo01,Woody Woodward,301.3333333333333,-0.5585859540789544,jonesma01,Mack Jones,271.0,11.0741545758469,499.0,24.84420664206641,0.5395045627930144,0.0,Cincinnati Reds,83,79,690.0,673.0
1968,BOS,AL,1B,scottge02,George Scott,387.0,-21.987520093185786,-0.23831433501189606,jonesda03,Dalton Jones,446.0,1.013127179537892,howarel01,Elston Howard,229.0,1.568960978450789,387.0,24.638995633187776,1.2514415145497881,0.0,Boston Red Sox,86,76,614.0,611.0
1968,MIN,AL,SS,hernaja01,Jackie Hernandez,217.0,-14.368015142690743,-0.7073826243551122,renicri01,Rick Renick,262.6666666666667,-0.2759126814826657,nettlgr01,Graig Nettles,84.0,3.1488328479906813,217.0,22.502500000000005,0.43146994287244655,0.0,Minnesota Twins,79,83,562.0,546.0
1968,CAL,AL,C,rodgebu01,Buck Rodgers,281.0,-15.547475829935937,0.09859244561604526,satrito01,Tom Satriano,613.3333333333334,0.3975095068138408,mortobu01,Bubba Morton,184.0,2.6803005241700646,281.0,19.64076086956522,0.29891706119779554,0.0,California Angels,67,95,498.0,615.0
1968,CHA,AL,2B,alomasa01,Sandy Alomar,395.0,-6.376202679091437,-0.7221375036086223,culleti01,Tim Cullen,456.3333333333333,-0.29708299947552247,wagnele01,Leon Wagner,183.0,5.963885847408271,395.0,19.249071038251365,0.4250545041330998,0.0,Chicago White Sox,67,95,463.0,527.0
1968,OAK,AL,2B,donaljo01,John Donaldson,419.0,-5.872250436808386,-0.2344127149723848,greendi01,Dick Green,485.6666666666667,0.37646755308406177,hershmi01,Mike Hershberger,274.0,7.577621432731507,419.0,17.459927007299267,0.6108802680564466,0.0,Oakland Athletics,82,80,569.0,544.0
1968,BAL,AL,C,etchean01,Andy Etchebarren,214.0,4.5027408270238745,0.5713532647478616,haneyla01,Larry Haney,208.0,1.3452679900219249,retteme01,Merv Rettenmund,85.0,8.555247524752476,214.0,17.036352941176474,0.7739147252740632,0.0,Baltimore Orioles,91,71,579.0,497.0
1968,CLE,AL,OF,cardejo02,Jose Cardenal,629.0,4.2648316831683015,0.6471619582640802,hallji02,Jimmie Hall,198.0,0.956058253834168,snyderu01,Russ Snyder,246.0,7.338010483401279,629.0,14.49780487804879,0.3088962955700878,0.0,Cleveland Indians,86,75,516.0,504.0
1968,PIT,NL,C,mayje01,Jerry May,467.0,-9.740110011363448,0.22043421794345477,cannich01,Chris Cannizzaro,168.0,0.5100057688900431,patekfr01,Freddie Patek,234.0,-0.37213221126134055,467.0,8.997435897435901,0.2895715509465884,0.0,Pittsburgh Pirates,80,82,583.0,532.0
1968,SLN,NL,2B,javieju01,Julian Javier,553.0,-0.7873893710577988,-0.8553991855628672,schofdi01,Dick Schofield,158.66666666666666,0.9205411875364473,marisro01,Roger Maris,340.0,4.48750020585959,553.0,8.08617647058825,1.7759403730993144,0.0,St. Louis Cardinals,97,65,583.0,472.0
1968,ATL,NL,SS,jacksso01,Sonny Jackson,392.0,-10.278529174420704,-1.2926217831596736,martima01,Marty Martinez,431.6666666666667,-0.6195684781134387,valdesa01,Sandy Valdespino,97.0,-0.6929778824459414,392.0,7.478041237113395,0.6730533050462348,0.0,Atlanta Braves,81,81,514.0,549.0
1968,PHI,NL,SS,penaro01,Roberto Peña,546.0,-6.068308492943132,-0.2820259063572769,winebo01,Bobby Wine,201.0,-0.15883516847536977,suthega01,Gary Sutherland,149.0,0.03099273727375884,546.0,6.1818791946308655,0.12319073788190715,0.0,Philadelphia Phillies,76,86,543.0,615.0
1968,NYN,NL,2B,bosweke01,Ken Boswell,306.0,0.46875018527362666,-1.2641126976567598,weisal01,Al Weis,195.33333333333334,-0.37488103211788004,stahlla01,Larry Stahl,205.0,2.188345712356514,306.0,2.797756097560975,0.8892316655388798,0.0,New York Mets,73,89,473.0,499.0
1968,SFN,NL,C,dietzdi01,Dick Dietz,338.0,11.655809028178066,-1.6641422968770392,bartobo01,Bob Barton,263.3333333333333,0.3968794573013579,bondsbo01,Bobby Bonds,349.0,12.780110505426475,338.0,0.7214899713467144,2.0610217541783973,0.0,San Francisco Giants,88,74,599.0,529.0
1968,CHN,NL,OF,willibi01,Billy Williams,699.0,42.8360665996937,-0.5572863269030284,phillad01,Adolfo Phillips,1170.0,0.8640305616627946,smithwi02,Willie Smith,157.0,7.727757447999867,699.0,-8.430318471337607,1.421316888565823,8.430318471337607,Chicago Cubs,84,78,612.0,611.0
1969,OAK,AL,SS,campabe01,Bert Campaneris,592.0,-7.724646622413122,0.00641917587707299,kubiate01,Ted Kubiak,363.3333333333333,0.4562002578504846,francti01,Tito Francona,99.0,8.62844591956267,592.0,59.3210101010101,0.44978108197341166,0.0,Oakland Athletics,88,74,740.0,678.0
1969,SE1,AL,3B,harpeto01,Tommy Harper,640.0,6.763084732526335,0.3893725736871099,gilgu01,Gus Gil,265.6666666666667,0.8659840345848235,goossgr01,Greg Goossen,157.0,13.652787973447875,640.0,48.89159235668793,0.4766114608977136,0.0,Seattle Pilots,64,98,639.0,799.0
1969,PIT,NL,SS,patekfr01,Freddie Patek,522.0,-10.372412057581977,-0.7213668352967706,alleyge01,Gene Alley,174.0,0.20905169147209862,tayloca01,Carl Taylor,261.0,18.32379397120901,522.0,47.019999999999996,0.9304185267688692,0.0,Pittsburgh Pirates,88,74,725.0,652.0
1969,NYN,NL,3B,garrewa01,Wayne Garrett,454.0,-17.189530793375905,-1.1668627259994677,pfeilbo01,Bobby Pfeil,376.3333333333333,0.5673822078107839,shamsar01,Art Shamsky,349.0,19.54124174694232,454.0,42.60994269340976,1.7342449338102517,0.0,New York Mets,100,62,632.0,541.0
1969,CAL,AL,2B,alomasa01,Sandy Alomar,598.0,-20.79868020304569,-0.6856171115634511,knoopbo01,Bobby Knoop,210.33333333333334,0.36504401982528123,mortobu01,Bubba Morton,206.0,7.218180398281924,598.0,41.752427184466036,1.0506611313887322,0.0,California Angels,71,91,528.0,652.0
1969,ATL,NL,C,didiebo01,Bob Didier,397.0,-7.591968557203165,-0.5019609127217237,tillmbo01,Bob Tillman,490.3333333333333,-0.49261185229035515,cartyri01,Rico Carty,339.0,28.006077226972618,397.0,40.38964601769912,0.009349060431368572,0.0,Atlanta Braves,93,69,691.0,631.0
1969,WS2,AL,C,casanpa01,Paul Casanova,408.0,-21.984283483014448,0.25865703089570474,frencji01,Jim French,489.0,0.9935488478461192,mayele01,Lee Maye,258.0,8.196556032799693,408.0,34.946279069767456,0.7348918169504144,0.0,Washington Senators,86,76,694.0,644.0
1969,BOS,AL,1B,jonesda03,Dalton Jones,381.0,-8.051132370167892,0.1234059712781623,scottge02,George Scott,411.3333333333333,0.46248137496341507,conigbi01,Billy Conigliaro,90.0,6.26949629051152,381.0,34.59199999999999,0.3390754036852528,0.0,Boston Red Sox,87,75,743.0,736.0
1969,BAL,AL,C,hendrel01,Elrod Hendricks,339.0,3.1371026942600553,0.9016486646742615,dalrycl01,Clay Dalrymple,208.0,1.4218965009836728,mottocu01,Curt Motton,104.0,9.206751269035536,339.0,26.873365384615393,0.5202478363094113,0.0,Baltimore Orioles,109,53,779.0,517.0
1969,NYA,AL,1B,pepitjo01,Joe Pepitone,546.0,1.1129441624365501,0.7478705780721459,boehmle01,Len Boehmer,168.0,0.7919189764767358,fernafr01,Frank Fernandez,298.0,13.852998828582583,546.0,24.26872483221476,0.04404839840458996,0.0,New York Yankees,80,81,562.0,587.0
1969,MON,NL,C,brandro01,Ron Brand,325.0,-5.477153100984954,-0.13419091497157778,boccajo01,John Boccabella,196.66666666666666,0.39877014574539055,fairlro01,Ron Fairly,283.0,16.283155915142334,325.0,24.17689045936396,0.5329610607169684,0.0,Montreal Expos,52,110,582.0,791.0
1969,KCA,AL,2B,adairje01,Jerry Adair,461.0,-16.668246778602096,0.015520921609891714,alcarlu01,Luis Alcaraz,158.33333333333334,0.35352483943695034,tayloha04,Hawk Taylor,96.0,1.1254627098789516,461.0,22.072812499999976,0.33800391782705863,0.0,Kansas City Royals,69,93,586.0,688.0
1969,LAN,NL,3B,sudakbi01,Bill Sudakis,507.0,-3.2651588375365383,0.4484173912411574,lefebji01,Jim Lefebvre,364.0,1.7213087118452841,motama01,Manny Mota,336.0,10.177527870981706,507.0,18.622321428571432,1.2728913206041268,0.0,Los Angeles Dodgers,85,77,645.0,561.0
1969,CLE,AL,3B,alvisma01,Max Alvis,207.0,-10.064158531823509,0.11194865767564693,versazo01,Zoilo Versalles,194.33333333333334,0.6045384378862314,suareke01,Ken Suarez,102.0,4.141429129246387,207.0,18.468823529411765,0.49258978021058447,0.0,Cleveland Indians,62,99,573.0,717.0
1969,CHN,NL,2B,beckegl01,Glenn Beckert,582.0,-2.801424937763807,-0.38377938698182495,popovpa01,Paul Popovich,207.33333333333334,-0.3578394056755842,smithwi02,Willie Smith,223.0,5.932168795324169,582.0,18.283587443946168,0.025939981306240756,0.0,Chicago Cubs,92,70,720.0,611.0
1969,DET,AL,SS,treshto01,Tom Tresh,377.0,-0.48177664974617207,-1.029114347115497,tracedi01,Dick Tracewski,155.66666666666666,0.15114563016129418,mcauldi01,Dick McAuliffe,321.0,12.95920343615776,377.0,15.701775700934569,1.1802599772767912,0.0,Detroit Tigers,90,72,701.0,601.0
1969,SDN,NL,SS,deanto01,Tommy Dean,308.0,-19.908932784933437,0.6524820995883758,penaro01,Roberto Peña,435.0,0.988737524202236,murreiv01,Ivan Murrell,262.0,-3.6166895767940264,308.0,15.657251908396946,0.33625542461386027,0.0,San Diego Padres,52,110,468.0,746.0
1969,CHA,AL,C,herrmed01,Ed Herrmann,329.0,-3.3695080046856702,-0.9526830365530756,josepdu01,Duane Josephson,367.6666666666667,-0.7009678945308777,bradfbu01,Buddy Bradford,313.0,8.107914877001168,329.0,11.891884984025555,0.2517151420221979,0.0,Chicago White Sox,68,94,625.0,723.0
1969,MIN,AL,C,rosebjo01,John Roseboro,406.0,-4.419605622803591,-0.43195671599664753,mittege01,George Mitterwald,471.6666666666667,0.005567169283794798,allisbo01,Bob Allison,220.0,3.055435376805936,406.0,10.058272727272728,0.43752388528044234,0.0,Minnesota Twins,97,65,790.0,618.0
1969,CIN,NL,SS,woodwwo01,Woody Woodward,274.0,-2.922492152830391,0.4831559583951617,ruizch01,Chico Ruiz,177.0,0.6418962165913576,savagte01,Ted Savage,132.0,1.666171663599961,274.0,6.381060606060614,0.15874025819619597,0.0,Cincinnati Reds,89,73,798.0,768.0
1969,SFN,NL,C,dietzdi01,Dick Dietz,303.0,10.983484955081716,-1.174244418777907,hiattja01,Jack Hiatt,500.0,0.7658194077469314,etherbo01,Bobby Etheridge,152.0,1.9765007035393454,303.0,-7.043486842105258,1.9400638265248384,7.043486842105258,San Francisco Giants,90,72,713.0,636.0
1969,SLN,NL,2B,javieju01,Julian Javier,540.0,9.318884078363459,-1.1586032674776274,gagliph01,Phil Gagliano,155.33333333333334,0.9275624575741731,davalvi01,Vic Davalillo,105.0,-0.9307725403182184,540.0,-14.105714285714297,2.0861657250518006,14.105714285714297,St. Louis Cardinals,87,75,595.0,540.0
1970,OAK,AL,OF,aloufe01,Felipe Alou,618.0,-6.4602138381728675,0.13297924589944093,hovlest01,Steve Hovley,200.0,1.480075598343722,tenacge01,Gene Tenace,128.0,11.334810078825033,618.0,61.186093749999976,1.347096352444281,0.0,Oakland Athletics,89,73,678.0,593.0
1970,NYA,AL,SS,michage01,Gene Michael,493.0,-21.879442430775466,-0.0008284073108493772,bakerfr03,Frank Baker,292.0,1.0436096143372124,hansero02,Ron Hansen,113.0,7.306902647712729,493.0,53.7582300884956,1.0444380216480618,0.0,New York Yankees,93,69,680.0,612.0
1970,MON,NL,3B,laboyco01,Coco Laboy,476.0,-28.409181458646813,-0.2480615068385711,bailebo01,Bob Bailey,349.0,-0.12669189184213145,jonesma01,Mack Jones,345.0,16.733051253711857,476.0,51.495942028985496,0.12136961499643964,0.0,Montreal Expos,73,89,687.0,807.0
1970,DET,AL,SS,gutiece01,Cesar Gutierrez,451.0,-20.19758323788992,-1.1687114413850859,szotkke01,Ken Szotkiewicz,256.0,-0.10131702391239081,brownik01,Ike Brown,113.0,5.286902647712729,451.0,41.29840707964603,1.067394417472695,0.0,Detroit Tigers,79,83,666.0,731.0
1970,SFN,NL,SS,lanieha01,Hal Lanier,463.0,-29.53216599864175,0.4345012522486995,fuentti01,Tito Fuentes,189.0,0.71752303482861,hartji01,Jim Ray Hart,292.0,7.233191206040194,463.0,41.001232876712336,0.2830217825799105,0.0,San Francisco Giants,86,76,831.0,826.0
1970,PHI,NL,2B,doylede01,Denny Doyle,449.0,-27.36307242632861,-0.44454767706938825,tayloto02,Tony Taylor,481.0,0.8174013669802931,mccarti01,Tim McCarver,180.0,2.9659397845453226,449.0,34.76144444444444,1.2619490440496812,0.0,Philadelphia Phillies,73,88,594.0,730.0
1970,PIT,NL,OF,alouma01,Matty Alou,718.0,-10.182084637202568,-0.01899944988996285,jeterjo01,Johnny Jeter,276.0,0.4112506534305245,cashda01,Dave Cash,230.0,5.202034169141242,718.0,26.421478260869574,0.43025010332048735,0.0,Pittsburgh Pirates,89,73,729.0,664.0
1970,KCA,AL,SS,hernaja01,Jackie Hernandez,262.0,-12.829216869905004,-0.7243501687117343,matchto01,Tommy Matchick,328.0,1.2916630232104795,keougjo01,Joe Keough,210.0,9.93070403557233,262.0,25.218952380952384,2.0160131919222137,0.0,Kansas City Royals,65,97,611.0,705.0
1970,CHN,NL,2B,beckegl01,Glenn Beckert,632.0,-10.863366978707539,-0.23275301431409018,popovpa01,Paul Popovich,170.0,0.5374429994692677,pepitjo01,Joe Pepitone,234.0,4.303721719908921,632.0,22.487094017094027,0.7701960137833579,0.0,Chicago Cubs,84,78,806.0,679.0
1970,BOS,AL,OF,conigto01,Tony Conigliaro,617.0,21.444592333086305,-0.2567824921762897,smithre06,Reggie Smith,1244.0,0.8493149471826025,thomage01,George Thomas,112.0,7.821708818971906,617.0,21.64464285714286,1.106097439358892,0.0,Boston Red Sox,87,75,786.0,722.0
1970,HOU,NL,C,edwarjo01,Johnny Edwards,515.0,-16.690227838661993,1.006989556873792,howarla01,Larry Howard,197.0,1.1423181275760628,pepitjo01,Joe Pepitone,299.0,2.418644419883626,515.0,20.856120401337805,0.13532857070227067,0.0,Houston Astros,79,83,744.0,763.0
1970,NYN,NL,C,groteje01,Jerry Grote,463.0,-13.992165998641761,0.6271790266595628,dyerdu01,Duffy Dyer,396.0,0.830042175102993,singlke01,Ken Singleton,234.0,2.27372171990892,463.0,18.49102564102565,0.20286314844343023,0.0,New York Mets,83,79,695.0,630.0
1970,CLE,AL,OF,pinsova01,Vada Pinson,611.0,15.593429360641384,0.17143059099792618,bradfbu01,Buddy Bradford,396.0,1.072002006271144,hintoch01,Chuck Hinton,224.0,11.873417637943817,611.0,16.79343750000001,0.9005714152732178,0.0,Cleveland Indians,76,86,649.0,675.0
1970,ATL,NL,SS,jacksso01,Sonny Jackson,380.0,-3.409682677070987,-1.3744717592906062,garrigi01,Gil Garrido,643.0,0.15329201322564362,kingha01,Hal King,239.0,8.403331158368509,380.0,16.770627615062757,1.5277637725162498,0.0,Atlanta Braves,76,86,736.0,772.0
1970,ML4,AL,OF,waltoda01,Danny Walton,455.0,12.643192077073369,-0.8778192829471858,mayda01,Dave May,828.0,1.3676315664629295,savagte01,Ted Savage,343.0,21.221483258101454,455.0,15.507755102040804,2.2454508494101155,0.0,Milwaukee Brewers,65,97,613.0,751.0
1970,BAL,AL,C,hendrel01,Elrod Hendricks,365.0,0.2657474903995203,0.04273784836199893,etchean01,Andy Etchebarren,583.0,0.21570255567128846,crowlte01,Terry Crowley,190.0,7.31682746075591,365.0,13.790263157894728,0.17296470730928953,0.0,Baltimore Orioles,108,54,792.0,574.0
1970,CAL,AL,3B,mcmulke01,Ken McMullen,488.0,1.044588425520451,0.6776707245921872,rodriau01,Aurelio Rodriguez,153.0,1.3374647864548872,cowanbi01,Billy Cowan,146.0,4.058298996159809,488.0,12.520136986301376,0.6597940618627,0.0,California Angels,86,76,631.0,630.0
1970,CHA,AL,1B,hopkiga01,Gail Hopkins,321.0,3.9972190258034104,-1.2913575714206837,spencbo01,Bob Spence,283.0,1.1902968510295626,herrmed01,Ed Herrmann,333.0,15.909544970693249,321.0,11.339009009009002,2.481654422450246,0.0,Chicago White Sox,56,106,633.0,822.0
1970,MIN,AL,OF,olivato01,Tony Oliva,674.0,36.46064057131307,0.13834117222620854,holtji01,Jim Holt,778.0,0.933753688645184,carewro01,Rod Carew,204.0,13.659541063127403,674.0,8.669411764705897,0.7954125164189755,0.0,Minnesota Twins,98,64,744.0,605.0
1970,CIN,NL,SS,conceda01,Dave Concepcion,296.0,-5.715121243192138,-0.4040937448854695,woodwwo01,Woody Woodward,574.0,0.31482860752618247,mcraeha01,Hal McRae,182.0,0.47178355992916066,296.0,6.482417582417586,0.7189223524116519,0.0,Cincinnati Reds,102,60,775.0,681.0
1970,SDN,NL,SS,deanto01,Tommy Dean,177.0,-8.377825878530436,0.0658497435852009,roblera01,Rafael Robles,187.0,0.9090809934011475,webstra02,Ramon Webster,127.0,-2.713920263126356,177.0,4.595433070866143,0.8432312498159465,0.0,San Diego Padres,63,99,681.0,788.0
1970,LAN,NL,C,halleto01,Tom Haller,365.0,11.101489007550228,0.0021852405945036826,torboje01,Jeff Torborg,381.0,0.23532497346373646,sudakbi01,Bill Sudakis,311.0,9.883707072186633,365.0,0.49836012861736345,0.23313973286923279,0.0,Los Angeles Dodgers,87,74,749.0,684.0
1970,SLN,NL,OF,brocklo01,Lou Brock,729.0,19.145056127408544,-1.092963515663486,davalvi01,Vic Davalillo,278.0,0.24032591758637328,tayloca01,Carl Taylor,288.0,3.791503655272511,729.0,-9.547812500000003,1.3332894332498593,9.547812500000003,St. Louis Cardinals,76,86,744.0,747.0
1970,WS2,AL,OF,howarfr01,Frank Howard,706.0,60.116843091019334,-0.6723065474159101,stroued01,Ed Stroud,924.0,1.343171330723965,reichri01,Rick Reichardt,311.0,8.545280738395205,706.0,-40.71823151125401,2.0154778781398752,40.71823151125401,Washington Senators,70,92,626.0,689.0
1971,PHI,NL,2B,doylede01,Denny Doyle,368.0,-13.192964519584043,0.28255190030559413,harmote01,Terry Harmon,454.0,0.7790672467798708,luzingr01,Greg Luzinski,115.0,7.007823587629981,368.0,35.61799999999998,0.4965153464742767,0.0,Philadelphia Phillies,67,95,558.0,688.0
1971,SLN,NL,SS,maxvida01,Dal Maxvill,408.0,-13.341982402147519,0.7940120535631989,sizemte01,Ted Sizemore,281.0,1.1875042959314075,cruzjo01,Jose Cruz,346.0,15.094495315825874,408.0,31.141271676300573,0.39349224236820857,0.0,St. Louis Cardinals,90,72,739.0,699.0
1971,SDN,NL,SS,hernaen01,Enzo Hernandez,618.0,-23.11682628560581,-0.3191312851646278,deanto01,Tommy Dean,168.0,0.07841404072653735,leele02,Leron Lee,275.0,2.5817520573760464,618.0,28.918727272727253,0.39754532589116515,0.0,San Diego Padres,61,100,486.0,610.0
1971,CHA,AL,SS,alvarlu01,Luis Alvarado,278.0,-16.6299092292715,-0.2610658879247834,moralri01,Rich Morales,406.0,0.016758903010272386,kellypa01,Pat Kelly,252.0,9.618283720228705,278.0,27.240555555555545,0.2778247909350558,0.0,Chicago White Sox,79,83,617.0,597.0
1971,OAK,AL,2B,greendi01,Dick Green,538.0,-0.8318387242736223,0.3557127419712542,brownla01,Larry Brown,154.0,0.6594108664490907,tenacge01,Gene Tenace,211.0,9.698126448286734,538.0,25.559763033175344,0.30369812447783656,0.0,Oakland Athletics,101,60,691.0,564.0
1971,HOU,NL,1B,menkede01,Denis Menke,547.0,-4.169569544055644,0.6845262642884092,maybejo01,John Mayberry,320.0,0.7351341072284628,hiattja01,Jack Hiatt,214.0,7.11925432828536,547.0,22.366915887850467,0.050607842940053605,0.0,Houston Astros,79,83,585.0,567.0
1971,WS2,AL,SS,harrato01,Toby Harrah,428.0,-13.136407014849656,-0.17865185198312675,culleti01,Tim Cullen,442.0,0.6329014336681096,allenbe01,Bernie Allen,262.0,5.630517201190162,428.0,22.334351145038166,0.8115532856512363,0.0,Washington Senators,63,96,537.0,660.0
1971,DET,AL,OF,hortowi01,Willie Horton,498.0,23.25922735188055,-1.3723760963684257,stanlmi01,Mickey Stanley,976.0,1.247030619369933,brownga01,Gates Brown,218.0,19.336689884959757,498.0,20.913577981651372,2.619406715738359,0.0,Detroit Tigers,91,71,701.0,645.0
1971,CLE,AL,SS,heideja01,Jack Heidemann,260.0,-17.891929495002124,-0.26828051115946805,stanlfr01,Fred Stanley,374.0,0.30722521045327345,hintoch01,Chuck Hinton,167.0,0.6342991320563273,260.0,18.87946107784431,0.5755057216127415,0.0,Cleveland Indians,60,102,543.0,747.0
1971,NYN,NL,3B,asprobo01,Bob Aspromonte,377.0,-12.843743543160832,-0.031735305456523755,foliti01,Tim Foli,219.0,0.5509878935299536,martite01,Ted Martinez,135.0,2.038314646348241,377.0,18.53592592592592,0.5827231989864774,0.0,New York Mets,83,79,588.0,550.0
1971,ML4,AL,SS,auerbri01,Rick Auerbach,263.0,-13.028259450713682,-0.3922853098903156,heisebo01,Bob Heise,369.0,0.6688589612785724,heganmi01,Mike Hegan,154.0,3.088395606806429,263.0,18.30259740259739,1.0611442711688879,0.0,Milwaukee Brewers,69,92,534.0,609.0
1971,NYA,AL,1B,ellisjo01,John Ellis,271.0,-0.7084726659445215,-0.33338633580192495,caterda01,Danny Cater,536.0,0.808400194305105,blombro01,Ron Blomberg,216.0,9.624243188767458,271.0,12.783333333333324,1.14178653010703,0.0,New York Yankees,82,80,648.0,641.0
1971,PIT,NL,C,sanguma01,Manny Sanguillen,557.0,14.250675985303495,0.7026227117365099,maymi01,Milt May,260.0,0.8661475757592815,stennre01,Rennie Stennett,165.0,7.8690512344256325,557.0,12.313333333333336,0.16352486402277155,0.0,Pittsburgh Pirates,97,65,788.0,599.0
1971,CAL,AL,C,stephjo02,John Stephenson,308.0,-9.14320878638713,-0.3484489021302246,torboje01,Jeff Torborg,334.0,-0.3362132243304898,cowanbi01,Billy Cowan,182.0,-0.4073506465014899,308.0,8.453846153846147,0.012235677799734834,0.0,California Angels,76,86,511.0,576.0
1971,CHN,NL,C,cannich01,Chris Cannizzaro,234.0,-1.4502546129963776,-0.17730676677490184,rudolke01,Ken Rudolph,214.0,1.9342083749014585,jamescl01,Cleo James,172.0,3.346223104977018,234.0,6.002674418604646,2.1115151416763602,0.0,Chicago Cubs,83,79,637.0,648.0
1971,SFN,NL,OF,bondsbo01,Bobby Bonds,691.0,41.317966078715834,0.6311544494416362,rosarji01,Jimmy Rosario,495.0,1.5151003670190248,kingmda01,Dave Kingman,128.0,8.641142775796853,691.0,5.330703124999989,0.8839459175773886,0.0,San Francisco Giants,90,72,706.0,644.0
1971,MON,NL,1B,fairlro01,Ron Fairly,542.0,18.2053076912648,-0.12553593614566672,boccajo01,John Boccabella,217.0,0.5117014373181251,woodsro01,Ron Woods,159.0,5.612903916810148,542.0,0.927987421383627,0.6372373734637918,0.0,Montreal Expos,71,90,622.0,729.0
1971,BOS,AL,OF,smithre06,Reggie Smith,692.0,35.15655688253281,-0.02938797267198834,conigbi01,Billy Conigliaro,837.0,0.509479640727549,gagliph01,Phil Gagliano,81.0,4.119091195787801,692.0,0.03370370370371231,0.5388676133995374,0.0,Boston Red Sox,85,77,691.0,667.0
1971,MIN,AL,3B,braunst01,Steve Braun,402.0,4.881785934650547,-1.2373992588744995,soderer01,Eric Soderholm,177.0,0.11081490306187103,nettlji01,Jim Nettles,190.0,2.2924361382676803,402.0,-0.0314736842105076,1.3482141619363706,0.0314736842105076,Minnesota Twins,74,86,654.0,670.0
1971,ATL,NL,C,williea02,Earl Williams,550.0,20.613504114752097,-0.9585283834918,didiebo01,Bob Didier,395.0,-0.21207416779478291,cepedor01,Orlando Cepeda,276.0,9.662776610311965,550.0,-1.3579710144927453,0.7464542156970171,1.3579710144927453,Atlanta Braves,82,80,643.0,699.0
1971,BAL,AL,C,hendrel01,Elrod Hendricks,361.0,5.18162866270859,-0.44997580617577926,etchean01,Andy Etchebarren,543.0,0.68225805589958,davanje01,Jerry DaVanon,94.0,-0.6150052789623071,361.0,-7.543510638297875,1.1322338620753594,7.543510638297875,Baltimore Orioles,101,57,742.0,530.0
1971,KCA,AL,1B,hopkiga01,Gail Hopkins,339.0,13.384715004593382,-0.1449344192680436,harrich02,Chuck Harrison,323.0,0.10684524690780196,mayje01,Jerry May,249.0,0.5146136759402666,339.0,-12.684096385542176,0.2517796661758456,12.684096385542176,Kansas City Royals,85,76,603.0,566.0
1971,LAN,NL,3B,allendi01,Dick Allen,649.0,41.724934855407476,-0.8356213368238098,garvest01,Steve Garvey,561.0,0.9117313399825714,simsdu01,Duke Sims,263.0,6.949457422145094,649.0,-24.575893536121676,1.7473526768063812,24.575893536121676,Los Angeles Dodgers,89,73,663.0,587.0
1971,CIN,NL,OF,rosepe01,Pete Rose,707.0,26.334358925690438,0.3764141842145034,fostege01,George Foster,869.0,1.160756702699911,bradfbu01,Buddy Bradford,118.0,-2.0791027535622764,707.0,-38.791355932203395,0.7843425184854076,38.791355932203395,Cincinnati Reds,79,83,586.0,581.0
1972,SFN,NL,C,raderda01,Dave Rader,494.0,-7.470020620012703,-0.09138690871100785,healyfr02,Fran Healy,276.0,0.6949589699252048,hartji01,Jim Ray Hart,86.0,5.831494385989691,494.0,40.967209302325585,0.7863458786362126,0.0,San Francisco Giants,69,86,662.0,649.0
1972,NYN,NL,SS,harrebu01,Bud Harrelson,490.0,-11.168927335640129,-0.36235279759251526,martite01,Ted Martinez,324.0,0.1485809353590964,mayswi01,Willie Mays,242.0,12.798856295459366,490.0,37.08396694214876,0.5109337329516117,0.0,New York Mets,83,73,528.0,578.0
1972,PHI,NL,2B,doylede01,Denny Doyle,484.0,-15.082287409081275,-0.14071269555728333,harmote01,Terry Harmon,382.0,1.0409958133450257,lisjo01,Joe Lis,172.0,7.13298877197938,484.0,35.154186046511626,1.181708508902309,0.0,Philadelphia Phillies,59,97,503.0,635.0
1972,TEX,AL,C,billidi01,Dick Billings,508.0,-7.0596679297677225,-0.3961841534788167,faheybi01,Bill Fahey,317.0,0.8977546384887213,minchdo01,Don Mincher,243.0,12.116773017847331,508.0,32.39020576131687,1.293938791967538,0.0,Texas Rangers,54,100,461.0,628.0
1972,SLN,NL,SS,maxvida01,Dal Maxvill,313.0,-11.143049502153799,0.39752057221566395,kellemi02,Mick Kelleher,188.0,1.685340201217608,haguejo01,Joe Hague,96.0,4.343761175058257,313.0,25.30552083333333,1.2878196290019441,0.0,St. Louis Cardinals,75,81,568.0,600.0
1972,DET,AL,C,freehbi01,Bill Freehan,430.0,15.814454311417078,0.2649024396353025,halleto01,Tom Haller,285.0,0.4914992996023801,simsdu01,Duke Sims,121.0,10.847323189956903,430.0,22.733884297520675,0.22659685996707757,0.0,Detroit Tigers,86,70,558.0,514.0
1972,MON,NL,C,humphte01,Terry Humphrey,237.0,-14.672277099074924,0.3349962029735369,boccajo01,John Boccabella,452.0,0.5412043313902853,laboyco01,Coco Laboy,81.0,2.600360991455406,237.0,22.28074074074074,0.20620812841674846,0.0,Montreal Expos,70,86,513.0,609.0
1972,CLE,AL,2B,brohaja01,Jack Brohamer,567.0,-17.354196291689583,0.08961005072997315,leoned01,Eddie Leon,244.0,0.23451255853574277,lowenjo01,John Lowenstein,172.0,1.455781724566831,567.0,22.15319767441861,0.14490250780576963,0.0,Cleveland Indians,72,84,472.0,519.0
1972,NYA,AL,3B,sanchce01,Celerino Sanchez,269.0,-4.977934395880935,0.24940873974432265,lanieha01,Hal Lanier,208.0,0.7657220320801483,blombro01,Ron Blomberg,341.0,20.17518353533309,269.0,20.89325513196481,0.5163132923358257,0.0,New York Yankees,79,76,557.0,527.0
1972,ML4,AL,3B,ferrami01,Mike Ferraro,406.0,-8.816584998987592,-0.6977017853549912,heisebo01,Bob Heise,177.0,-0.445717287720388,brownol02,Ollie Brown,200.0,4.085327586705624,406.0,17.109800000000007,0.2519844976346032,0.0,Milwaukee Brewers,65,91,493.0,595.0
1972,LAN,NL,2B,lacyle01,Lee Lacy,266.0,-4.697703410776073,-0.3776078293487262,lefebji01,Jim Lefebvre,257.0,0.24640394898473708,yeagest01,Steve Yeager,124.0,4.60610818445025,266.0,14.57854838709677,0.6240117783334633,0.0,Los Angeles Dodgers,85,70,584.0,527.0
1972,PIT,NL,C,sanguma01,Manny Sanguillen,547.0,6.197993362050708,0.320992343438009,maymi01,Milt May,285.0,0.5091140245763893,clinege01,Gene Clines,334.0,12.183710754890196,547.0,13.755568862275451,0.18812168113838035,0.0,Pittsburgh Pirates,96,59,691.0,512.0
1972,CHN,NL,2B,beckegl01,Glenn Beckert,510.0,-6.104393757502995,0.39310207118145735,popovpa01,Paul Popovich,225.0,1.0424519598682485,fanzoca01,Carmen Fanzone,264.0,3.677843231410201,510.0,13.209318181818157,0.6493498886867911,0.0,Chicago Cubs,85,70,685.0,567.0
1972,KCA,AL,2B,rojasco01,Cookie Rojas,541.0,-2.14948887796129,0.20514310847534975,knoopbo01,Bobby Knoop,228.0,0.5105138350395986,hovlest01,Steve Hovley,226.0,4.510620172977347,541.0,12.947035398230073,0.3053707265642488,0.0,Kansas City Royals,76,78,580.0,545.0
1972,OAK,AL,2B,culleti01,Tim Cullen,149.0,-2.703130947904314,-1.2867119689682358,kubiate01,Ted Kubiak,284.0,0.7090497389900372,heganmi01,Mike Hegan,90.0,5.051397414017527,149.0,11.065999999999995,1.995761707958273,0.0,Oakland Athletics,93,62,604.0,457.0
1972,SDN,NL,3B,roberda06,Dave Roberts,443.0,-13.613581244262418,-0.1426651476304293,campbda01,Dave Campbell,278.0,0.6400055608742458,blefacu01,Curt Blefary,122.0,-0.8383451733634621,443.0,10.569426229508208,0.7826707085046751,0.0,San Diego Padres,58,95,488.0,665.0
1972,CAL,AL,C,kusnyar01,Art Kusnyer,197.0,-7.011052327094966,-1.4083608348202767,torboje01,Jeff Torborg,452.0,0.6137997123687806,stephjo02,John Stephenson,161.0,2.6123887072980247,197.0,10.207577639751555,2.022160547189057,0.0,California Angels,75,80,454.0,533.0
1972,MIN,AL,3B,soderer01,Eric Soderholm,313.0,-7.224362326805714,-0.25275460069245015,braunst01,Steve Braun,644.0,0.03978127442747731,borgmgl01,Glenn Borgmann,203.0,0.5117075005062022,313.0,8.013349753694587,0.29253587511992746,0.0,Minnesota Twins,77,77,537.0,535.0
1972,BOS,AL,2B,griffdo01,Doug Griffin,535.0,-0.4622487055624678,-0.11990277433757995,kennejo03,John Kennedy,210.0,-0.060900424145887255,gagliph01,Phil Gagliano,94.0,1.119903965751642,535.0,6.836170212765962,0.0590023501916927,0.0,Boston Red Sox,85,70,640.0,620.0
1972,ATL,NL,C,williea02,Earl Williams,637.0,22.44839446366782,-1.7838953448048143,casanpa01,Paul Casanova,300.0,-0.6185829367859991,cepedor01,Orlando Cepeda,91.0,4.162627780523972,637.0,6.689999999999983,1.1653124080188153,0.0,Atlanta Braves,70,84,628.0,730.0
1972,BAL,AL,C,oatesjo01,Johnny Oates,288.0,3.2624717248561037,0.7846061482194765,etchean01,Andy Etchebarren,503.0,1.3040850766426841,crowlte01,Terry Crowley,283.0,6.941838535188451,288.0,3.802014134275606,0.5194789284232076,0.0,Baltimore Orioles,80,74,519.0,430.0
1972,CIN,NL,OF,rosepe01,Pete Rose,729.0,32.14324892309866,0.5929059524296226,tolanbo01,Bobby Tolan,1324.0,1.3636929339994257,mcraeha01,Hal McRae,105.0,2.633801285219969,729.0,-13.857142857142874,0.7707869815698031,13.857142857142874,Cincinnati Reds,95,59,707.0,557.0
1972,CHA,AL,OF,mayca01,Carlos May,615.0,41.747882329119804,-0.7611286405914618,johnsja01,Jay Johnstone,614.0,0.37439940892813545,reichri01,Rick Reichardt,328.0,7.877537242197216,615.0,-26.977500000000024,1.1355280495195972,26.977500000000024,Chicago White Sox,87,67,566.0,538.0
1972,HOU,NL,OF,wynnji01,Jim Wynn,652.0,40.931794647270664,0.00021028222662161644,cedence01,Cesar Cedeno,1217.0,0.8249974754893699,milleno01,Norm Miller,125.0,2.0283348633571077,652.0,-30.351999999999993,0.8247871932627482,30.351999999999993,Houston Astros,84,69,708.0,636.0
1973,CHA,AL,SS,leoned01,Eddie Leon,451.0,-19.638974941215988,0.2794781623785658,dentbu01,Bucky Dent,295.3333333333333,0.7035583780324353,allendi01,Dick Allen,288.0,26.860920658380934,451.0,61.70243055555557,0.42408021565386944,0.0,Chicago White Sox,77,85,652.0,705.0
1973,ATL,NL,SS,perezma01,Marty Perez,567.0,-6.282229664299549,-0.16108270446289866,jacksso01,Sonny Jackson,239.0,-0.007298422001556754,dietzdi01,Dick Dietz,191.0,16.071312405853238,567.0,53.991308900523556,0.1537842824613419,0.0,Atlanta Braves,76,85,799.0,774.0
1973,NYA,AL,SS,michage01,Gene Michael,446.0,-25.949407591535103,0.48802893765321315,stanlfr01,Fred Stanley,165.0,1.6299437243109947,blombro01,Ron Blomberg,338.0,20.78524716157206,446.0,53.37609467455622,1.1419147866577815,0.0,New York Yankees,80,82,641.0,610.0
1973,BOS,AL,SS,aparilu01,Luis Aparicio,561.0,-9.709456634195508,-0.09952404208937624,guerrma01,Mario Guerrero,335.6666666666667,0.48560817372362325,montgbo01,Bob Montgomery,137.0,8.355854618743695,561.0,43.92576642335765,0.5851322158129995,0.0,Boston Red Sox,89,73,738.0,647.0
1973,ML4,AL,SS,johnsti01,Tim Johnson,510.0,-34.76586966745046,0.09403037466811337,moneydo01,Don Money,151.0,0.27295582469959667,brownol02,Ollie Brown,333.0,5.30481451125293,510.0,42.890360360360354,0.1789254500314833,0.0,Milwaukee Brewers,74,88,708.0,731.0
1973,MON,NL,C,boccajo01,John Boccabella,440.0,-15.567761996987304,-0.1832953861717339,humphte01,Terry Humphrey,219.0,0.9339849979022645,breedha01,Hal Breeden,290.0,16.0680659565311,440.0,39.946896551724144,1.1172803840739984,0.0,Montreal Expos,79,83,668.0,702.0
1973,TEX,AL,3B,harrato01,Toby Harrah,519.0,-1.4370908968760476,-0.5906608930830395,sudakbi01,Bill Sudakis,217.0,0.820254980392676,madlobi01,Bill Madlock,85.0,6.297355055424923,519.0,39.88799999999999,1.4109158734757155,0.0,Texas Rangers,57,105,619.0,844.0
1973,CIN,NL,OF,rosepe01,Pete Rose,752.0,36.01291585969443,0.47303026308299473,geronce01,Cesar Geronimo,835.6666666666666,1.1262805508738192,griffke01,Ken Griffey,92.0,8.83455885517538,752.0,36.19999999999998,0.6532502877908244,0.0,Cincinnati Reds,99,63,741.0,621.0
1973,CAL,AL,SS,meoliru01,Rudy Meoli,344.0,-14.782233658045014,-1.8151413558866674,alomasa01,Sandy Alomar,227.33333333333334,0.18321352449342249,scheiri01,Richie Scheinblum,268.0,13.639190057104466,344.0,32.28925373134329,1.99835488038009,0.0,California Angels,79,83,629.0,657.0
1973,CHN,NL,2B,beckegl01,Glenn Beckert,410.0,-12.438596406283619,-0.14568777544578795,popovpa01,Paul Popovich,607.0,0.879787226244269,fanzoca01,Carmen Fanzone,172.0,5.086783946632239,410.0,24.564069767441865,1.025475001690057,0.0,Chicago Cubs,77,84,614.0,655.0
1973,SDN,NL,SS,thomade01,Derrel Thomas,449.0,-17.993511674198402,-0.6280863588698851,hernaen01,Enzo Hernandez,545.0,0.3098220607773072,winfida01,Dave Winfield,154.0,0.8282833010544416,449.0,20.408441558441545,0.9379084196471923,0.0,San Diego Padres,60,102,548.0,770.0
1973,PIT,NL,SS,maxvida01,Dal Maxvill,246.0,-15.347157843770175,0.5091417966839018,alleyge01,Gene Alley,343.3333333333333,1.256130894757136,parkeda01,Dave Parker,144.0,1.728005164622338,246.0,18.299166666666668,0.7469890980732341,0.0,Pittsburgh Pirates,80,82,704.0,693.0
1973,MIN,AL,C,mittege01,George Mitterwald,481.0,3.083620960698677,0.11101138057137953,roofph01,Phil Roof,328.0,0.5547937468778427,soderer01,Eric Soderholm,135.0,5.941681558616055,481.0,18.086370370370375,0.4437823663064631,0.0,Minnesota Twins,81,81,738.0,692.0
1973,PHI,NL,C,boonebo01,Bob Boone,575.0,-5.344007155153864,0.3782867656215581,ryanmi02,Mike Ryan,186.0,1.344434025606651,andermi01,Mike Anderson,215.0,3.3559799332902958,575.0,14.319302325581399,0.9661472599850929,0.0,Philadelphia Phillies,71,91,642.0,717.0
1973,HOU,NL,C,jutzesk01,Skip Jutze,306.0,-18.01548902517753,-0.4345967026966959,edwarjo01,Johnny Edwards,611.6666666666666,0.00686166759588025,ageeto01,Tommie Agee,221.0,-3.0778531848504436,306.0,13.753846153846148,0.4414583702925762,0.0,Houston Astros,82,80,681.0,672.0
1973,NYN,NL,C,groteje01,Jerry Grote,305.0,-10.011516838820748,0.5837432338241961,hodgero01,Ron Hodges,318.6666666666667,0.9120153614524599,mayswi01,Willie Mays,239.0,-3.3993525392726447,305.0,5.673430962343106,0.32827212762826374,0.0,New York Mets,82,79,608.0,588.0
1973,SLN,NL,SS,tysonmi01,Mike Tyson,506.0,-22.46992629653539,-0.9205718457320072,kellemi02,Mick Kelleher,163.33333333333334,-0.5661179752938439,wiseri01,Rick Wise,102.0,-3.5151630083925123,506.0,5.031960784313712,0.35445387043816334,0.0,St. Louis Cardinals,81,81,643.0,603.0
1973,CLE,AL,C,duncada01,Dave Duncan,383.0,0.34914101444406676,-0.9279526204939074,ellisjo01,John Ellis,620.3333333333334,-0.5316254916877838,lowenjo01,John Lowenstein,334.0,3.7369010413167647,383.0,3.9359880239521035,0.39632712880612353,0.0,Cleveland Indians,71,91,680.0,826.0
1973,SFN,NL,3B,goodsed01,Ed Goodson,403.0,9.109208898213895,-1.3023704569399446,kingmda01,Dave Kingman,504.6666666666667,-0.21011645984313998,thomaga01,Gary Thomasson,261.0,5.413259360877982,403.0,-0.7508045977011493,1.0922539970968046,0.7508045977011493,San Francisco Giants,88,74,739.0,702.0
1973,DET,AL,1B,cashno01,Norm Cash,420.0,16.236342626805513,-0.10168849619900568,kalinal01,Al Kaline,240.0,0.8081955712129024,brownik01,Ike Brown,91.0,2.8398742358078626,420.0,-3.1292307692307615,0.9098840674119081,3.1292307692307615,Detroit Tigers,85,77,642.0,674.0
1973,BAL,AL,1B,powelbo01,Boog Powell,464.0,16.518149949613704,-0.5852060799839441,williea02,Earl Williams,339.3333333333333,0.44619193323865547,etchean01,Andy Etchebarren,168.0,-1.5594629492777932,464.0,-20.825238095238085,1.0313980132225997,20.825238095238085,Baltimore Orioles,97,65,754.0,561.0
1973,OAK,AL,1B,tenacge01,Gene Tenace,636.0,27.87703312059121,-0.581093551103163,johnsde01,Deron Johnson,179.0,0.4493680516701781,alouje01,Jesus Alou,111.0,-1.5983951629156894,636.0,-37.03540540540543,1.030461602773341,37.03540540540543,Oakland Athletics,94,68,758.0,615.0
1974,CLE,AL,C,duncada01,Dave Duncan,474.0,-14.777091588177967,-0.18714681429113567,ellisjo01,John Ellis,304.3333333333333,-0.03983709809883267,cartyri01,Rico Carty,96.0,4.8874244884702795,474.0,38.90874999999997,0.147309716192303,0.0,Cleveland Indians,77,85,662.0,694.0
1974,CHA,AL,3B,meltobi01,Bill Melton,570.0,6.870332900292292,-0.3114731395931369,santoro01,Ron Santo,209.66666666666666,0.6929669309954593,bradfbu01,Buddy Bradford,112.0,8.035328569881997,570.0,34.023750000000014,1.004440070588596,0.0,Chicago White Sox,80,80,684.0,721.0
1974,NYA,AL,SS,masonji01,Jim Mason,487.0,-7.181294522030955,-0.19134454557122976,michage01,Gene Michael,169.33333333333334,0.5129865035418415,blombro01,Ron Blomberg,301.0,16.428070531557864,487.0,33.76093023255813,0.7043310491130712,0.0,New York Yankees,89,73,671.0,623.0
1974,BOS,AL,2B,griffdo01,Doug Griffin,349.0,-5.8582172242070065,-0.7024037038813951,burleri01,Rick Burleson,245.0,0.04137183892282109,fiskca01,Carlton Fisk,216.0,16.751705099058135,349.0,32.92462962962964,0.7437755428042161,0.0,Boston Red Sox,84,78,696.0,661.0
1974,DET,AL,OF,northji01,Jim Northrup,417.0,-4.56712487820721,-0.34617354075092477,stanlmi01,Mickey Stanley,764.6666666666666,1.1650562855941158,hortowi01,Willie Horton,263.0,15.498048338205049,417.0,29.140076045627378,1.5112298263450405,0.0,Detroit Tigers,72,90,620.0,768.0
1974,TEX,AL,2B,nelsoda01,Dave Nelson,526.0,-19.46390332358991,-0.2258921246245585,randlle01,Lenny Randle,333.6666666666667,0.6423015428623505,fregoji01,Jim Fregosi,253.0,4.60435828732272,526.0,29.036600790513823,0.8681936674869091,0.0,Texas Rangers,84,76,690.0,698.0
1974,CAL,AL,SS,chalkda01,Dave Chalk,515.0,-13.854962379560464,-1.6518185278697908,valenbo02,Bobby Valentine,219.0,-0.4933453056135816,mccrato01,Tommy McCraw,132.0,3.6127086716466357,515.0,27.94999999999999,1.1584732222562093,0.0,California Angels,68,94,618.0,657.0
1974,ML4,AL,2B,garcipe01,Pedro Garcia,494.0,-21.37971148641335,0.09309751632339669,johnsti01,Tim Johnson,170.0,1.3167638478088142,hansebo01,Bob Hansen,91.0,1.1905794630291215,494.0,27.842857142857152,1.2236663314854175,0.0,Milwaukee Brewers,76,86,647.0,660.0
1974,NYN,NL,2B,millafe01,Felix Millan,585.0,-11.311522652965898,0.12496793465907266,bosweke01,Ken Boswell,222.0,1.009226963259666,kraneed01,Ed Kranepool,237.0,5.556203643157408,585.0,25.026202531645577,0.8842590286005934,0.0,New York Mets,71,91,572.0,646.0
1974,KCA,AL,SS,patekfr01,Freddie Patek,630.0,-9.697526794413763,0.3088623127587999,whitefr01,Frank White,172.33333333333334,1.8742215898020316,solaito01,Tony Solaita,277.0,6.511214409440289,630.0,24.506425992779764,1.5653592770432316,0.0,Kansas City Royals,77,85,667.0,662.0
1974,PIT,NL,SS,taverfr01,Frank Taveras,367.0,-13.188579168612804,-1.2172539463453678,mendoma01,Mario Mendoza,471.3333333333333,0.11006522413272497,roberbo01,Bob Robertson,272.0,8.04568519383466,367.0,24.044338235294124,1.3273191704780927,0.0,Pittsburgh Pirates,88,74,751.0,657.0
1974,CHN,NL,2B,harrivi01,Vic Harris,235.0,-8.906338159738441,-1.2422290233884459,roselda01,Dave Rosello,304.0,-0.47409067600120947,dunnro01,Ron Dunn,80.0,5.091672115833723,235.0,23.863125000000004,0.7681383473872364,0.0,Chicago Cubs,66,96,669.0,826.0
1974,ATL,NL,SS,robincr01,Craig Robinson,506.0,-22.75692386735171,-0.48203789413958664,fostele01,Leo Foster,234.0,0.409129392222032,correvi01,Vic Correll,231.0,0.43857823446987176,506.0,23.717619047619046,0.8911672863616187,0.0,Atlanta Braves,88,74,661.0,563.0
1974,PHI,NL,1B,montawi01,Willie Montanez,571.0,8.430684726763184,0.3169755645485595,huttoto01,Tom Hutton,237.0,1.0405854543617312,johnsja01,Jay Johnstone,224.0,9.724681924334426,571.0,16.358571428571448,0.7236098898131718,0.0,Philadelphia Phillies,80,82,676.0,701.0
1974,MON,NL,3B,huntro01,Ron Hunt,485.0,1.021387202241957,-0.6115597066476994,parrila01,Larry Parrish,186.0,1.2134976612045882,fairlro01,Ron Fairly,342.0,11.614648295189166,485.0,15.449678362573088,1.8250573678522877,0.0,Montreal Expos,79,82,662.0,657.0
1974,MIN,AL,C,borgmgl01,Glenn Borgmann,396.0,-5.561873985060081,0.7885693801860917,roofph01,Phil Roof,292.0,1.366479747912016,kusiccr01,Craig Kusick,238.0,5.793823210999244,396.0,15.20201680672269,0.5779103677259244,0.0,Minnesota Twins,82,80,673.0,669.0
1974,SDN,NL,3B,roberda06,Dave Roberts,358.0,-22.685017281644093,-0.10665811129001546,thomade01,Derrel Thomas,167.0,0.47580372138231897,bartobo01,Bob Barton,96.0,-2.327993460999535,358.0,14.003541666666656,0.5824618326723344,0.0,San Diego Padres,60,102,541.0,830.0
1974,OAK,AL,C,fossera01,Ray Fosse,222.0,-10.634080870412472,-0.23244065650146348,haneyla01,Larry Haney,385.6666666666667,0.7054236493595534,washicl01,Claudell Washington,237.0,-1.6935457940889904,222.0,9.047721518987341,0.9378643058610169,0.0,Oakland Athletics,90,72,689.0,551.0
1974,CIN,NL,3B,driesda01,Dan Driessen,523.0,9.11968145726297,-0.9343470994340097,benchjo01,Johnny Bench,263.0,-0.2572560487154069,fostege01,George Foster,314.0,5.499063054647364,523.0,0.039585987261142846,0.6770910507186028,0.0,Cincinnati Reds,98,64,776.0,631.0
1974,SFN,NL,C,raderda01,Dave Rader,361.0,3.143795422699683,-0.21684506048734883,rudolke01,Ken Rudolph,443.6666666666667,0.15541729012893368,goodsed01,Ed Goodson,320.0,-0.013311536665109092,361.0,-3.1588125000000096,0.37226235061628254,3.1588125000000096,San Francisco Giants,72,90,634.0,723.0
1974,SLN,NL,OF,brocklo01,Lou Brock,701.0,24.385901914992996,-0.6604183894750488,mcbriba01,Bake McBride,1267.3333333333333,1.1663897745369518,cruzjo01,Jose Cruz,182.0,3.661304063521716,701.0,-10.283846153846168,1.8268081640120006,10.283846153846168,St. Louis Cardinals,86,75,677.0,643.0
1974,BAL,AL,C,williea02,Earl Williams,471.0,3.800801396557329,-0.5712476474395113,etchean01,Andy Etchebarren,465.3333333333333,0.6361117170189893,fulleji01,Jim Fuller,202.0,-3.791460972177112,471.0,-12.641287128712872,1.2073593644585006,12.641287128712872,Baltimore Orioles,91,71,659.0,612.0
1975,PIT,NL,SS,taverfr01,Frank Taveras,427.0,-19.830079928358533,-0.14695094083292837,reynocr01,Craig Reynolds,203.0,1.0043387346524946,roberbo01,Bob Robertson,152.0,7.813109721052699,427.0,41.778749999999995,1.151289675485423,0.0,Pittsburgh Pirates,92,69,712.0,565.0
1975,BOS,AL,3B,petrori01,Rico Petrocelli,454.0,-9.127823906531663,-0.32234799345639775,heisebo01,Bob Heise,301.3333333333333,0.42322278726789553,fiskca01,Carlton Fisk,294.0,20.076783637620455,454.0,40.13074829931971,0.7455707807242933,0.0,Boston Red Sox,95,65,796.0,709.0
1975,MON,NL,C,footeba01,Barry Foote,410.0,-27.107664568213103,0.029638934050829693,cartega01,Gary Carter,521.0,0.5377487444682404,whiteje01,Jerry White,107.0,3.3312680273199957,410.0,39.87233644859813,0.5081098104174107,0.0,Montreal Expos,75,87,601.0,690.0
1975,KCA,AL,2B,rojasco01,Cookie Rojas,445.0,-13.14343973217312,0.012597508760121945,whitefr01,Frank White,503.6666666666667,0.6622374916232759,solaito01,Tony Solaita,275.0,14.902705783488525,445.0,37.25872727272727,0.649639982863154,0.0,Kansas City Royals,91,71,710.0,649.0
1975,NYA,AL,2B,alomasa01,Sandy Alomar,528.0,-20.087204895702044,0.3337087325898529,stanlfr01,Fred Stanley,174.0,0.6506188815370214,blombro01,Ron Blomberg,119.0,3.8186981390368517,528.0,37.03067226890757,0.3169101489471685,0.0,New York Yankees,83,77,681.0,588.0
1975,CLE,AL,OF,hendrge01,George Hendrick,613.0,1.4347223464671606,0.20149628542912118,manniri01,Rick Manning,1058.6666666666667,0.5164656189462108,robinfr02,Frank Robinson,149.0,9.084084224508327,613.0,35.93805369127516,0.3149693335170896,0.0,Cleveland Indians,79,80,688.0,703.0
1975,SDN,NL,SS,hernaen01,Enzo Hernandez,399.0,-17.334336982236657,0.4807400089397932,torrehe01,Hector Torres,588.0,1.1963782697184622,locklge01,Gene Locklear,263.0,10.464985898926717,399.0,33.21087452471483,0.715638260778669,0.0,San Diego Padres,71,91,552.0,683.0
1975,MIN,AL,SS,thompda01,Danny Thompson,384.0,-8.337058105965122,-0.5194347568812125,gomezlu01,Luis Gomez,246.0,-0.13839396617254685,hislela01,Larry Hisle,289.0,17.482552623375213,384.0,31.566470588235298,0.3810407907086657,0.0,Minnesota Twins,76,83,724.0,736.0
1975,ATL,NL,OF,garrra01,Ralph Garr,678.0,0.9130815189061208,-0.6147089440095975,lummi01,Mike Lum,314.0,1.4475405036277857,mayda01,Dave May,230.0,10.804968656856056,678.0,30.93808695652173,2.062249447637383,0.0,Atlanta Braves,67,94,583.0,739.0
1975,PHI,NL,SS,bowala01,Larry Bowa,628.0,3.3654796369808975,-0.16563570130837046,harmote01,Terry Harmon,180.0,0.3365869391877412,brownol02,Ollie Brown,161.0,8.699478059799247,628.0,30.56788819875778,0.5022226404961116,0.0,Philadelphia Phillies,86,76,735.0,694.0
1975,ML4,AL,OF,lezcasi01,Sixto Lezcano,489.0,-0.9482068068149494,-0.4194601143292557,colucbo01,Bob Coluccio,181.0,1.4107398978177192,briggjo02,John Briggs,94.0,5.567543067810623,489.0,29.911276595744678,1.830200012146975,0.0,Milwaukee Brewers,68,94,675.0,792.0
1975,CAL,AL,SS,mileymi01,Mike Miley,250.0,-18.608449287737702,-1.0128217078277388,meoliru01,Rudy Meoli,158.66666666666666,0.3202010702269589,garread01,Adrian Garrett,123.0,4.880082950433052,250.0,28.52731707317073,1.3330227780546977,0.0,California Angels,72,89,628.0,723.0
1975,CHN,NL,OF,moralje01,Jerry Morales,644.0,-1.6820877608030274,-0.3671842770263931,mondari01,Rick Monday,1152.0,0.15087969599384343,hosleti01,Tim Hosley,171.0,6.960998436184289,644.0,27.89777777777778,0.5180639730202365,0.0,Chicago Cubs,75,87,712.0,827.0
1975,HOU,NL,3B,raderdo02,Doug Rader,499.0,-7.979133218386183,0.8034805842381297,cabelen01,Enos Cabell,180.66666666666666,1.4341520811807635,davanje01,Jerry DaVanon,114.0,4.057332290789523,499.0,25.73885964912278,0.6306714969426338,0.0,Houston Astros,64,97,664.0,711.0
1975,LAN,NL,C,yeagest01,Steve Yeager,515.0,-10.356700616170105,0.2717175352223919,fergujo01,Joe Ferguson,266.0,0.3164337525280448,lacyle01,Lee Lacy,336.0,8.671084646537542,515.0,23.64720238095235,0.044716217305652894,0.0,Los Angeles Dodgers,88,74,648.0,534.0
1975,SLN,NL,OF,brocklo01,Lou Brock,572.0,15.79696552922465,-0.6393928933540397,mcbriba01,Bake McBride,887.0,1.426066580628691,fairlro01,Ron Fairly,279.0,18.297418501142786,572.0,21.716021505376325,2.0654594739827306,0.0,St. Louis Cardinals,82,80,662.0,689.0
1975,DET,AL,OF,lefloro01,Ron LeFlore,591.0,-15.14789411621193,0.04719242954452782,stanlmi01,Mickey Stanley,214.33333333333334,0.28663646009807675,piercja01,Jack Pierce,194.0,2.0921633527155397,591.0,21.52144329896906,0.23944403055354893,0.0,Detroit Tigers,57,102,570.0,786.0
1975,BAL,AL,C,duncada01,Dave Duncan,326.0,-14.782137871209967,0.5260294514572403,hendrel01,Elrod Hendricks,608.6666666666666,0.8175272416289703,northji01,Jim Northrup,221.0,4.279010829639877,326.0,21.094162895927614,0.29149779017172994,0.0,Baltimore Orioles,90,69,682.0,553.0
1975,SFN,NL,C,raderda01,Dave Rader,328.0,6.999868345429519,-0.26184514513798823,hillma01,Marc Hill,434.0,0.773901890848498,adamsgl01,Glenn Adams,103.0,5.560659876765975,328.0,10.707864077669896,1.0357470359864862,0.0,San Francisco Giants,80,81,659.0,671.0
1975,CHA,AL,C,downibr01,Brian Downing,516.0,1.9486406701093824,0.5081538667238825,varnepe01,Pete Varney,255.33333333333334,0.6610136567716122,hairsje01,Jerry Hairston,274.0,6.119859580639476,516.0,9.5763503649635,0.15285979004772965,0.0,Chicago White Sox,75,86,655.0,703.0
1975,NYN,NL,C,groteje01,Jerry Grote,428.0,5.2750721092799715,0.6689745264116457,stearjo01,John Stearns,432.6666666666667,0.8048979585329459,garrewa01,Wayne Garrett,328.0,9.019868345429522,428.0,6.494756097560991,0.1359234321213002,0.0,New York Mets,82,80,646.0,625.0
1975,TEX,AL,3B,howelro02,Roy Howell,430.0,-1.0561327749088383,-0.9741775462641761,harrato01,Toby Harrah,160.33333333333334,1.4338527371696599,fregoji01,Jim Fregosi,217.0,1.2876260182436703,430.0,3.607649769585236,2.408030283433836,0.0,Texas Rangers,79,83,714.0,733.0
1975,OAK,AL,1B,rudijo01,Joe Rudi,515.0,18.415794467260326,0.21669947473494441,tenacge01,Gene Tenace,370.0,1.3671463811028326,holtji01,Jim Holt,137.0,-5.210070209680262,515.0,-38.00109489051094,1.1504469063678882,38.00109489051094,Oakland Athletics,98,64,758.0,606.0
1976,ML4,AL,C,porteda02,Darrell Porter,449.0,-11.484400380150692,-1.0580523086031473,moorech02,Charlie Moore,400.6666666666667,-0.5706188782833331,thomada01,Dan Thomas,121.0,5.274270721607494,449.0,31.055867768595032,0.4874334303198141,0.0,Milwaukee Brewers,66,95,570.0,655.0
1976,MON,NL,2B,mackape01,Pete Mackanin,401.0,-14.266554835567694,-0.39595198780698204,garrewa01,Wayne Garrett,423.6666666666667,0.7994313755643576,mangupe01,Pepe Mangual,270.0,10.66024986133845,401.0,30.098999999999986,1.1953833633713398,0.0,Montreal Expos,55,107,531.0,734.0
1976,DET,AL,SS,veryzto01,Tom Veryzer,390.0,-16.34061502952957,0.138276930926169,scrivch01,Chuck Scrivener,255.33333333333334,0.14909246870323942,oglivbe01,Ben Oglivie,325.0,10.93948747539204,390.0,29.468000000000018,0.010815537777070422,0.0,Detroit Tigers,74,87,609.0,709.0
1976,MIN,AL,2B,randabo01,Bob Randall,531.0,-7.514068155590254,-0.15830019506606122,terreje01,Jerry Terrell,151.0,-0.013672509991959791,borgmgl01,Glenn Borgmann,85.0,3.252173647410221,531.0,27.830588235294105,0.14462768507410143,0.0,Minnesota Twins,85,77,743.0,704.0
1976,CAL,AL,3B,jacksro02,Ron Jackson,454.0,-8.77133134206773,0.053523197233772773,chalkda01,Dave Chalk,399.3333333333333,0.5006005062507259,solaito01,Tony Solaita,252.0,10.344679519380895,454.0,27.40817460317458,0.4470773090169532,0.0,California Angels,76,86,550.0,631.0
1976,NYA,AL,SS,stanlfr01,Fred Stanley,306.0,-5.632174869323196,-0.10877490532790568,masonji01,Jim Mason,630.3333333333334,0.4367280979580653,velezot01,Otto Velez,117.0,5.88181549114113,306.0,21.015384615384612,0.5455030032859709,0.0,New York Yankees,97,62,730.0,575.0
1976,CIN,NL,1B,perezto01,Tony Perez,586.0,16.632690439793826,0.9608150153851905,driesda01,Dan Driessen,295.0,1.113017132708464,bailebo01,Bob Bailey,141.0,9.048019372032305,586.0,20.971134751773057,0.15220211732327338,0.0,Cincinnati Reds,102,60,857.0,633.0
1976,LAN,NL,OF,bucknbi01,Bill Buckner,680.0,7.368036687815362,-0.02061634091081266,lyttlji01,Jim Lyttle,151.33333333333334,1.7946939654528986,smithre06,Reggie Smith,245.0,10.158189688992302,680.0,20.8261224489796,1.8153103063637113,0.0,Los Angeles Dodgers,92,70,608.0,543.0
1976,PHI,NL,C,boonebo01,Bob Boone,418.0,4.631646081627689,0.3203529830280451,oatesjo01,Johnny Oates,235.66666666666666,0.8340006716373133,mccarti01,Tim McCarver,194.0,11.62358693740615,418.0,20.412989690721645,0.5136476886092682,0.0,Philadelphia Phillies,101,61,770.0,557.0
1976,CHA,AL,OF,garrra01,Ralph Garr,558.0,3.6825046500576915,-0.3881527167569223,lemonch01,Chet Lemon,1043.0,1.464282068187888,johnsla02,Lamar Johnson,248.0,10.452224288914538,558.0,19.83500000000002,1.8524347849448104,0.0,Chicago White Sox,64,97,586.0,745.0
1976,PIT,NL,SS,taverfr01,Frank Taveras,573.0,-3.7535808498261676,-0.14041028324547233,mendoma01,Mario Mendoza,256.0,0.14654485099788234,morenom01,Omar Moreno,141.0,3.6580193720323044,573.0,18.619148936170212,0.28695513424335467,0.0,Pittsburgh Pirates,92,70,708.0,630.0
1976,NYN,NL,2B,millafe01,Felix Millan,587.0,0.09317284668771003,-0.5928828494464619,phillmi01,Mike Phillips,157.0,0.46098476071037897,torrejo01,Joe Torre,340.0,8.254018343907681,587.0,14.157147058823494,1.053867610156841,0.0,New York Mets,86,76,615.0,538.0
1976,SLN,NL,OF,brocklo01,Lou Brock,544.0,13.50242935025229,-0.2353745383695087,mumphje01,Jerry Mumphrey,800.0,1.3404576563099204,mcbriba01,Bake McBride,299.0,14.884239661259988,544.0,13.577926421404678,1.5758321946794291,0.0,St. Louis Cardinals,72,90,629.0,671.0
1976,BAL,AL,C,duncada01,Dave Duncan,314.0,-14.577264408390471,0.3535511659588537,dempsri01,Rick Dempsey,469.6666666666667,0.8963900840690456,harpeto01,Tommy Harper,88.0,-0.8559849297400041,314.0,11.52295454545455,0.5428389181101919,0.0,Baltimore Orioles,88,74,619.0,598.0
1976,CHN,NL,OF,moralje01,Jerry Morales,583.0,2.9512432191122966,-0.08847559689119724,mondari01,Rick Monday,896.0,1.1483247046533356,thornan01,Andre Thornton,108.0,2.422099944535383,583.0,10.123611111111115,1.2368003015445328,0.0,Chicago Cubs,75,87,611.0,728.0
1976,TEX,AL,3B,howelro02,Roy Howell,531.0,-5.354068155590244,-0.8465524276491738,thompda01,Danny Thompson,283.6666666666667,-0.0490205222663882,fregoji01,Jim Fregosi,160.0,1.188209218654538,531.0,9.297437499999992,0.7975319053827856,0.0,Texas Rangers,76,86,616.0,652.0
1976,ATL,NL,C,correvi01,Vic Correll,224.0,-2.8819408557784687,-0.5492157357690696,williea02,Earl Williams,307.3333333333333,-0.4985821449011926,gastoci01,Cito Gaston,147.0,4.100913813395379,224.0,9.13095238095238,0.05063359086787694,0.0,Atlanta Braves,70,92,620.0,700.0
1976,OAK,AL,C,haneyla01,Larry Haney,196.0,-10.48969370714819,-0.567399987940388,newmaje01,Jeff Newman,240.0,1.4184289738171252,mcmulke01,Ken McMullen,211.0,-1.7104865928993238,196.0,8.900805687203796,1.9858289617575133,0.0,Oakland Athletics,87,74,686.0,598.0
1976,SFN,NL,C,raderda01,Dave Rader,284.0,-0.48299644214769605,-0.3108250866681264,hillma01,Marc Hill,353.3333333333333,0.4740335976860243,montawi01,Willie Montanez,249.0,6.770119316567685,284.0,8.20473895582329,0.7848586843541507,0.0,San Francisco Giants,74,88,595.0,686.0
1976,BOS,AL,3B,hobsobu01,Butch Hobson,292.0,-4.45076817595547,-0.7347330456936508,petrori01,Rico Petrocelli,563.3333333333334,0.246102368575573,milleri01,Rick Miller,313.0,3.5921217839929462,292.0,7.801884984025566,0.9808354142692238,0.0,Boston Red Sox,83,79,716.0,660.0
1976,SDN,NL,3B,raderdo02,Doug Rader,540.0,5.440499722676904,0.4730032033906808,kubiate01,Ted Kubiak,192.66666666666666,0.8282309860321855,turneje01,Jerry Turner,320.0,7.1743702060307655,540.0,6.666250000000013,0.3552277826415047,0.0,San Diego Padres,73,89,570.0,662.0
1976,CLE,AL,1B,powelbo01,Boog Powell,343.0,-3.189463987509332,-1.27575168909748,howardo01,Doug Howard,222.66666666666666,-0.2837056281121008,fossera01,Ray Fosse,300.0,2.2141422849772674,343.0,5.720966666666674,0.9920460609853792,0.0,Cleveland Indians,81,78,615.0,615.0
1976,KCA,AL,SS,patekfr01,Freddie Patek,503.0,-2.7712547688547935,-0.29916883178299314,whitefr01,Frank White,213.0,0.7380426098749386,stinsbo01,Bob Stinson,243.0,0.9291552508315812,503.0,4.694567901234569,1.0372114416579317,0.0,Kansas City Royals,90,72,713.0,611.0
1977,SLN,NL,SS,templga01,Garry Templeton,644.0,6.725283230510388,0.3132803748378262,kessido01,Don Kessinger,151.0,0.9908631060145265,freedro01,Roger Freed,95.0,11.380158240525597,644.0,70.42021052631577,0.6775827311767003,0.0,St. Louis Cardinals,83,79,737.0,688.0
1977,BOS,AL,2B,doylede01,Denny Doyle,500.0,-23.41626696832579,-0.3545662026045593,dillast01,Steve Dillard,282.0,-0.3052225604898601,carbobe01,Bernie Carbo,276.0,17.749660633484176,500.0,55.57144927536234,0.049343642114699215,0.0,Boston Red Sox,97,64,859.0,712.0
1977,NYA,AL,OF,whitero01,Roy White,606.0,7.265124434389133,0.14976989947256528,rivermi01,Mickey Rivers,1124.3333333333333,1.1629295813364249,johnscl01,Cliff Johnson,168.0,14.05805429864253,606.0,43.4442857142857,1.0131596818638595,0.0,New York Yankees,100,62,831.0,651.0
1977,DET,AL,SS,veryzto01,Tom Veryzer,373.0,-32.29491515837104,0.5536627781752059,scrivch01,Chuck Scrivener,191.66666666666666,0.797711006243512,wockejo01,John Wockenfuss,178.0,4.839128959276014,373.0,42.43533707865168,0.24404822806830606,0.0,Detroit Tigers,74,88,714.0,751.0
1977,TEX,AL,OF,washicl01,Claudell Washington,554.0,0.3095361990950263,-0.09669202564784085,beniqju01,Juan Beniquez,1060.3333333333333,0.8252835808111578,bevacku01,Kurt Bevacqua,104.0,7.131176470588235,554.0,37.677692307692304,0.9219756064589987,0.0,Texas Rangers,94,68,767.0,657.0
1977,SDN,NL,1B,iviemi01,Mike Ivie,535.0,-1.0354246454611014,0.3702032705003793,tenacge01,Gene Tenace,270.3333333333333,1.2491864273896836,retteme01,Merv Rettenmund,166.0,9.230802820286838,535.0,30.785301204819284,0.8789831568893043,0.0,San Diego Padres,69,93,692.0,834.0
1977,CHA,AL,SS,bannial01,Alan Bannister,630.0,-9.572296380090508,-1.4349630216234694,kessido01,Don Kessinger,161.0,-1.3355110054513308,downibr01,Brian Downing,214.0,6.602997737556567,630.0,29.01102803738321,0.09945201617213861,0.0,Chicago White Sox,90,72,844.0,771.0
1977,CHN,NL,2B,trillma01,Manny Trillo,565.0,-1.3585325695056572,0.6876956632419322,kellemi02,Mick Kelleher,249.33333333333334,0.9087011381900135,grossgr01,Greg Gross,280.0,13.020992708917559,565.0,27.633035714285736,0.22100547494808132,0.0,Chicago Cubs,81,81,692.0,739.0
1977,SFN,NL,3B,madlobi01,Bill Madlock,585.0,10.819395481131313,-0.9818969628649834,evansda01,Darrell Evans,266.3333333333333,0.6056201550313438,alexaga01,Gary Alexander,143.0,9.029185562054328,585.0,26.118181818181853,1.5875171178963272,0.0,San Francisco Giants,75,87,673.0,711.0
1977,ATL,NL,2B,gilbrro01,Rod Gilbreath,463.0,-10.23396562775418,0.16915195003091907,chaneda01,Darrel Chaney,166.33333333333334,0.17020460238379598,nolanjo01,Joe Nolan,96.0,3.108054643057444,463.0,25.223854166666644,0.0010526523528769094,0.0,Atlanta Braves,61,101,678.0,895.0
1977,HOU,NL,OF,cruzjo01,Jose Cruz,661.0,25.799522073551813,-0.2895124423871983,cedence01,Cesar Cedeno,1184.6666666666667,1.1821208558119134,johnscl01,Cliff Johnson,171.0,13.180284832946086,661.0,25.14883040935674,1.4716332981991118,0.0,Houston Astros,81,81,680.0,650.0
1977,CLE,AL,OF,norriji01,Jim Norris,517.0,0.21055995475114297,0.8368409136578726,manniri01,Rick Manning,574.6666666666666,1.242018429582823,grubbjo01,Johnny Grubb,113.0,5.277143665158372,517.0,23.93353982300884,0.4051775159249503,0.0,Cleveland Indians,71,90,676.0,739.0
1977,ML4,AL,OF,joshuvo01,Von Joshua,566.0,-15.439174208144786,0.09426494534122329,bryest01,Steve Brye,555.3333333333334,1.2892825841271338,thomada01,Dan Thomas,80.0,1.1885972850678743,566.0,23.848499999999994,1.1950176387859106,0.0,Milwaukee Brewers,67,95,639.0,765.0
1977,CAL,AL,3B,chalkda01,Dave Chalk,591.0,-4.461487556561067,-0.6316495067664034,jacksro02,Ron Jackson,236.0,0.37379332518418906,rudijo01,Joe Rudi,272.0,7.669230769230769,591.0,21.125147058823508,1.0054428319505924,0.0,California Angels,74,88,675.0,695.0
1977,PHI,NL,1B,hebneri01,Richie Hebner,466.0,20.279723579841363,0.07841824255988974,johnsda02,Davey Johnson,277.0,1.910924966641306,mcbriba01,Bake McBride,314.0,27.169470395000413,466.0,20.041847133757972,1.8325067240814161,0.0,Philadelphia Phillies,101,61,847.0,668.0
1977,TOR,AL,C,ashbyal01,Alan Ashby,459.0,-21.03567307692308,0.3296331528787261,ceronri01,Rick Cerone,246.66666666666666,1.1945732376306195,ewingsa01,Sam Ewing,266.0,-1.0514140271493102,459.0,19.221390977443626,0.8649400847518934,0.0,Toronto Blue Jays,54,107,605.0,822.0
1977,NYN,NL,2B,millafe01,Felix Millan,340.0,-13.215223139171542,-0.29083857669488794,flynndo01,Doug Flynn,204.33333333333334,0.2509501069353877,boiscbr01,Bruce Boisclair,347.0,4.860051678551394,340.0,17.97723342939481,0.5417886836302757,0.0,New York Mets,64,98,587.0,663.0
1977,OAK,AL,C,sanguma01,Manny Sanguillen,601.0,-18.390412895927582,-0.1500335130052863,williea02,Earl Williams,269.0,0.29206717646874886,jorgemi01,Mike Jorgensen,236.0,-0.2546380090497755,601.0,17.74194915254235,0.44210068947403514,0.0,Oakland Athletics,63,98,605.0,749.0
1977,SEA,AL,3B,steinbi02,Bill Stein,600.0,-10.785520361990944,-0.0841076114006977,bernhju01,Juan Bernhardt,159.33333333333334,0.9953793932829286,stinsbo01,Bob Stinson,347.0,2.642290723981903,600.0,15.354322766570602,1.0794870046836262,0.0,Seattle Mariners,64,98,624.0,855.0
1977,MON,NL,OF,cromawa01,Warren Cromartie,662.0,-2.3025815239163574,-0.1340796392898582,dawsoan01,Andre Dawson,1192.0,0.9942371989813437,unserde01,Del Unser,331.0,6.033709238041831,662.0,14.370000000000019,1.1283168382712019,0.0,Montreal Expos,75,87,665.0,736.0
1977,BAL,AL,C,dempsri01,Rick Dempsey,314.0,-9.7362556561086,0.5075181537182557,skaggda01,Dave Skaggs,636.3333333333334,0.5367358170355704,maddoel01,Elliott Maddox,128.0,0.7437556561085961,314.0,11.56078125,0.02921766331731468,0.0,Baltimore Orioles,97,64,719.0,653.0
1977,PIT,NL,OF,parkeda01,Dave Parker,706.0,42.38486018748499,0.05322409638175096,morenom01,Omar Moreno,1155.0,0.8168684985044776,stargwi01,Willie Stargell,222.0,14.163001362070348,706.0,2.656036036036032,0.7636444021227267,0.0,Pittsburgh Pirates,96,66,734.0,665.0
1977,KCA,AL,C,porteda02,Darrell Porter,486.0,12.022228506787336,-0.133695889617686,martibu01,Buck Martinez,202.0,-0.03705892346111602,wathajo01,John Wathan,127.0,3.758648190045248,486.0,2.3612598425196767,0.09663696615656997,0.0,Kansas City Royals,102,60,822.0,651.0
1977,LAN,NL,2B,lopesda01,Davey Lopes,589.0,18.18098109125873,0.48594495035894836,martite01,Ted Martinez,192.0,1.542359052417573,lacyle01,Lee Lacy,180.0,-0.1786475442672928,589.0,-18.76555555555559,1.0564141020586246,18.76555555555559,Los Angeles Dodgers,98,64,769.0,582.0
1977,CIN,NL,OF,fostege01,George Foster,689.0,60.34062134444356,0.6336183631549483,geronce01,Cesar Geronimo,1187.3333333333333,1.3312045706483866,bailebo01,Bob Bailey,92.0,0.39646903293005553,689.0,-57.37141304347826,0.6975862074934382,57.37141304347826,Cincinnati Reds,88,74,802.0,725.0
1978,OAK,AL,SS,guerrma01,Mario Guerrero,546.0,-14.697674621754764,-0.513231613100336,picciro01,Rob Picciolo,221.33333333333334,-0.36210644565600153,cartyri01,Rico Carty,163.0,10.87400922464097,546.0,51.12226993865028,0.15112516744433452,0.0,Oakland Athletics,69,93,532.0,690.0
1978,CAL,AL,SS,chalkda01,Dave Chalk,527.0,-18.677773856528873,-0.40077766881082877,anderji01,Jim Anderson,329.6666666666667,-0.3934425794036671,retteme01,Merv Rettenmund,142.0,5.219689017785387,527.0,38.04943661971831,0.007335089407161655,0.0,California Angels,87,75,691.0,666.0
1978,PHI,NL,2B,sizemte01,Ted Sizemore,386.0,-19.870041468871065,0.23700830872101447,morriji01,Jim Morrison,251.66666666666666,0.7979957563157116,martije01,Jerry Martin,298.0,8.77162601626016,386.0,31.23194630872483,0.5609874475946972,0.0,Philadelphia Phillies,90,72,708.0,586.0
1978,TEX,AL,SS,campabe01,Bert Campaneris,319.0,-19.36675495300325,0.13145262202832342,harrato01,Toby Harrah,413.0,1.138994124307596,lowenjo01,John Lowenstein,217.0,6.227975470841048,319.0,28.522165898617512,1.0075415022792726,0.0,Texas Rangers,87,75,692.0,632.0
1978,TOR,AL,3B,howelro02,Roy Howell,601.0,-2.7815978895139786,0.19437331843320518,bailobo01,Bob Bailor,247.0,0.5948884619752838,velezot01,Otto Velez,300.0,11.613145812222655,601.0,26.04660000000003,0.4005151435420786,0.0,Toronto Blue Jays,59,102,590.0,775.0
1978,LAN,NL,OF,bakerdu01,Dusty Baker,579.0,2.5399377966934145,-0.1704343182883032,mondari01,Rick Monday,812.0,0.6776933196784424,lacyle01,Lee Lacy,276.0,12.642042887542969,579.0,23.98086956521738,0.8481276379667455,0.0,Los Angeles Dodgers,95,67,727.0,573.0
1978,MIN,AL,C,wynegbu01,Butch Wynegar,522.0,-13.888326286732585,0.5889579051738073,borgmgl01,Glenn Borgmann,353.3333333333333,1.153275478937301,moraljo01,Jose Morales,273.0,5.106162689122616,522.0,23.651758241758248,0.5643175737634937,0.0,Minnesota Twins,73,89,666.0,678.0
1978,CHN,NL,C,raderda01,Dave Rader,348.0,-12.53568505483713,0.08738039034929368,blackti01,Tim Blackwell,326.3333333333333,0.13272656092875923,vailmi01,Mike Vail,185.0,5.1019490369400335,348.0,22.132864864864867,0.04534617057946555,0.0,Chicago Cubs,79,83,664.0,724.0
1978,SDN,NL,3B,almonbi01,Bill Almon,442.0,-9.603829868500013,-0.48841620000166186,thomade01,Derrel Thomas,186.33333333333334,1.6066750943518158,turneje01,Jerry Turner,250.0,6.793444644513557,442.0,21.61463999999998,2.0950912943534776,0.0,San Diego Padres,84,78,591.0,598.0
1978,CHA,AL,SS,kessido01,Don Kessinger,480.0,-14.526966700443754,-0.1610450074713391,chappha01,Harry Chappas,170.0,1.0784046998036179,bondsbo01,Bobby Bonds,102.0,1.4952695761557018,480.0,21.563529411764705,1.2394497072749568,0.0,Chicago White Sox,71,90,634.0,731.0
1978,ATL,NL,1B,murphda05,Dale Murphy,583.0,-5.861047088994369,-0.8509987254852216,beallbo01,Bob Beall,281.6666666666667,-0.48496263421582114,asselbr01,Brian Asselstine,122.0,3.014960986522615,583.0,20.268606557377026,0.36603609126940045,0.0,Atlanta Braves,69,93,600.0,750.0
1978,ML4,AL,C,martibu01,Buck Martinez,286.0,-16.86640099234774,0.13663670431049202,moorech02,Charlie Moore,684.6666666666666,0.35652044598787896,wohlfji01,Jim Wohlford,127.0,0.8180317271742554,286.0,18.708582677165353,0.21988374167738695,0.0,Milwaukee Brewers,93,69,804.0,650.0
1978,SLN,NL,2B,tysonmi01,Mike Tyson,405.0,-15.932219675888033,-0.19521922385324614,phillmi01,Mike Phillips,328.0,0.028138268578312586,swishst01,Steve Swisher,124.0,0.21946854367872448,405.0,16.649032258064512,0.22335749243155872,0.0,St. Louis Cardinals,69,93,600.0,657.0
1978,BAL,AL,C,dempsri01,Rick Dempsey,498.0,-2.7289779517103985,0.5158091380581288,skaggda01,Dave Skaggs,255.33333333333334,0.8488572277051255,kellypa01,Pat Kelly,315.0,8.264803102833783,498.0,15.795238095238094,0.3330480896469967,0.0,Baltimore Orioles,90,71,659.0,633.0
1978,DET,AL,C,maymi01,Milt May,387.0,-6.033241902232779,0.05057860351257176,parrila02,Lance Parrish,653.0,0.42627743762703124,wockejo01,John Wockenfuss,211.0,4.665312554596595,387.0,14.589999999999993,0.3756988341144595,0.0,Detroit Tigers,86,76,714.0,653.0
1978,SEA,AL,3B,steinbi02,Bill Stein,449.0,-2.642391767706776,-0.5364349832771591,milbola01,Larry Milbourne,257.6666666666667,0.6953680315263806,pacioto01,Tom Paciorek,268.0,5.465610258918906,449.0,11.799328358208973,1.2318030148035397,0.0,Seattle Mariners,56,104,614.0,834.0
1978,CIN,NL,2B,morgajo02,Joe Morgan,533.0,12.156263982102914,-0.2325002791767094,kenneju01,Junior Kennedy,411.6666666666667,-0.05147649479838651,lummi01,Mike Lum,169.0,6.745888579691167,533.0,9.119230769230766,0.1810237843783229,0.0,Cincinnati Reds,92,69,710.0,688.0
1978,SFN,NL,1B,mccovwi01,Willie McCovey,389.0,-0.8482801331369019,-0.4461528652858142,iviemi01,Mike Ivie,504.6666666666667,0.5497298855749874,dwyerji01,Jim Dwyer,208.0,3.3787859442352848,389.0,7.167259615384622,0.9958827508608016,0.0,San Francisco Giants,89,73,613.0,594.0
1978,PIT,NL,C,otted01,Ed Ott,410.0,3.3040492170022167,-0.5352796385146635,dyerdu01,Duffy Dyer,471.0,0.3961660806197817,milnejo01,John Milner,333.0,6.005508266492057,410.0,4.090120120120135,0.9314457191344452,0.0,Pittsburgh Pirates,88,73,684.0,637.0
1978,BOS,AL,1B,scottge02,George Scott,466.0,-4.636513505014158,-0.07560881557695662,yastrca01,Carl Yastrzemski,409.0,0.30803875908955136,bailebo01,Bob Bailey,116.0,-0.20518361927390782,466.0,3.8122413793103567,0.383647574666508,0.0,Boston Red Sox,99,64,796.0,657.0
1978,HOU,NL,1B,watsobo01,Bob Watson,527.0,20.66274131063457,0.1468018755827111,bergmda01,Dave Bergman,269.3333333333333,0.3599777569425029,cedence01,Cesar Cedeno,209.0,9.286039722813342,527.0,2.7522966507177347,0.2131758813597918,0.0,Houston Astros,74,88,605.0,634.0
1978,KCA,AL,1B,lacocpe01,Pete LaCock,347.0,4.692338656137524,0.3542858918688404,wathajo01,John Wathan,296.3333333333333,1.6486049975749197,braunst01,Steve Braun,167.0,3.112451168803945,347.0,1.7748502994012119,1.2943191057060792,0.0,Kansas City Royals,92,70,743.0,634.0
1978,NYN,NL,OF,hendest01,Steve Henderson,654.0,8.213971190047477,-0.5018941477009976,youngjo02,Joel Youngblood,297.3333333333333,1.0659528940745426,valenbo02,Bobby Valentine,188.0,-0.056289627325802005,654.0,-8.409787234042554,1.5678470417755404,8.409787234042554,New York Mets,66,96,607.0,690.0
1978,MON,NL,OF,cromawa01,Warren Cromartie,655.0,10.591224968625529,0.12344160113932877,dawsoan01,Andre Dawson,1348.0,1.0416629904577301,papist01,Stan Papi,167.0,-5.888618977464942,655.0,-33.687305389221564,0.9182213893184014,33.687305389221564,Montreal Expos,76,86,633.0,611.0
1979,NYA,AL,C,munsoth01,Thurman Munson,419.0,-3.721963687377536,0.42533652434017427,guldebr01,Brad Gulden,292.6666666666667,1.119742303201698,gamblos01,Oscar Gamble,126.0,17.520960800454482,419.0,61.98611111111109,0.6944057788615237,0.0,New York Yankees,89,71,734.0,672.0
1979,TEX,AL,SS,normane01,Nelson Norman,383.0,-26.667952487507385,-1.3179298418567886,bellbu01,Buddy Bell,184.0,0.520579056196925,gamblos01,Oscar Gamble,201.0,16.818437467391675,383.0,58.71502487562187,1.8385088980537136,0.0,Texas Rangers,83,79,750.0,698.0
1979,HOU,NL,3B,cabelen01,Enos Cabell,630.0,-11.397143551129457,-0.7498556317516336,howear01,Art Howe,325.6666666666667,0.9191159134049736,wallide01,Denny Walling,165.0,9.705748117561336,630.0,48.45545454545456,1.6689715451566072,0.0,Houston Astros,89,73,583.0,582.0
1979,DET,AL,3B,rodriau01,Aurelio Rodriguez,363.0,-16.314612932023977,-0.12349354791880965,brookto01,Tom Brookens,338.0,0.3817682170488987,summech01,Champ Summers,290.0,24.801576445490483,363.0,47.359344827586206,0.5052617649677084,0.0,Detroit Tigers,85,76,770.0,738.0
1979,SEA,AL,SS,mendoma01,Mario Mendoza,401.0,-37.46495808744246,0.15918084211028155,milbola01,Larry Milbourne,265.6666666666667,0.9889325097314645,pacioto01,Tom Paciorek,349.0,5.91972475681442,401.0,44.26670487106018,0.8297516676211829,0.0,Seattle Mariners,67,95,711.0,820.0
1979,TOR,AL,3B,howelro02,Roy Howell,563.0,-7.7080084868581125,-0.046064342599345394,gomezlu01,Luis Gomez,185.33333333333334,0.72152606637955,velezot01,Otto Velez,325.0,18.7057322233945,563.0,40.11209230769228,0.7675904089788954,0.0,Toronto Blue Jays,53,109,613.0,862.0
1979,BAL,AL,2B,dauerri01,Rich Dauer,528.0,-14.402164264762149,-0.32409963362284144,smithbi05,Billy Smith,440.0,-0.2843002696645284,kellypa01,Pat Kelly,177.0,7.724444933971778,528.0,37.444576271186435,0.03979936395831302,0.0,Baltimore Orioles,102,57,757.0,582.0
1979,MON,NL,OF,cromawa01,Warren Cromartie,710.0,-3.40011416079669,-0.0808466123281638,dawsoan01,Andre Dawson,1366.3333333333333,0.7211899870570413,whiteje01,Jerry White,161.0,6.626396648044692,710.0,32.62211180124223,0.8020365993852051,0.0,Montreal Expos,95,65,701.0,581.0
1979,CHN,NL,2B,sizemte01,Ted Sizemore,374.0,-8.245637600194318,0.2629559982330965,kellemi02,Mick Kelleher,180.66666666666666,1.4924344674282288,vailmi01,Mike Vail,195.0,11.005884138936112,374.0,29.354358974358963,1.2294784691951324,0.0,Chicago Cubs,80,82,706.0,707.0
1979,BOS,AL,2B,remyje01,Jerry Remy,340.0,-4.72677244321806,-0.9679664281177358,sizemte01,Ted Sizemore,198.0,1.6020750537961808,watsobo01,Bob Watson,347.0,22.776058712362754,340.0,27.04337175792508,2.5700414819139166,0.0,Boston Red Sox,91,69,841.0,711.0
1979,PHI,NL,OF,mcbriba01,Bake McBride,637.0,4.7892215205246425,0.7336340094309898,maddoga01,Garry Maddox,1194.3333333333333,1.8054316190005384,grossgr01,Greg Gross,206.0,10.171600680106874,637.0,26.66373786407768,1.0717976095695487,0.0,Philadelphia Phillies,84,78,683.0,718.0
1979,CHA,AL,SS,pryorgr01,Greg Pryor,525.0,-11.227663331439633,0.05690276191382526,kessido01,Don Kessinger,324.3333333333333,0.23050509038662104,morriji01,Jim Morrison,269.0,7.263082978748072,525.0,25.402825278810408,0.17360232847279577,0.0,Chicago White Sox,73,87,730.0,748.0
1979,PIT,NL,2B,stennre01,Rennie Stennett,348.0,-15.90642215205246,-0.6141441969601817,garneph01,Phil Garner,680.6666666666666,0.055981927127647046,nicosst01,Steve Nicosia,215.0,5.672641486519318,348.0,25.088186046511634,0.6701261240878288,0.0,Pittsburgh Pirates,98,64,775.0,643.0
1979,OAK,AL,2B,edwarmi01,Mike Edwards,422.0,-29.606464620700052,-0.8723761663250613,chalkda01,Dave Chalk,296.6666666666667,0.1777873660354123,armasto01,Tony Armas,297.0,-4.52559239892871,422.0,23.176161616161618,1.0501635323604737,0.0,Oakland Athletics,54,108,573.0,860.0
1979,KCA,AL,SS,patekfr01,Freddie Patek,338.0,-17.330438487669706,-0.8580084858666317,washiul01,U. L. Washington,354.0,0.14926234829876542,braunst01,Steve Braun,139.0,2.39479008939027,338.0,23.153741007194245,1.007270834165397,0.0,Kansas City Royals,85,77,851.0,816.0
1979,ATL,NL,2B,hubbagl01,Glenn Hubbard,357.0,-16.63538134564002,-0.7800925089872053,roystje01,Jerry Royster,605.0,0.7025991751657668,spikech01,Charlie Spikes,100.0,1.6237867379159554,357.0,22.432299999999984,1.482691684152972,0.0,Atlanta Braves,66,94,669.0,763.0
1979,CLE,AL,C,alexaga01,Gary Alexander,415.0,-4.509295776280853,-1.4424337905283438,hassero01,Ron Hassey,520.0,0.39462462538455884,johnscl01,Cliff Johnson,274.0,11.63224808987722,415.0,22.127481751824817,1.8370584159129026,0.0,Cleveland Indians,81,80,760.0,805.0
1979,ML4,AL,3B,bandosa01,Sal Bando,543.0,-9.854668931374702,-0.02246583816931233,moneydo01,Don Money,203.33333333333334,1.7002092712627186,hislela01,Larry Hisle,108.0,2.267966400389558,543.0,21.25749999999998,1.722675109432031,0.0,Milwaukee Brewers,95,66,807.0,722.0
1979,NYN,NL,1B,montawi01,Willie Montanez,442.0,-18.046662618411467,-0.4923057032969698,kraneed01,Ed Kranepool,228.0,1.4880432153896057,normada01,Dan Norman,122.0,-0.6247801797425356,442.0,15.783114754098346,1.9803489186865755,0.0,New York Mets,63,99,593.0,706.0
1979,SDN,NL,2B,gonzafe01,Fernando Gonzalez,341.0,-12.762787223706582,-0.43442033392092205,flannti01,Tim Flannery,165.0,1.0876592997944163,faheybi01,Bill Fahey,236.0,1.7617367014816618,341.0,15.308347457627116,1.5220796337153384,0.0,San Diego Padres,68,93,603.0,681.0
1979,SFN,NL,C,littlde01,Dennis Littlejohn,222.0,-12.250993441826573,-0.04727384767550238,hillma01,Marc Hill,445.0,0.7302793210943882,madlobi01,Bill Madlock,270.0,-0.03877580762691846,222.0,12.219111111111106,0.7775531687698906,0.0,San Francisco Giants,71,91,672.0,751.0
1979,LAN,NL,OF,bakerdu01,Dusty Baker,616.0,16.630126305562314,0.17476889173183013,thomade01,Derrel Thomas,855.6666666666666,1.3304556187135792,smithre06,Reggie Smith,270.0,9.551224192373091,616.0,5.160814814814811,1.155686726981749,0.0,Los Angeles Dodgers,79,83,739.0,717.0
1979,MIN,AL,OF,landrke01,Ken Landreaux,623.0,11.271972846691638,-0.22569773867638987,riverbo01,Bombo Rivera,616.3333333333334,0.6906750584642833,goodwda01,Danny Goodwin,172.0,4.105279822842631,623.0,3.59773255813952,0.9163727971406732,0.0,Minnesota Twins,82,80,764.0,725.0
1979,CAL,AL,OF,fordda01,Dan Ford,628.0,9.621137957820782,0.1116844054793621,milleri01,Rick Miller,952.3333333333334,1.5762599218464715,retteme01,Merv Rettenmund,90.0,-0.5250279996753664,628.0,-13.284666666666672,1.4645755163671093,13.284666666666672,California Angels,88,74,866.0,768.0
1979,SLN,NL,SS,templga01,Garry Templeton,696.0,16.127155695895077,0.6189743087506286,phillmi01,Mike Phillips,170.0,1.3487831012318972,kennete02,Terry Kennedy,116.0,0.19119261598251347,696.0,-14.979999999999993,0.7298087924812685,14.979999999999993,St. Louis Cardinals,86,76,731.0,693.0
1979,CIN,NL,OF,fostege01,George Foster,505.0,36.890623026475595,-0.20954576556820861,geronce01,Cesar Geronimo,893.3333333333334,1.3667617012309623,cruzhe01,Hector Cruz,215.0,2.4226414865193107,505.0,-31.20023255813954,1.576307466799171,31.20023255813954,Cincinnati Reds,90,71,731.0,644.0
1980,SDN,NL,2B,cashda01,Dave Cash,437.0,-18.72400326841522,0.7190120252808356,flannti01,Tim Flannery,380.6666666666667,0.7984456972118379,perkibr01,Broderick Perkins,111.0,9.530356149212608,437.0,56.24441441441441,0.07943367193100226,0.0,San Diego Padres,73,89,591.0,654.0
1980,NYA,AL,C,ceronri01,Rick Cerone,575.0,2.001966629945837,0.6042831883327971,oatesjo01,Johnny Oates,190.33333333333334,0.9633973360748985,gamblos01,Oscar Gamble,229.0,15.407165840447991,575.0,36.684148471615714,0.3591141477421014,0.0,New York Yankees,103,59,820.0,662.0
1980,NYN,NL,SS,taverfr01,Frank Taveras,598.0,-14.06916236730504,-0.6491601701460374,almonbi01,Bill Almon,156.0,0.18780946666687862,washicl01,Claudell Washington,306.0,9.155846681613136,598.0,31.961960784313714,0.836969636812916,0.0,New York Mets,67,95,611.0,702.0
1980,PIT,NL,3B,madlobi01,Bill Madlock,546.0,7.193373490721484,-0.45170429323012684,berrada01,Dale Berra,302.3333333333333,0.27215420239321764,lacyle01,Lee Lacy,314.0,21.447764241916747,546.0,30.101146496815282,0.7238584956233445,0.0,Pittsburgh Pirates,83,79,666.0,646.0
1980,BAL,AL,SS,belanma01,Mark Belanger,291.0,-19.274343844670884,0.2778275658597077,garciki01,Kiko Garcia,680.0,0.4089063597217641,lowenjo01,John Lowenstein,231.0,8.558407463508672,291.0,30.055714285714277,0.1310787938620564,0.0,Baltimore Orioles,100,62,805.0,640.0
1980,CLE,AL,SS,veryzto01,Tom Veryzer,383.0,-15.64722918387956,0.28810787014940764,dybzije01,Jerry Dybzinski,498.6666666666667,0.9480936445003305,bannial01,Alan Bannister,297.0,11.069381024511152,383.0,29.921885521885528,0.6599857743509229,0.0,Cleveland Indians,79,81,738.0,807.0
1980,MIN,AL,OF,powelho01,Hosken Powell,523.0,-10.230315569631893,-0.40299329833860037,sofieri01,Rick Sofield,977.3333333333334,0.19892134761456778,moraljo01,Jose Morales,269.0,9.981998301661614,523.0,29.637695167286257,0.6019146459531681,0.0,Minnesota Twins,77,84,670.0,724.0
1980,HOU,NL,SS,reynocr01,Craig Reynolds,418.0,-18.897307474136298,0.14895418741389102,landera01,Rafael Landestoy,423.6666666666667,0.5895648929475115,wallide01,Denny Walling,321.0,7.973192107182406,418.0,29.279844236760116,0.4406107055336205,0.0,Houston Astros,93,70,637.0,589.0
1980,CHN,NL,2B,tysonmi01,Mike Tyson,363.0,-12.654240701223625,-0.17798348156679522,kellemi02,Mick Kelleher,221.66666666666666,0.4820768580924383,kingmda01,Dave Kingman,280.0,12.137114610626407,363.0,28.38914285714286,0.6600603396592335,0.0,Chicago Cubs,64,98,614.0,728.0
1980,LAN,NL,C,yeagest01,Steve Yeager,248.0,-12.920555630588048,-0.15055306200337296,sciosmi01,Mike Scioscia,376.3333333333333,0.4847634615066694,guerrpe01,Pedro Guerrero,199.0,9.911449312552335,248.0,25.272512562814075,0.6353165235100423,0.0,Los Angeles Dodgers,92,71,663.0,591.0
1980,ATL,NL,C,benedbr01,Bruce Benedict,402.0,-9.85114259474352,0.21039659098053154,nahorbi01,Bill Nahorodny,354.0,0.24777828712629835,burroje01,Jeff Burroughs,318.0,10.383723022068557,402.0,22.9777358490566,0.03738169614576681,0.0,Atlanta Braves,81,80,630.0,660.0
1980,TEX,AL,SS,friaspe01,Pepe Frias,246.0,-16.267280363536216,-1.1653890561115463,harrebu01,Bud Harrelson,593.3333333333334,0.022639726250198666,grubbjo01,Johnny Grubb,323.0,8.00552212430001,246.0,22.3643653250774,1.188028782361745,0.0,Texas Rangers,76,85,756.0,752.0
1980,SFN,NL,2B,stennre01,Rennie Stennett,425.0,-16.65187960887065,-0.5428875494845199,sulargu01,Guy Sularz,167.0,0.714703949196863,whitfte01,Terry Whitfield,348.0,3.778413873207093,425.0,21.26632183908046,1.257591498681383,0.0,San Francisco Giants,75,86,573.0,634.0
1980,CHA,AL,SS,cruzto02,Todd Cruz,311.0,-19.24192761406407,0.14537284567983186,pryorgr01,Greg Pryor,584.3333333333334,0.8175923121065167,washicl01,Claudell Washington,97.0,0.21521871844303697,311.0,19.93195876288659,0.6722194664266848,0.0,Chicago White Sox,70,90,587.0,722.0
1980,OAK,AL,SS,guerrma01,Mario Guerrero,414.0,-21.622984026439003,-0.8152384341213439,picciro01,Rob Picciolo,360.0,-0.3158273324647475,kluttmi01,Mickey Klutts,212.0,-3.188387955567795,414.0,15.396603773584914,0.4994111016565964,0.0,Oakland Athletics,83,79,686.0,642.0
1980,ML4,AL,C,moorech02,Charlie Moore,356.0,-3.1089910951987516,0.29171350763391857,martibu01,Buck Martinez,622.0,0.42363297967933766,moneydo01,Don Money,336.0,11.42859267419443,356.0,15.217857142857136,0.1319194720454191,0.0,Milwaukee Brewers,86,76,811.0,682.0
1980,SEA,AL,C,coxla01,Larry Cox,271.0,-16.87676007527769,0.42636412222454106,hillma01,Marc Hill,191.0,1.0807919304627578,waltore01,Reggie Walton,88.0,-0.8153685853300285,271.0,14.365795454545445,0.6544278082382167,0.0,Seattle Mariners,59,103,610.0,793.0
1980,BOS,AL,OF,evansdw01,Dwight Evans,542.0,19.29647984944459,-0.24051090347539913,lynnfr01,Fred Lynn,948.6666666666666,1.1862697584288777,allenga01,Gary Allenson,85.0,5.027768980078947,542.0,12.762941176470575,1.4267806619042769,0.0,Boston Red Sox,83,77,757.0,767.0
1980,DET,AL,OF,cowenal01,Al Cowens,452.0,-3.5893931882860413,-0.23799918161791817,gibsoki01,Kirk Gibson,383.3333333333333,1.037193301602978,corcoti01,Tim Corcoran,177.0,3.2548836408702893,452.0,11.90129943502825,1.275192483220896,0.0,Detroit Tigers,84,78,830.0,757.0
1980,CAL,AL,OF,milleri01,Rick Miller,470.0,-3.968218580739915,0.959557193558863,clarkbo04,Bobby Clark,607.3333333333334,1.1651076110970942,downibr01,Brian Downing,108.0,1.5170476452767843,470.0,10.57018518518518,0.2055504175382311,0.0,California Angels,65,95,698.0,797.0
1980,SLN,NL,SS,templga01,Garry Templeton,524.0,9.410600199886538,0.9582646198733925,phillmi01,Mike Phillips,249.0,1.3563630302515843,iorgda01,Dane Iorg,275.0,7.944666135436656,524.0,5.727600000000037,0.3980984103781918,0.0,St. Louis Cardinals,74,88,738.0,710.0
1980,TOR,AL,2B,garcida01,Damaso Garcia,565.0,-15.444241485357587,0.4458114007906306,iorgga01,Garth Iorg,236.66666666666666,1.6694691989390533,whitter01,Ernie Whitt,325.0,-11.223236252639312,565.0,-4.066923076923065,1.2236577981484227,4.066923076923065,Toronto Blue Jays,67,95,624.0,762.0
1980,KCA,AL,C,porteda02,Darrell Porter,495.0,-1.417698292481404,-0.39257120289928044,wathajo01,John Wathan,651.0,0.028434768305218034,quirkja01,Jamie Quirk,177.0,-2.2551163591297123,495.0,-4.888983050847451,0.42100597120449845,4.888983050847451,Kansas City Royals,97,65,809.0,694.0
1980,CIN,NL,OF,fostege01,George Foster,608.0,27.68573458307448,0.5427240299224263,geronce01,Cesar Geronimo,358.0,1.4262788678396021,nolanjo01,Joe Nolan,176.0,4.692186326679452,608.0,-11.476363636363647,0.8835548379171758,11.476363636363647,Cincinnati Reds,89,73,707.0,670.0
1981,SFN,NL,1B,cabelen01,Enos Cabell,413.0,-15.570337053434796,-0.5050454791201568,bergmda01,Dave Bergman,225.0,0.29687165829852613,leonaje01,Jeffrey Leonard,141.0,9.609884928488356,413.0,43.71843971631204,0.801917137418683,0.0,San Francisco Giants,56,55,427.0,414.0
1981,KCA,AL,C,wathajo01,John Wathan,330.0,-8.94491251516696,-0.4080622815172599,groteje01,Jerry Grote,171.0,0.2852540665361085,hurdlcl01,Clint Hurdle,89.0,8.364493291364056,330.0,39.95932584269661,0.6933163480533684,0.0,Kansas City Royals,50,53,397.0,405.0
1981,LAN,NL,C,sciosmi01,Mike Scioscia,335.0,1.4697266031461025,-0.42412964994348545,yeagest01,Steve Yeager,230.33333333333334,0.3410756789369891,mondari01,Rick Monday,156.0,16.449872686838187,335.0,33.85532051282051,0.7652053288804745,0.0,Los Angeles Dodgers,63,47,450.0,356.0
1981,TOR,AL,OF,mosebll01,Lloyd Moseby,412.0,-10.225042291662996,0.5506010448386472,barfije01,Jesse Barfield,220.66666666666666,1.3605241287308536,maybejo01,John Mayberry,344.0,13.83433362055321,412.0,26.79406976744184,0.8099230838922064,0.0,Toronto Blue Jays,37,69,329.0,466.0
1981,CLE,AL,SS,veryzto01,Tom Veryzer,239.0,-11.825012397348198,0.10443680213047721,dybzije01,Jerry Dybzinski,172.33333333333334,0.36363964299904955,diazbo01,Bo Diaz,199.0,11.7228557863084,239.0,25.904221105527633,0.25920284086857237,0.0,Cleveland Indians,52,51,431.0,442.0
1981,PHI,NL,C,boonebo01,Bob Boone,253.0,-9.440206475832941,-0.07130156647727451,morelke01,Keith Moreland,365.0,0.021410905327682556,smithlo01,Lonnie Smith,202.0,12.889835145777658,253.0,25.584405940594067,0.09271247180495706,0.0,Philadelphia Phillies,59,48,491.0,472.0
1981,NYN,NL,OF,mazzile01,Lee Mazzilli,376.0,1.739693142635636,-0.18493414978228923,wilsomo01,Mookie Wilson,672.0,1.122918342132234,youngjo02,Joel Youngblood,161.0,11.329868606288125,376.0,24.72012422360247,1.3078524919145231,0.0,New York Mets,41,62,348.0,432.0
1981,MIN,AL,2B,wilforo01,Rob Wilfong,339.0,-6.5646828564897035,0.09962412193693111,mackape01,Pete Mackanin,215.66666666666666,0.7307364931008884,smallro02,Roy Smalley,200.0,9.020659081716984,339.0,21.85469999999999,0.6311123711639572,0.0,Minnesota Twins,41,68,378.0,486.0
1981,OAK,AL,C,heathmi02,Mike Heath,321.0,-10.585142173844241,0.3706345312843478,newmaje01,Jeff Newman,312.0,0.8056335698602118,johnscl01,Cliff Johnson,310.0,10.50902157666133,321.0,21.46706451612904,0.434999038575864,0.0,Oakland Athletics,64,45,458.0,403.0
1981,PIT,NL,2B,garneph01,Phil Garner,207.0,-2.7701689347724106,-0.47906116214841893,rayjo01,Johnny Ray,237.0,0.4000375466980979,madlobi01,Bill Madlock,320.0,25.389738844796266,207.0,19.194156249999995,0.8790987088465168,0.0,Pittsburgh Pirates,46,56,407.0,425.0
1981,DET,AL,1B,hebneri01,Richie Hebner,258.0,-3.006749784585082,0.30713856873232637,jacksro02,Ron Jackson,205.0,1.735514021147415,gibsoki01,Kirk Gibson,313.0,16.852431462887093,258.0,16.89789137380192,1.4283754524150885,0.0,Detroit Tigers,60,49,427.0,404.0
1981,CAL,AL,C,otted01,Ed Ott,282.0,-13.899470694779046,-0.17745172594215988,downibr01,Brian Downing,291.3333333333333,0.4429388735573263,clarkbo04,Bobby Clark,95.0,0.9013130638155693,282.0,16.574947368421054,0.6203905994994862,0.0,California Angels,51,59,476.0,453.0
1981,NYA,AL,C,ceronri01,Rick Cerone,254.0,-7.727962966219425,0.18354139159489483,footeba01,Barry Foote,284.0,0.4608497835270109,gamblos01,Oscar Gamble,227.0,7.511348057748788,254.0,16.132731277533047,0.2773083919321161,0.0,New York Yankees,59,48,421.0,343.0
1981,ML4,AL,3B,moneydo01,Don Money,211.0,-7.283504668788577,0.11397903803333898,howelro02,Roy Howell,434.0,0.1265789089917099,moorech02,Charlie Moore,171.0,2.2943635148680204,211.0,10.114561403508766,0.012599870958370923,0.0,Milwaukee Brewers,62,47,493.0,459.0
1981,CHN,NL,2B,tablepa01,Pat Tabler,117.0,-5.200095484871362,0.10876746852868419,straijo01,Joe Strain,154.33333333333334,1.1907113634145567,hendest01,Steve Henderson,337.0,11.989724970926089,117.0,9.362700296735909,1.0819438948858726,0.0,Chicago Cubs,38,65,370.0,483.0
1981,SEA,AL,SS,anderji01,Jim Anderson,181.0,-8.567603531046123,-0.41345099756890735,auerbri01,Rick Auerbach,254.66666666666666,0.6741158188735799,grayga01,Gary Gray,214.0,0.8499052174371715,181.0,9.286448598130834,1.0875668164424872,0.0,Seattle Mariners,44,65,426.0,521.0
1981,CIN,NL,C,nolanjo01,Joe Nolan,264.0,8.33978454695694,-0.1300454224637897,oberrmi01,Mike O'Berry,343.6666666666667,0.7004880595899653,benchjo01,Johnny Bench,196.0,9.829840042437718,264.0,4.9004081632652925,0.830533482053755,0.0,Cincinnati Reds,66,42,464.0,440.0
1981,SLN,NL,OF,hendrge01,George Hendrick,441.0,21.47964009548486,0.13674924745035136,scottto01,Tony Scott,374.3333333333333,1.4949888622618788,tenacge01,Gene Tenace,174.0,10.029857996857977,441.0,3.9408620689655294,1.3582396148115274,0.0,St. Louis Cardinals,59,43,464.0,417.0
1981,HOU,NL,2B,pittmjo01,Joe Pittman,149.0,-1.0801216003917349,-0.6120356611304957,garneph01,Phil Garner,262.0,0.24514554341809114,scottto01,Tony Scott,243.0,3.749801685267174,149.0,3.379382716049385,0.8571812045485868,0.0,Houston Astros,61,49,394.0,331.0
1981,BOS,AL,OF,riceji01,Jim Rice,495.0,12.142631227249552,-0.06882236981318124,evansdw01,Dwight Evans,978.3333333333334,0.3924203430498602,gedmari01,Rich Gedman,219.0,3.3489216944801012,495.0,-4.573150684931515,0.4612427128630414,4.573150684931515,Boston Red Sox,59,49,519.0,481.0
1981,CHA,AL,OF,lemonch01,Chet Lemon,383.0,20.638662141488037,0.4547240145041026,kuntzru01,Rusty Kuntz,187.66666666666666,0.855078407903665,baineha01,Harold Baines,296.0,9.019775440941146,383.0,-8.967804054054055,0.40035439339956236,8.967804054054055,Chicago White Sox,54,52,476.0,423.0
1982,DET,AL,1B,cabelen01,Enos Cabell,484.0,-20.575396383866487,0.057898471224666306,leachri01,Rick Leach,399.6666666666667,0.79342706311271,wockejo01,John Wockenfuss,224.0,10.27146944217749,484.0,42.76910714285714,0.7355285918880438,0.0,Detroit Tigers,83,79,729.0,685.0
1982,SFN,NL,SS,lemasjo01,Johnnie LeMaster,474.0,-24.491434471588605,-0.1609325265847267,sulargu01,Guy Sularz,188.66666666666666,0.6958964579940862,bergmda01,Dave Bergman,140.0,4.959238763665816,474.0,41.28200000000001,0.8568289845788128,0.0,San Francisco Giants,87,75,673.0,687.0
1982,KCA,AL,OF,martije01,Jerry Martin,565.0,-3.664150737364797,-0.1058122166170462,geronce01,Cesar Geronimo,274.0,1.6668585012637218,mayle01,Lee May,107.0,6.158559063897286,565.0,36.183644859813086,1.772670717880768,0.0,Kansas City Royals,90,72,784.0,717.0
1982,OAK,AL,1B,meyerda01,Dan Meyer,409.0,-14.748031241738406,-0.24656870188803143,spencji01,Jim Spencer,233.33333333333334,0.1351193207667182,burroje01,Jeff Burroughs,334.0,15.099333900389656,409.0,33.237934131736516,0.38168802265474966,0.0,Oakland Athletics,68,94,691.0,819.0
1982,LAN,NL,C,sciosmi01,Mike Scioscia,419.0,-10.799706843028748,-0.09656342876103169,yeagest01,Steve Yeager,523.3333333333334,1.1042388582394205,mondari01,Rick Monday,254.0,13.495476042650829,419.0,33.061929133858264,1.2008022870004522,0.0,Los Angeles Dodgers,88,74,691.0,612.0
1982,BAL,AL,3B,ripkeca01,Cal Ripken,655.0,10.005011092081533,0.6686365307937596,gulligl01,Glenn Gulliver,357.6666666666667,0.687268878481648,dwyerji01,Jim Dwyer,178.0,10.97545339601604,655.0,30.382191011235914,0.01863234768788835,0.0,Baltimore Orioles,94,68,774.0,687.0
1982,CLE,AL,OF,manniri01,Rick Manning,619.0,-8.176653639696994,0.01935504704741023,bannial01,Alan Bannister,401.0,0.5321375449993584,mcbriba01,Bake McBride,88.0,2.926291566569728,619.0,28.76045454545451,0.5127824979519482,0.0,Cleveland Indians,78,84,683.0,748.0
1982,CIN,NL,2B,oestero01,Ron Oester,595.0,-8.93323525442032,-0.23977805859736695,lawleto01,Tom Lawless,369.0,-0.010008611291495929,biittla01,Larry Biittner,208.0,6.864011877446355,595.0,28.568269230769268,0.229769447305871,0.0,Cincinnati Reds,61,101,545.0,661.0
1982,NYN,NL,SS,gardero01,Ron Gardenhire,424.0,-15.98259117289782,0.08854727670515067,bailobo01,Bob Bailor,296.6666666666667,1.076188641693291,backmwa01,Wally Backman,312.0,8.096017816169523,424.0,26.984871794871786,0.9876413649881404,0.0,New York Mets,65,97,609.0,723.0
1982,SLN,NL,OF,smithlo01,Lonnie Smith,672.0,31.84834606559588,-0.1347806877763763,landrti01,Tito Landrum,184.0,1.1379149837327276,tenacge01,Gene Tenace,165.0,13.914817114320424,672.0,24.82290909090912,1.272695671509104,0.0,St. Louis Cardinals,92,70,685.0,609.0
1982,NYA,AL,C,ceronri01,Rick Cerone,329.0,-16.952841756801796,-0.7379562030009748,wynegbu01,Butch Wynegar,539.0,0.420760083832102,pinielo01,Lou Piniella,283.0,5.8511421970367525,329.0,23.75505300353357,1.1587162868330767,0.0,New York Yankees,79,83,709.0,716.0
1982,ML4,AL,OF,oglivbe01,Ben Oglivie,677.0,8.23658398372394,-0.14617503701134751,thomago01,Gorman Thomas,1382.6666666666667,0.8628683132488695,moneydo01,Don Money,313.0,14.334196140185519,677.0,22.767412140575086,1.009043350260217,0.0,Milwaukee Brewers,95,67,891.0,717.0
1982,SDN,NL,3B,salazlu01,Luis Salazar,559.0,-14.76046807936293,0.3147238841515875,lefebjo01,Joe Lefebvre,306.6666666666667,1.113225720082164,gwynnto01,Tony Gwynn,209.0,2.4714350114725248,559.0,21.3706698564593,0.7985018359305766,0.0,San Diego Padres,81,81,675.0,658.0
1982,MIN,AL,3B,gaettga01,Gary Gaetti,565.0,-5.34415073736479,-0.0028157254409991728,castijo01,John Castino,171.0,1.602296449692755,eisenji01,Jim Eisenreich,111.0,3.024299589650457,565.0,20.738108108108104,1.6051121751337543,0.0,Minnesota Twins,60,102,657.0,819.0
1982,BOS,AL,1B,staplda01,Dave Stapleton,581.0,-7.80118863435212,-0.002811825248632572,boggswa01,Wade Boggs,422.6666666666667,0.5335658331661529,nichore01,Reid Nichols,265.0,5.275309831147489,581.0,19.367056603773598,0.5363776584147855,0.0,Boston Red Sox,89,73,753.0,713.0
1982,MON,NL,2B,flynndo01,Doug Flynn,202.0,-11.310526926710759,0.10916820583268083,gatesmi01,Mike Gates,263.0,0.48789903518258326,francte01,Terry Francona,144.0,-0.11106870022945253,202.0,11.154722222222222,0.37873082934990243,0.0,Montreal Expos,86,76,697.0,616.0
1982,SEA,AL,1B,malerji01,Jim Maler,239.0,-9.48200358624812,-0.027380206095686553,bochtbr01,Bruce Bochte,268.3333333333333,1.0080622808147572,edlerda01,Dave Edler,117.0,0.642910378280207,239.0,10.79529914529914,1.0354424869104437,0.0,Seattle Mariners,76,86,651.0,712.0
1982,PIT,NL,C,penato01,Tony Peña,523.0,6.962299095694428,0.4527143993685964,nicosst01,Steve Nicosia,268.3333333333333,0.5332216897107253,morriji01,Jim Morrison,96.0,3.1626208665136963,523.0,10.267395833333314,0.08050729034212883,0.0,Pittsburgh Pirates,84,78,724.0,696.0
1982,TEX,AL,SS,wagnema01,Mark Wagner,196.0,-11.08871423809469,-0.28839746983292325,dentbu01,Bucky Dent,387.0,0.5861420689549068,mazzile01,Lee Mazzilli,224.0,-2.3785305578225,196.0,9.007500000000002,0.8745395387878301,0.0,Texas Rangers,64,98,590.0,749.0
1982,TOR,AL,2B,garcida01,Damaso Garcia,629.0,3.227697674685894,0.12477870117409665,iorgga01,Garth Iorg,224.66666666666666,0.6002012942220353,whitter01,Ernie Whitt,316.0,2.583501534500394,629.0,1.9147784810126764,0.47542259304793866,0.0,Toronto Blue Jays,78,84,651.0,701.0
1982,CHN,NL,2B,willsbu01,Bump Wills,477.0,9.570834930489942,-0.8165448596621728,sandbry01,Ryne Sandberg,205.0,2.09069050686009,johnsja01,Jay Johnstone,313.0,6.533440950195712,477.0,0.3858785942492102,2.9072353665222628,0.0,Chicago Cubs,73,89,676.0,709.0
1982,HOU,NL,C,ashbyal01,Alan Ashby,372.0,3.3114058577405823,-0.8783319198621058,kniceal01,Alan Knicely,163.0,-0.23894337903092258,heepda01,Danny Heep,222.0,-1.0920642461870727,372.0,-5.141351351351353,0.6393885408311832,5.141351351351353,Houston Astros,77,85,569.0,620.0
1982,ATL,NL,1B,chambch01,Chris Chambliss,597.0,15.241611013632085,0.3206292972463344,watsobo01,Bob Watson,188.66666666666666,1.4331163564449434,roystje01,Jerry Royster,293.0,4.884978269672022,597.0,-5.288259385665542,1.112487059198609,5.288259385665542,Atlanta Braves,89,73,739.0,702.0
1982,CAL,AL,2B,grichbo01,Bobby Grich,605.0,18.883254520166886,0.9622217717595007,wilforo01,Rob Wilfong,159.66666666666666,0.9693421484778362,jacksro02,Ron Jackson,159.0,3.463185898688492,605.0,-5.705723270440236,0.0071203767183354305,5.705723270440236,California Angels,93,69,814.0,670.0
1982,CHA,AL,OF,baineha01,Harold Baines,668.0,11.908667800779348,-0.568970661541803,lawru01,Rudy Law,681.3333333333334,0.14549264168213216,hairsje01,Jerry Hairston,103.0,0.3928185381441158,668.0,-9.361067961165082,0.7144633032239351,9.361067961165082,Chicago White Sox,87,75,786.0,710.0
1982,PHI,NL,OF,matthga01,Gary Matthews,690.0,21.721962478067216,-0.8351744202618325,maddoga01,Garry Maddox,904.0,1.0048161669238407,grossgr01,Greg Gross,155.0,2.0105857740585775,690.0,-12.771612903225805,1.8399905871856732,12.771612903225805,Philadelphia Phillies,89,73,664.0,654.0
1983,PHI,NL,1B,rosepe01,Pete Rose,555.0,-16.004803929528286,-0.706125584359646,matusle01,Len Matuszek,155.33333333333334,2.0112474560254388,lefebjo01,Joe Lefebvre,295.0,21.39393304646694,555.0,56.254406779661004,2.717373040385085,0.0,Philadelphia Phillies,90,72,696.0,635.0
1983,BAL,AL,2B,dauerri01,Rich Dauer,520.0,-17.505050756736807,-0.06120528620264071,sakatle01,Lenn Sakata,364.6666666666667,0.020419327355137074,dwyerji01,Jim Dwyer,229.0,11.586275724437062,520.0,43.81449781659389,0.08162461355777778,0.0,Baltimore Orioles,98,64,799.0,652.0
1983,KCA,AL,SS,washiul01,U. L. Washington,604.0,-16.399866648209667,-0.5500050335111069,conceon01,Onix Concepcion,170.0,-0.009672062435738774,davisbu02,Butch Davis,130.0,5.103737310815802,604.0,40.112615384615395,0.540332971075368,0.0,Kansas City Royals,79,83,696.0,767.0
1983,NYN,NL,SS,oquenjo01,Jose Oquendo,353.0,-25.15678520202431,-0.04260675757131893,bailobo01,Bob Bailor,438.0,0.31556263802514867,staubru01,Rusty Staub,132.0,4.736641227571647,353.0,37.823712121212125,0.3581693955964676,0.0,New York Mets,68,94,575.0,680.0
1983,CIN,NL,SS,conceda01,Dave Concepcion,593.0,-20.675619333712206,0.2369065525168655,foleyto02,Tom Foley,213.66666666666666,0.910323385663932,esaskni01,Nick Esasky,335.0,8.254127357852296,593.0,35.28665671641791,0.6734168331470665,0.0,Cincinnati Reds,74,88,623.0,710.0
1983,CAL,AL,C,boonebo01,Bob Boone,509.0,-16.00644391380584,0.38192994695382415,oberrmi01,Mike O'Berry,173.66666666666666,0.8784228897579424,pettiga01,Gary Pettis,93.0,3.473596691583611,509.0,35.0178494623656,0.4964929428041182,0.0,California Angels,70,92,722.0,779.0
1983,CHA,AL,SS,dybzije01,Jerry Dybzinski,290.0,-13.587816768180133,-0.021736260104497834,fletcsc01,Scott Fletcher,674.6666666666666,0.48033161742583563,hairsje01,Jerry Hairston,151.0,8.350033337947583,290.0,29.62430463576158,0.5020678775303334,0.0,Chicago White Sox,99,63,800.0,650.0
1983,TEX,AL,C,sundbji01,Jim Sundberg,423.0,-28.68460859634552,0.39654765072204984,johnsbo04,Bob Johnson,399.0,0.4057004339138482,steinbi02,Bill Stein,242.0,-0.45935054448136237,423.0,27.881694214876035,0.009152783191798353,0.0,Texas Rangers,77,85,639.0,609.0
1983,DET,AL,3B,brookto01,Tom Brookens,374.0,-14.832632659653001,-0.9806682779401481,castima02,Marty Castillo,317.0,0.7618148258924131,grubbjo01,Johnny Grubb,165.0,5.160897356035439,374.0,26.530666666666658,1.7424831038325612,0.0,Detroit Tigers,92,70,789.0,679.0
1983,SEA,AL,SS,owensp01,Spike Owen,340.0,-22.58330241786637,0.2502777498175826,cruzto02,Todd Cruz,541.6666666666666,0.705254080847518,roeniro01,Ron Roenicke,237.0,2.688198020487266,340.0,26.43978902953587,0.45497633102993534,0.0,Seattle Mariners,60,102,558.0,740.0
1983,SFN,NL,3B,omallto01,Tom O'Malley,473.0,-0.7962022678682454,-0.26653678491744937,evansda01,Darrell Evans,199.33333333333334,0.21016326188420553,bergmda01,Dave Bergman,167.0,8.739311250033824,473.0,25.548862275449075,0.4767000468016549,0.0,San Francisco Giants,79,83,687.0,697.0
1983,MON,NL,2B,flynndo01,Doug Flynn,477.0,-23.774182836729732,0.22531080751036314,littlbr01,Bryan Little,324.0,0.6835026668487457,trillma01,Manny Trillo,136.0,0.4786606587101836,477.0,25.45301470588236,0.4581918593383826,0.0,Montreal Expos,82,80,677.0,646.0
1983,MIN,AL,SS,washiro01,Ron Washington,344.0,-12.397341269841261,-0.29711900429474897,jimenho01,Houston Jimenez,243.33333333333334,0.20074823058381644,teufeti01,Tim Teufel,82.0,2.912203534514581,344.0,24.61439024390243,0.49786723487856543,0.0,Minnesota Twins,70,92,709.0,822.0
1983,HOU,NL,C,ashbyal01,Alan Ashby,311.0,-0.917989228978914,-0.35303648759181394,bjorkge01,George Bjorkman,225.33333333333334,-0.12896732318924167,mumphje01,Jerry Mumphrey,167.0,11.91931125003383,311.0,23.11502994011976,0.22406916440257227,0.0,Houston Astros,85,77,643.0,646.0
1983,CHN,NL,1B,bucknbi01,Bill Buckner,665.0,7.590730426781426,-0.20362723641542,martica01,Carmelo Martinez,184.33333333333334,-0.10469983079771424,bosleth01,Thad Bosley,83.0,3.5669031961245987,665.0,20.987469879518073,0.09892740561770576,0.0,Chicago Cubs,71,91,701.0,719.0
1983,OAK,AL,SS,phillto02,Tony Phillips,476.0,-8.990623385012906,-0.9980408760560622,hilldo01,Donnie Hill,407.6666666666667,0.1603587568675795,lansfca01,Carney Lansford,328.0,8.208814138058326,476.0,20.90341463414633,1.1583996329236417,0.0,Oakland Athletics,74,88,708.0,782.0
1983,SDN,NL,SS,templga01,Garry Templeton,490.0,-12.122619685529486,-0.2524445088103432,ramirma01,Mario Ramirez,292.0,-0.0292716375669283,brownbo04,Bobby Brown,250.0,3.2762144461584315,490.0,18.54400000000001,0.2231728712434149,0.0,San Diego Padres,81,81,653.0,653.0
1983,PIT,NL,OF,parkeda01,Dave Parker,586.0,0.915846661795348,-0.46544912893458706,lacyle01,Lee Lacy,608.3333333333334,1.0718840446951199,morriji01,Jim Morrison,174.0,4.897845254526264,586.0,15.579195402298852,1.537333173629707,0.0,Pittsburgh Pirates,84,78,659.0,648.0
1983,BOS,AL,C,allenga01,Gary Allenson,269.0,-7.604112795311929,-0.1369163730973537,newmaje01,Jeff Newman,308.0,0.6294006076900601,nichore01,Reid Nichols,307.0,5.502518110926541,269.0,12.425537459283394,0.7663169807874138,0.0,Boston Red Sox,78,84,724.0,775.0
1983,SLN,NL,3B,oberkke01,Ken Oberkfell,557.0,12.866205786040979,0.5294361490831898,vanslan01,Andy Van Slyke,230.0,1.0327797954353661,braunst01,Steve Braun,114.0,5.047553787448244,557.0,11.795964912280706,0.5033436463521763,0.0,St. Louis Cardinals,79,83,679.0,710.0
1983,NYA,AL,1B,griffke01,Ken Griffey,499.0,10.838653216131386,0.03063763352457971,mattido01,Don Mattingly,290.6666666666667,0.9769677260334239,gamblos01,Oscar Gamble,208.0,6.119979697305279,499.0,3.8434134615384896,0.9463300925088441,0.0,New York Yankees,91,71,770.0,703.0
1983,ML4,AL,OF,moorech02,Charlie Moore,605.0,1.5966236387966166,-0.5503667326991599,manniri01,Rick Manning,929.0,1.2486572909308957,howelro02,Roy Howell,211.0,1.7094505583241077,605.0,3.304881516587674,1.7990240236300556,0.0,Milwaukee Brewers,87,75,764.0,708.0
1983,LAN,NL,1B,brockgr01,Greg Brock,543.0,9.749137777056099,-0.4485412649064766,marshmi02,Mike Marshall,232.66666666666666,-0.04661500331629438,mondari01,Rick Monday,208.0,4.185010419203808,543.0,1.1761538461538428,0.40192626159018224,0.0,Los Angeles Dodgers,91,71,654.0,609.0
1983,CLE,AL,OF,thomago01,Gorman Thomas,437.0,1.006255421742324,0.8505251302109327,dilonmi01,Miguel Dilone,154.0,1.0170040061497396,bandoch01,Chris Bando,138.0,-0.5943403931339977,437.0,-2.8883333333333168,0.16647887593880695,2.8883333333333168,Cleveland Indians,70,92,704.0,785.0
1983,ATL,NL,3B,hornebo01,Bob Horner,439.0,29.566632567454203,-0.23241200633620704,johnsra04,Randy Johnson,294.3333333333333,1.6304170548115349,watsobo01,Bob Watson,170.0,8.615825823387732,439.0,-7.317529411764709,1.8628290611477418,7.317529411764709,Atlanta Braves,88,74,746.0,640.0
1983,TOR,AL,3B,mullira01,Rance Mulliniks,427.0,15.271352551679595,-0.39989701426358637,iorgga01,Garth Iorg,519.3333333333334,0.2452938163658664,martibu01,Buck Martinez,253.0,4.462042612587674,427.0,-7.740553359683798,0.6451908306294527,7.740553359683798,Toronto Blue Jays,89,73,795.0,726.0
1984,SFN,NL,SS,lemasjo01,Johnnie LeMaster,493.0,-22.38004898501953,0.3558712765043581,wellmbr01,Brad Wellman,234.33333333333334,0.8252798414413339,clarkja01,Jack Clark,249.0,23.2708677540165,493.0,68.45449799196787,0.4694085649369758,0.0,San Francisco Giants,66,96,682.0,807.0
1984,CAL,AL,C,boonebo01,Bob Boone,486.0,-36.67215932382948,0.3942831499082135,narroje01,Jerry Narron,276.6666666666667,0.5736160956461681,brownmi02,Mike Brown,163.0,5.664193477810275,486.0,53.56049079754601,0.1793329457379546,0.0,California Angels,81,81,696.0,697.0
1984,TEX,AL,SS,wilkecu01,Curt Wilkerson,522.0,-29.765282236705737,-1.0981841953717653,kunkeje01,Jeff Kunkel,366.6666666666667,-0.9788996382831143,bannial01,Alan Bannister,135.0,5.133289076714035,522.0,49.614,0.11928455708865093,0.0,Texas Rangers,69,92,656.0,714.0
1984,CLE,AL,2B,bernato01,Tony Bernazard,497.0,-23.11144688054167,-0.4762702167818511,fischmi01,Mike Fischlin,325.6666666666667,0.7368207695183724,bandoch01,Chris Bando,260.0,12.884112295893697,497.0,47.739923076923084,1.2130909863002235,0.0,Cleveland Indians,75,87,761.0,766.0
1984,PHI,NL,SS,dejesiv01,Ivan de Jesus,484.0,-7.1452610725141055,-0.8820581786718793,jeltzst01,Steve Jeltz,202.66666666666666,2.0401287611031624,corcoti01,Tim Corcoran,248.0,20.152510855405996,484.0,46.47516129032258,2.9221869397750417,0.0,Philadelphia Phillies,81,81,720.0,690.0
1984,CIN,NL,OF,parkeda01,Dave Parker,655.0,7.35376858988277,-0.2763740322907422,milneed01,Eddie Milner,772.6666666666666,1.6139058644645081,walkedu01,Duane Walker,231.0,17.26044357902735,655.0,41.58818181818179,1.8902798967552503,0.0,Cincinnati Reds,70,92,627.0,747.0
1984,MON,NL,2B,flynndo01,Doug Flynn,382.0,-19.747664730785928,-0.5125753106580746,littlbr01,Bryan Little,589.0,-0.2579140357972244,francte01,Terry Francona,223.0,9.453588390143285,382.0,35.94170403587442,0.2546612748608502,0.0,Montreal Expos,78,83,593.0,585.0
1984,PIT,NL,OF,wynnema01,Marvell Wynne,702.0,-13.803457175423365,0.6413378917728143,lacyle01,Lee Lacy,1069.6666666666667,0.713577478251302,morriji01,Jim Morrison,331.0,8.436133440078157,702.0,31.695196374622356,0.07223958647848772,0.0,Pittsburgh Pirates,75,87,615.0,567.0
1984,CHN,NL,OF,dernibo01,Bob Dernier,612.0,9.874421949630927,0.9098654708131659,cottohe01,Henry Cotto,338.3333333333333,1.3521920305962567,hebneri01,Richie Hebner,91.0,5.330477773556232,612.0,25.97450549450549,0.44232655978309077,0.0,Chicago Cubs,96,65,762.0,658.0
1984,ML4,AL,1B,coopece01,Cecil Cooper,635.0,-7.553418046567346,0.19198175762438677,simmote01,Ted Simmons,336.3333333333333,0.5925988409914535,lomando01,Doug Loman,93.0,2.606932475069666,635.0,25.353440860215066,0.4006170833670668,0.0,Milwaukee Brewers,67,94,641.0,734.0
1984,SDN,NL,C,kennete02,Terry Kennedy,570.0,-12.446567792010425,-0.3516083015699188,bochybr01,Bruce Bochy,229.33333333333334,0.1333113928128163,flannti01,Tim Flannery,146.0,2.960107197134176,570.0,24.003150684931523,0.4849196943827351,0.0,San Diego Padres,92,70,686.0,634.0
1984,SLN,NL,2B,herrto01,Tom Herr,622.0,-0.922009064264008,0.6346723020365934,lyonsbi01,Bill Lyons,151.66666666666666,1.462566639449113,pendlte01,Terry Pendleton,283.0,10.265002306773777,622.0,23.483250883392238,0.8278943374125196,0.0,St. Louis Cardinals,84,78,652.0,645.0
1984,TOR,AL,SS,griffal01,Alfredo Griffin,441.0,-27.123255682734158,-0.5016900765643121,fernato01,Tony Fernandez,504.0,1.1859698907052447,leachri01,Rick Leach,97.0,-0.8400811819165832,441.0,23.303917525773194,1.687659967269557,0.0,Toronto Blue Jays,89,73,750.0,696.0
1984,CHA,AL,SS,fletcsc01,Scott Fletcher,521.0,-11.14352882245916,0.7398023761047348,dybzije01,Jerry Dybzinski,396.3333333333333,0.8911491623939556,hairsje01,Jerry Hairston,271.0,6.3248247391815005,521.0,23.303062730627286,0.15134678628922082,0.0,Chicago White Sox,74,88,679.0,736.0
1984,ATL,NL,C,benedbr01,Bruce Benedict,340.0,-9.548654472427263,0.15360893165320577,trevial01,Alex Trevino,617.0,0.44284602766322956,thompmi02,Milt Thompson,111.0,4.46761574576639,340.0,23.233243243243233,0.2892370960100238,0.0,Atlanta Braves,80,82,632.0,655.0
1984,OAK,AL,C,heathmi02,Mike Heath,508.0,-9.350734437253859,0.02858497559759036,tettlmi01,Mickey Tettleton,202.0,0.8105184911743288,lopesda01,Davey Lopes,267.0,7.20183839616775,508.0,23.0531086142322,0.7819335155767385,0.0,Oakland Athletics,77,85,738.0,796.0
1984,MIN,AL,SS,jimenho01,Houston Jimenez,317.0,-26.445832316160374,-0.43878222900314284,washiro01,Ron Washington,362.6666666666667,-0.02247486675057586,brownda01,Darrell Brown,279.0,-6.5592025747910006,317.0,18.993261648745506,0.416307362252567,0.0,Minnesota Twins,81,81,673.0,675.0
1984,DET,AL,3B,johnsho01,Howard Johnson,402.0,-0.8648725271182292,-0.7700708949085887,brookto01,Tom Brookens,297.0,0.815845682414401,grubbjo01,Johnny Grubb,216.0,9.031262522742452,402.0,17.67305555555557,1.5859165773229897,0.0,Detroit Tigers,104,58,829.0,643.0
1984,NYA,AL,SS,meachbo01,Bob Meacham,418.0,-9.672927155063224,-0.7334576733805892,foliti01,Tim Foli,181.33333333333334,-0.2767698454026252,pinielo01,Lou Piniella,93.0,1.226932475069667,418.0,15.187526881720439,0.456687827977964,0.0,New York Yankees,87,75,758.0,679.0
1984,BOS,AL,SS,gutieja01,Jackie Gutierrez,480.0,-20.141638838350104,-1.0100928658945059,hoffmgl01,Glenn Hoffman,233.66666666666666,-0.8367521190247685,milleri01,Rick Miller,141.0,-1.7872314087653463,480.0,14.057446808510628,0.17334074686973733,0.0,Boston Red Sox,86,76,810.0,764.0
1984,LAN,NL,OF,landrke01,Ken Landreaux,477.0,-6.043759362787658,-0.11391087201024486,guerrpe01,Pedro Guerrero,438.3333333333333,0.6614844981127098,brockgr01,Greg Brock,313.0,5.005709265089018,477.0,13.672268370607025,0.7753953701229547,0.0,Los Angeles Dodgers,79,83,580.0,600.0
1984,BAL,AL,2B,dauerri01,Rich Dauer,426.0,-14.696954469035731,-0.2592779299781062,sakatle01,Lenn Sakata,408.6666666666667,0.8398012231578011,dwyerji01,Jim Dwyer,195.0,-0.961915778079729,426.0,12.595538461538476,1.0990791531359074,0.0,Baltimore Orioles,85,77,681.0,667.0
1984,HOU,NL,1B,cabelen01,Enos Cabell,464.0,6.467600955275718,0.21858340358726436,knighra01,Ray Knight,196.0,1.4506221876004617,spilmha01,Harry Spilman,87.0,1.9770501791142001,464.0,4.076666666666682,1.2320387840131972,0.0,Houston Astros,80,82,693.0,630.0
1984,NYN,NL,3B,brookhu01,Hubie Brooks,613.0,12.172778848241418,-0.9779617040888811,knighra01,Ray Knight,229.0,-0.7341521842873315,chapmke01,Kelvin Chapman,223.0,3.9735883901432953,613.0,-1.249865470852001,0.24380951980154952,1.249865470852001,New York Mets,90,72,652.0,676.0
1984,KCA,AL,OF,motleda01,Darryl Motley,557.0,1.7033482646645783,0.11600396116731619,wilsowi02,Willie Wilson,1129.0,1.1061768903643607,jonesly01,Lynn Jones,109.0,-1.2711221528753387,557.0,-8.198899082568833,0.9901729291970446,8.198899082568833,Kansas City Royals,84,78,673.0,686.0
1984,SEA,AL,OF,cowenal01,Al Cowens,559.0,1.9298414361714524,-0.386793141909553,hendeda01,Dave Henderson,741.0,1.0263970691691966,preslji01,Jim Presley,259.0,-9.004134289859746,559.0,-21.36347490347492,1.4131902110787495,21.36347490347492,Seattle Mariners,74,88,682.0,774.0
1985,SLN,NL,OF,colemvi01,Vince Coleman,692.0,3.233583091879029,-0.06519462942707761,landrti01,Tito Landrum,378.0,0.736289212212393,cedence01,Cesar Cedeno,82.0,14.213430366378725,692.0,116.71390243902437,0.8014838416394706,0.0,St. Louis Cardinals,101,61,747.0,572.0
1985,LAN,NL,SS,duncama01,Mariano Duncan,620.0,-8.978697229819396,-0.6278956145352834,anderda02,Dave Anderson,188.66666666666666,0.4006152747458654,madlobi01,Bill Madlock,128.0,9.040720571908256,620.0,52.76968750000001,1.0285108892811488,0.0,Los Angeles Dodgers,95,67,682.0,579.0
1985,SFN,NL,2B,trillma01,Manny Trillo,505.0,-18.566922743643207,0.07398353322565868,woodami01,Mike Woodard,172.33333333333334,0.21757490579787547,roeniro01,Ron Roenicke,170.0,8.889550759565662,505.0,44.97411764705885,0.1435913725722168,0.0,San Francisco Giants,62,100,556.0,674.0
1985,TOR,AL,2B,garcida01,Damaso Garcia,627.0,-14.077111640658451,-0.1616304231013329,iorgga01,Garth Iorg,163.0,0.20927113500020145,fieldce01,Cecil Fielder,81.0,3.798937730632642,627.0,43.48370370370372,0.37090155810153436,0.0,Toronto Blue Jays,99,62,759.0,588.0
1985,CHN,NL,C,davisjo02,Jody Davis,536.0,-0.2563576051341705,0.12692847458055026,lakest01,Steve Lake,316.3333333333333,1.2334442002759631,lopesda01,Davey Lopes,325.0,23.092376452110823,536.0,38.34101538461541,1.1065157256954128,0.0,Chicago Cubs,77,84,686.0,729.0
1985,CAL,AL,C,boonebo01,Bob Boone,520.0,-18.110523210753414,0.6927016014559398,narroje01,Jerry Narron,238.0,0.7098482147489763,sconida01,Daryl Sconiers,116.0,3.2299602068319313,520.0,32.5896551724138,0.01714661329303646,0.0,California Angels,90,72,732.0,703.0
1985,PIT,NL,SS,khalisa01,Sam Khalifa,367.0,-6.858793360231793,0.16239939383229182,lemasjo01,Johnnie LeMaster,155.0,2.212852994383361,brownmi02,Mike Brown,233.0,15.367796041051747,367.0,31.064721030042918,2.050453600551069,0.0,Pittsburgh Pirates,57,104,568.0,708.0
1985,PHI,NL,OF,wilsogl01,Glenn Wilson,650.0,5.924752904221625,-0.17346485438500325,hayesvo01,Von Hayes,1277.6666666666667,0.7434469980885366,aguaylu01,Luis Aguayo,200.0,10.343000893606652,650.0,27.689999999999994,0.9169118524735399,0.0,Philadelphia Phillies,75,87,667.0,673.0
1985,ATL,NL,SS,ramirra01,Rafael Ramirez,595.0,-22.71657234152023,-0.19885139137496816,zuvelpa01,Paul Zuvella,233.0,0.09798252867447882,thompmi02,Milt Thompson,193.0,0.45319586233040865,595.0,24.113730569948174,0.296833920049447,0.0,Atlanta Braves,66,96,632.0,781.0
1985,KCA,AL,SS,conceon01,Onix Concepcion,349.0,-27.10494730875566,-0.2344390567415766,biancbu01,Buddy Biancalana,451.6666666666667,0.2220032751131964,ortajo01,Jorge Orta,330.0,-3.52321665297812,349.0,23.378878787878797,0.456442331854773,0.0,Kansas City Royals,91,71,687.0,639.0
1985,CHA,AL,SS,guilloz01,Ozzie Guillen,513.0,-16.766727705993247,0.3978855734440444,fletcsc01,Scott Fletcher,248.0,1.6331292184449635,nichore01,Reid Nichols,136.0,1.353401621802952,513.0,21.87183823529409,1.235243645000919,0.0,Chicago White Sox,85,77,736.0,720.0
1985,TEX,AL,SS,wilkecu01,Curt Wilkerson,395.0,-16.787032054322307,-0.6767943944112481,tollewa01,Wayne Tolleson,588.3333333333334,-0.2855269671107216,johnscl01,Cliff Johnson,334.0,4.037471630016075,395.0,21.561886227544907,0.3912674273005265,0.0,Texas Rangers,62,99,617.0,785.0
1985,ML4,AL,2B,gantnji01,Jim Gantner,573.0,-20.826403461080197,0.6580227034200685,romered01,Ed Romero,272.0,0.8678575543756093,housepa02,Paul Householder,329.0,-0.6683887237266672,573.0,19.66231003039515,0.20983485095554077,0.0,Milwaukee Brewers,71,90,690.0,802.0
1985,NYA,AL,OF,winfida01,Dave Winfield,689.0,13.41355674575173,0.05373173733580566,henderi01,Rickey Henderson,1218.3333333333333,1.1445301605283142,hassero01,Ron Hassey,298.0,13.611277083068241,689.0,18.05681208053692,1.0907984231925085,0.0,New York Yankees,97,64,839.0,660.0
1985,HOU,NL,3B,garneph01,Phil Garner,505.0,2.0630772563567885,-0.6247781265386206,wallide01,Denny Walling,403.0,0.07037659867272586,ashbyal01,Alan Ashby,216.0,8.45684096509518,505.0,17.708703703703705,0.6951547252113465,0.0,Houston Astros,83,79,706.0,691.0
1985,OAK,AL,2B,hilldo01,Donnie Hill,436.0,-8.224977153631695,-0.9282934213990688,gallemi01,Mike Gallego,204.33333333333334,-0.02159067724480146,cansejo01,Jose Canseco,100.0,2.097207074855116,436.0,17.368800000000004,0.9067027441542673,0.0,Oakland Athletics,77,85,757.0,787.0
1985,CIN,NL,3B,bellbu01,Buddy Bell,284.0,-1.3993387310785617,-0.49103643698048055,krencwa01,Wayne Krenchicki,369.0,0.5536651413294754,perezto01,Tony Perez,207.0,11.372805924882883,284.0,17.002608695652178,1.044701578309956,0.0,Cincinnati Reds,89,72,677.0,666.0
1985,NYN,NL,3B,johnsho01,Howard Johnson,428.0,-1.6947780876817617,-0.6481611577685721,knighra01,Ray Knight,592.0,-0.22032916597041152,heepda01,Danny Heep,305.0,6.710076362750138,428.0,11.110885245901628,0.42783199179816056,0.0,New York Mets,98,64,695.0,568.0
1985,CLE,AL,1B,tablepa01,Pat Tabler,438.0,-8.314633012134623,-1.7255296551141377,hargrmi01,Mike Hargrove,632.0,0.1707268926799732,castica01,Carmelo Castillo,198.0,1.0840700082131214,438.0,10.712727272727285,1.896256547794111,0.0,Cleveland Indians,60,102,729.0,861.0
1985,BAL,AL,2B,wiggial01,Alan Wiggins,335.0,-1.3473562992353783,-1.770411521436273,dauerri01,Rich Dauer,501.3333333333333,0.4483514952233329,grosswa01,Wayne Gross,264.0,6.245426677617504,335.0,9.272424242424256,2.2187630166596057,0.0,Baltimore Orioles,83,78,818.0,764.0
1985,MIN,AL,2B,teufeti01,Tim Teufel,496.0,0.9353470912813711,-0.6945160168867575,lombast01,Steve Lombardozzi,177.33333333333334,0.4593860982346686,engleda01,Dave Engle,195.0,2.54855379596747,496.0,5.547128205128193,1.1539021151214262,0.0,Minnesota Twins,77,85,705.0,782.0
1985,SDN,NL,OF,gwynnto01,Tony Gwynn,671.0,15.9841679980503,0.5357212333562037,mcreyke01,Kevin McReynolds,1317.3333333333333,1.51032907763804,roystje01,Jerry Royster,287.0,7.332006282325548,671.0,1.1579094076655285,0.9746078442818363,0.0,San Diego Padres,83,79,650.0,622.0
1985,SEA,AL,OF,bradlph01,Phil Bradley,714.0,29.68285851446555,-0.03225185462396407,hendeda01,Dave Henderson,1189.0,0.4148754183548692,caldeiv01,Ivan Calderon,233.0,9.055092484412413,714.0,-1.934635193133094,0.44712727297883326,1.934635193133094,Seattle Mariners,74,88,719.0,818.0
1985,BOS,AL,C,gedmari01,Rich Gedman,556.0,20.125671336194436,0.29700014058515095,sullima02,Marc Sullivan,207.33333333333334,0.4495174818681202,hoffmgl01,Glenn Hoffman,321.0,2.5202347102849094,556.0,-15.760404984423692,0.15251734128296923,15.760404984423692,Boston Red Sox,81,81,800.0,720.0
1985,DET,AL,1B,evansda01,Darrell Evans,594.0,24.192210024639376,-1.4233405258518963,bergmda01,Dave Bergman,307.0,0.161241112978774,grubbjo01,Johnny Grubb,184.0,1.171661017733408,594.0,-20.409782608695657,1.5845816388306704,20.409782608695657,Detroit Tigers,84,77,729.0,688.0
1985,MON,NL,OF,raineti01,Tim Raines,665.0,52.52147797124211,0.2742732754770887,webstmi01,Mitch Webster,481.3333333333333,0.8937036637328342,driesda01,Dan Driessen,350.0,-0.5397484361883558,665.0,-53.54699999999998,0.6194303882557455,53.54699999999998,Montreal Expos,84,77,633.0,636.0
1986,CHA,AL,C,fiskca01,Carlton Fisk,491.0,-25.099690367896827,-0.3429252866146677,skinnjo01,Joel Skinner,429.3333333333333,0.3763067635967885,hassero01,Ron Hassey,174.0,12.220904024411308,491.0,59.58511494252873,0.7192320502114562,0.0,Chicago White Sox,72,90,644.0,699.0
1986,CHN,NL,OF,morelke01,Keith Moreland,652.0,0.3676277875388543,-0.5137532194787355,martida01,Dave Martinez,249.66666666666666,1.144084443573462,lopesda01,Davey Lopes,191.0,14.677832680091907,652.0,49.73680628272252,1.6578376630521976,0.0,Chicago Cubs,70,90,680.0,781.0
1986,KCA,AL,C,sundbji01,Jim Sundberg,491.0,-16.58969036789682,0.340184265482152,quirkja01,Jamie Quirk,324.0,0.927525389384858,seitzke01,Kevin Seitzer,116.0,6.740602682940873,491.0,45.12103448275862,0.587341123902706,0.0,Kansas City Royals,76,86,654.0,673.0
1986,MON,NL,2B,lawva01,Vance Law,402.0,-11.699744830382485,0.923017348003726,foleyto02,Tom Foley,172.33333333333334,1.51542034663548,brookhu01,Hubie Brooks,338.0,27.03956777942965,402.0,43.85923076923077,0.592402998631754,0.0,Montreal Expos,78,83,637.0,688.0
1986,DET,AL,3B,colesda01,Darnell Coles,587.0,8.748394611088736,0.07392912689352128,brookto01,Tom Brookens,274.6666666666667,0.4335493973992381,grubbjo01,Johnny Grubb,243.0,20.161090103057173,587.0,39.953497942386825,0.3596202705057168,0.0,Detroit Tigers,87,75,798.0,714.0
1986,CIN,NL,SS,stillku01,Kurt Stillwell,315.0,-12.047710501419099,-0.2957031559988768,larkiba01,Barry Larkin,306.6666666666667,0.715897066715312,danieka01,Kal Daniels,207.0,16.595504527638877,315.0,37.30173913043478,1.0116002227141887,0.0,Cincinnati Reds,86,76,732.0,717.0
1986,LAN,NL,SS,duncama01,Mariano Duncan,445.0,-12.787876740100025,-0.1835319391206679,russebi01,Bill Russell,175.66666666666666,0.5390740930000635,bryanra01,Ralph Bryant,82.0,4.096818218678201,445.0,35.02060975609758,0.7226060321207314,0.0,Los Angeles Dodgers,73,89,638.0,679.0
1986,SLN,NL,OF,colemvi01,Vince Coleman,670.0,-8.536241383970792,-0.21219790394811383,mcgeewi01,Willie McGee,1089.6666666666667,1.1343679975429477,clarkja01,Jack Clark,279.0,8.30002784160022,670.0,28.468207885304654,1.3465659014910616,0.0,St. Louis Cardinals,79,82,601.0,611.0
1986,NYA,AL,OF,winfida01,Dave Winfield,652.0,14.934077148943508,-0.12329907118012517,henderi01,Rickey Henderson,1255.3333333333333,1.1447914753477846,pasquda01,Dan Pasqua,332.0,20.65379388565836,652.0,25.626987951807244,1.2680905465279098,0.0,New York Yankees,90,72,797.0,738.0
1986,TEX,AL,OF,mcdowod01,Oddibe McDowell,643.0,6.81144418216363,0.5142843068805658,wardga01,Gary Ward,857.6666666666666,0.7368504248157763,porteda02,Darrell Porter,178.0,8.265407565202372,643.0,23.04617977528089,0.22256611793521053,0.0,Texas Rangers,87,75,771.0,743.0
1986,CLE,AL,C,allanan01,Andy Allanson,323.0,-19.508839081121536,-2.0723749319037217,bandoch01,Chris Bando,655.0,-0.28107253614674144,nixonot01,Otis Nixon,110.0,0.7988473717542768,323.0,21.85454545454546,1.7913023957569802,0.0,Cleveland Indians,84,78,831.0,841.0
1986,BAL,AL,3B,rayfofl01,Floyd Rayford,228.0,-15.96329817490932,-0.5204468156013231,omallto01,Tom O'Malley,425.0,0.29741270956465177,dwyerji01,Jim Dwyer,189.0,4.525292302377805,228.0,21.42238095238096,0.8178595251659748,0.0,Baltimore Orioles,73,89,708.0,760.0
1986,SDN,NL,3B,nettlgr01,Graig Nettles,400.0,-3.908203811325862,0.0047296511621873795,roystje01,Jerry Royster,334.3333333333333,0.19534760780966226,krukjo01,John Kruk,327.0,14.103043384241117,400.0,21.159633027522943,0.19061795664747488,0.0,San Diego Padres,74,88,656.0,723.0
1986,PHI,NL,OF,wilsogl01,Glenn Wilson,639.0,5.582644411406945,0.537630243142802,thompmi02,Milt Thompson,649.0,1.3741528823924503,daultda01,Darren Daulton,181.0,7.525537775375051,639.0,20.98541436464089,0.8365226392496483,0.0,Philadelphia Phillies,86,75,739.0,713.0
1986,ATL,NL,C,virgioz02,Ozzie Virgil,431.0,4.412910393296398,-0.04960545079913459,benedbr01,Bruce Benedict,429.0,1.0416761004239214,griffke01,Ken Griffey,313.0,13.86383051763752,431.0,14.677539936102232,1.091281551223056,0.0,Atlanta Braves,72,89,615.0,719.0
1986,MIN,AL,C,salasma01,Mark Salas,285.0,-7.406622718636646,-0.4035269527373228,reedje02,Jeff Reed,439.0,0.14640148698794483,laudnti01,Tim Laudner,223.0,3.4485723991018573,285.0,11.813991031390142,0.5499284397252676,0.0,Minnesota Twins,71,91,741.0,839.0
1986,ML4,AL,1B,coopece01,Cecil Cooper,589.0,-11.864353618515743,-0.5904726483361613,schrobi01,Bill Schroeder,153.0,1.9940536789757648,manniri01,Rick Manning,227.0,-0.31692406010709506,589.0,11.042026431718037,2.5845263273119263,0.0,Milwaukee Brewers,77,84,667.0,734.0
1986,SFN,NL,C,brenlbo01,Bob Brenly,557.0,10.255826192728748,0.6288040656940774,melvibo01,Bob Melvin,640.6666666666666,0.7597918231763859,spilmha01,Harry Spilman,106.0,3.3183259899986486,557.0,7.181037735849056,0.1309877574823085,0.0,San Francisco Giants,83,79,698.0,618.0
1986,OAK,AL,1B,bochtbr01,Bruce Bochte,473.0,-3.134956301456617,0.02940383452755148,lansfca01,Carney Lansford,452.6666666666667,0.9860029832990562,willaje01,Jerry Willard,193.0,0.9597958431688691,473.0,5.487202072538871,0.9565991487715048,0.0,Oakland Athletics,76,86,731.0,760.0
1986,CAL,AL,3B,decindo01,Doug DeCinces,572.0,6.614006333122235,0.3858416621208453,howelja02,Jack Howell,287.0,0.4685084122454606,hendrge01,George Hendrick,317.0,5.879405607691866,572.0,3.994889589905357,0.08266675012461527,0.0,California Angels,92,70,786.0,684.0
1986,NYN,NL,3B,knighra01,Ray Knight,541.0,13.208154345181782,-0.7738343772086441,johnsho01,Howard Johnson,303.3333333333333,-0.6217325862803913,heepda01,Danny Heep,227.0,6.740094337072582,541.0,2.8552422907489095,0.15210179092825282,0.0,New York Mets,108,54,783.0,578.0
1986,HOU,NL,C,ashbyal01,Alan Ashby,361.0,1.7168460602784146,-0.2709157017384063,bailema01,Mark Bailey,404.6666666666667,0.5684392957394828,garneph01,Phil Garner,347.0,4.307633193674832,361.0,2.7645821325648545,0.8393549974778891,0.0,Houston Astros,96,66,654.0,569.0
1986,BOS,AL,SS,quinore01,Rey Quinones,215.0,-5.360434682480276,-1.530481477127438,owensp01,Spike Owen,349.6666666666667,0.025169046924420013,lyonsst01,Steve Lyons,139.0,-3.45600195751051,215.0,0.014820143884883268,1.5556505240518579,0.0,Boston Red Sox,95,66,794.0,696.0
1986,SEA,AL,OF,bradlph01,Phil Bradley,614.0,25.266293511428415,-0.08322121120471959,hendeda01,Dave Henderson,631.6666666666666,0.5135504999207007,bradlsc01,Scott Bradley,217.0,3.70681708791525,614.0,-14.77788018433181,0.5967717111254203,14.77788018433181,Seattle Mariners,67,95,718.0,835.0
1987,TOR,AL,2B,iorgga01,Garth Iorg,342.0,-24.373802368827597,-0.6359776634625235,liriane01,Nelson Liriano,335.0,0.817875971809179,fieldce01,Cecil Fielder,197.0,7.825382846026207,342.0,37.9589847715736,1.4538536352717024,0.0,Toronto Blue Jays,96,66,845.0,655.0
1987,CHN,NL,SS,dunstsh01,Shawon Dunston,359.0,-13.955182401417336,0.3619619453935312,nocepa01,Paul Noce,175.33333333333334,1.1585617009529485,mumphje01,Jerry Mumphrey,346.0,22.106704426489134,359.0,36.89248554913294,0.7965997555594173,0.0,Chicago Cubs,76,85,720.0,801.0
1987,ML4,AL,SS,sveumda01,Dale Sveum,586.0,-5.236983006236757,-0.7055924820336107,rileser01,Ernie Riles,167.66666666666666,-0.3238069645530929,schrobi01,Bill Schroeder,270.0,14.159103393030847,586.0,35.967481481481485,0.3817855174805178,0.0,Milwaukee Brewers,91,71,862.0,817.0
1987,PIT,NL,2B,rayjo01,Johnny Ray,518.0,-7.234413604273476,0.06094964008202651,lindjo01,Jose Lind,312.0,1.1502942121283186,cangejo01,John Cangelosi,233.0,12.911566853676216,518.0,35.939098712446345,1.0893445720462922,0.0,Pittsburgh Pirates,80,82,723.0,744.0
1987,BOS,AL,OF,burksel01,Ellis Burks,606.0,2.105543171024788,0.7340763467338244,benzito01,Todd Benzinger,497.3333333333333,0.787890748456675,hornsa01,Sam Horn,177.0,9.102856668764666,606.0,29.060169491525425,0.05381440172285057,0.0,Boston Red Sox,78,84,842.0,825.0
1987,SLN,NL,C,penato01,Tony Peña,425.0,-19.39014629694252,-0.5064850459281626,lakest01,Steve Lake,434.6666666666667,1.2488367609601188,oquenjo01,Jose Oquendo,312.0,5.014716130244539,425.0,26.221089743589726,1.7553218068882814,0.0,St. Louis Cardinals,95,67,798.0,693.0
1987,TEX,AL,OF,sierrru01,Ruben Sierra,696.0,-1.7780890312982933,-1.056093910713364,mcdowod01,Oddibe McDowell,959.0,0.5500427499291721,petrage01,Geno Petralli,232.0,7.92730365623391,696.0,25.56000000000002,1.606136660642536,0.0,Texas Rangers,75,87,823.0,849.0
1987,CAL,AL,C,boonebo01,Bob Boone,442.0,-20.451171482519886,0.34398651787054263,wynegbu01,Butch Wynegar,211.33333333333334,0.6476048855741227,rayjo01,Johnny Ray,132.0,1.2446727699261877,442.0,24.618939393939396,0.30361836770358,0.0,California Angels,75,87,770.0,803.0
1987,PHI,NL,OF,wilsogl01,Glenn Wilson,614.0,-11.945270179582858,-0.434709007473701,thompmi02,Milt Thompson,1116.3333333333333,1.3077741038664585,grossgr01,Greg Gross,163.0,2.9486497731726287,614.0,23.05245398773006,1.7424831113401595,0.0,Philadelphia Phillies,80,82,702.0,749.0
1987,SFN,NL,2B,thompro01,Robby Thompson,474.0,1.9388956594099813,-0.6165469047977131,speiech01,Chris Speier,346.6666666666667,-0.1809248887110924,mitchke01,Kevin Mitchell,298.0,15.312132714143829,474.0,22.416644295302014,0.4356220160866207,0.0,San Francisco Giants,90,72,783.0,669.0
1987,MIN,AL,2B,lombast01,Steve Lombardozzi,479.0,-17.03599805458603,-0.27489188649280255,newmaal01,Al Newman,302.6666666666667,0.20618815961988213,bushra01,Randy Bush,349.0,2.422581793213938,479.0,20.360974212034385,0.4810800461126847,0.0,Minnesota Twins,85,77,786.0,806.0
1987,CHA,AL,2B,hilldo01,Donnie Hill,449.0,-15.57478732047834,0.2289399659177766,manrifr01,Fred Manrique,666.6666666666666,0.32309015459563767,hairsje01,Jerry Hairston,155.0,1.4670778737769612,449.0,19.824580645161284,0.09415018867786107,0.0,Chicago White Sox,77,85,748.0,746.0
1987,CIN,NL,OF,parkeda01,Dave Parker,647.0,0.20224787265454225,-0.6376871995016045,daviser01,Eric Davis,1115.3333333333333,1.7015338771780635,collida02,Dave Collins,100.0,2.8370244007194065,647.0,18.153300000000016,2.339221076679668,0.0,Cincinnati Reds,84,78,783.0,752.0
1987,LAN,NL,SS,duncama01,Mariano Duncan,287.0,-12.637039969935298,-0.8366263867578609,anderda02,Dave Anderson,499.3333333333333,0.43752790576354483,bryanra01,Ralph Bryant,81.0,0.46208976458271933,287.0,14.274320987654317,1.2741542925214058,0.0,Los Angeles Dodgers,73,89,635.0,675.0
1987,NYN,NL,3B,johnsho01,Howard Johnson,645.0,29.68330738464016,-0.8628000450740927,magadda01,Dave Magadan,309.6666666666667,0.8686736297139757,teufeti01,Tim Teufel,350.0,23.044585402517924,645.0,12.784571428571445,1.7314736747880684,0.0,New York Mets,92,70,823.0,698.0
1987,OAK,AL,2B,phillto02,Tony Phillips,441.0,-6.22779779138296,-0.26564065642375384,gallemi01,Mike Gallego,186.33333333333334,0.4220628107659198,murphdw01,Dwayne Murphy,284.0,3.2818717171139173,441.0,11.323943661971823,0.6877034671896736,0.0,Oakland Athletics,81,81,806.0,789.0
1987,KCA,AL,C,quirkja01,Jamie Quirk,334.0,-10.726812839732212,-0.12627925320470165,owenla01,Larry Owen,510.6666666666667,0.1931157250183689,pecotbi01,Bill Pecota,172.0,-0.8202748755507239,334.0,9.133953488372084,0.31939497822307056,0.0,Kansas City Royals,83,79,715.0,691.0
1987,CLE,AL,OF,snydeco02,Cory Snyder,615.0,-10.174820049207538,-0.3184624241543791,butlebr01,Brett Butler,1170.6666666666667,1.2667983417791846,castica01,Carmelo Castillo,241.0,-0.453059563998397,615.0,9.018672199170135,1.5852607659335636,0.0,Cleveland Indians,61,101,742.0,957.0
1987,SEA,AL,C,bradlsc01,Scott Bradley,366.0,-10.194770956113741,-0.25389004401366283,valleda01,Dave Valle,630.6666666666666,0.4780477955835269,ramosdo01,Domingo Ramos,109.0,-0.6177323339245864,366.0,8.120550458715588,0.7319378395971897,0.0,Seattle Mariners,78,84,760.0,801.0
1987,DET,AL,OF,lemonch01,Chet Lemon,553.0,18.67434880128171,0.8953041432256303,beanbi01,Bill Bean,151.33333333333334,1.8631819365936222,herndla01,Larry Herndon,254.0,11.803082451221616,553.0,7.02291338582677,0.9678777933679918,0.0,Detroit Tigers,98,64,896.0,735.0
1987,MON,NL,SS,brookhu01,Hubie Brooks,459.0,-3.7181580006979305,-1.2188983329858996,foleyto02,Tom Foley,291.6666666666667,0.24826404054047546,nichore01,Reid Nichols,164.0,1.1731200171798282,459.0,7.001463414634157,1.467162373526375,0.0,Montreal Expos,91,71,741.0,720.0
1987,ATL,NL,C,virgioz02,Ozzie Virgil,486.0,8.702538587496313,-0.08261701633328482,benedbr01,Bruce Benedict,256.0,0.10063076182376784,hallal02,Albert Hall,337.0,8.7964722304244,486.0,3.9831750741839778,0.18324777815705268,0.0,Atlanta Braves,69,92,747.0,829.0
1987,NYA,AL,OF,winfida01,Dave Winfield,655.0,10.93023230531557,-0.31276676227089195,washicl01,Claudell Washington,551.0,0.8415218259829393,kittlro01,Ron Kittle,173.0,3.8263514333123583,655.0,3.556820809248559,1.1542885882538312,0.0,New York Yankees,89,73,788.0,758.0
1987,HOU,NL,3B,wallide01,Denny Walling,370.0,6.353990282661796,-0.07926646093690715,garneph01,Phil Garner,259.0,0.57074561980445,youngge02,Gerald Young,303.0,5.624483934179805,370.0,0.5141914191419266,0.6500120807413572,0.0,Houston Astros,76,86,648.0,678.0
1987,BAL,AL,OF,sheetla01,Larry Sheets,508.0,24.41616490244322,-0.5030136086920007,hartmi02,Mike Hart,218.0,1.5890914274045738,dwyerji01,Jim Dwyer,281.0,10.381992790524688,508.0,-5.647295373665492,2.0921050360965747,5.647295373665492,Baltimore Orioles,67,95,729.0,880.0
1987,SDN,NL,OF,gwynnto01,Tony Gwynn,680.0,59.329765924891944,-0.09420148509990404,macksh01,Shane Mack,541.3333333333334,0.6815859660409275,mitchke01,Kevin Mitchell,217.0,-1.9099570504388885,680.0,-65.31488479262671,0.7757874511408315,65.31488479262671,San Diego Padres,65,97,668.0,763.0
1988,SEA,AL,OF,brantmi01,Mickey Brantley,614.0,-6.584474998258139,0.07886155167749781,cottohe01,Henry Cotto,879.6666666666666,0.6858964373636063,phelpke01,Ken Phelps,244.0,21.857830782451163,614.0,61.58737704918033,0.6070348856861085,0.0,Seattle Mariners,68,93,664.0,744.0
1988,NYA,AL,3B,paglimi01,Mike Pagliarulo,490.0,-12.823864412290675,-0.15105562526775862,aguaylu01,Luis Aguayo,248.0,0.07343464577270827,phelpke01,Ken Phelps,127.0,6.410100448243026,490.0,37.55574803149605,0.22449027104046687,0.0,New York Yankees,85,76,772.0,748.0
1988,PHI,NL,SS,jeltzst01,Steve Jeltz,450.0,-16.143215382725145,0.385586139320901,aguaylu01,Luis Aguayo,154.66666666666666,0.6333713638961489,jonesro02,Ron Jones,129.0,5.93767825695212,450.0,36.856046511627895,0.24778522457524788,0.0,Philadelphia Phillies,65,96,597.0,734.0
1988,LAN,NL,SS,griffal01,Alfredo Griffin,354.0,-19.18892943441045,-0.060988114137640576,anderda02,Dave Anderson,649.0,1.4364233209485933,dempsri01,Rick Dempsey,198.0,8.151785231600938,354.0,33.763333333333335,1.4974114350862338,0.0,Los Angeles Dodgers,94,67,628.0,544.0
1988,MON,NL,SS,riverlu01,Luis Rivera,402.0,-13.526072408567801,-0.3933449777615997,foleyto02,Tom Foley,215.0,0.14270248921762624,jonestr01,Tracy Jones,157.0,6.842678188693665,402.0,31.04681528662419,0.5360474669792259,0.0,Montreal Expos,81,81,628.0,592.0
1988,CHA,AL,OF,pasquda01,Dan Pasqua,475.0,0.1525804166569822,0.6415664169077431,gallada01,Dave Gallagher,767.3333333333334,1.000358873830431,fiskca01,Carlton Fisk,298.0,18.870629398239544,475.0,29.926442953020146,0.3587924569226879,0.0,Chicago White Sox,71,90,631.0,757.0
1988,SLN,NL,OF,colemvi01,Vince Coleman,679.0,0.5937483447325027,-0.6651508017901373,mcgeewi01,Willie McGee,1219.6666666666667,0.2851320166679169,guerrpe01,Pedro Guerrero,176.0,7.577142428089716,679.0,28.638522727272704,0.9502828184580542,0.0,St. Louis Cardinals,76,86,578.0,633.0
1988,PIT,NL,SS,bellira01,Rafael Belliard,321.0,-13.110893639677276,0.1655684455052175,pedrial01,Al Pedrique,326.0,1.1176591549857657,millira01,Randy Milligan,103.0,3.479464034620687,321.0,23.954660194174757,0.9520907094805482,0.0,Pittsburgh Pirates,85,75,651.0,616.0
1988,NYN,NL,2B,backmwa01,Wally Backman,347.0,9.137320582654157,-0.7412272922665218,teufeti01,Tim Teufel,588.6666666666666,0.4950805726421715,jeffegr01,Gregg Jefferies,118.0,10.890356855196519,347.0,22.88771186440679,1.2363078649086934,0.0,New York Mets,100,60,703.0,532.0
1988,MIN,AL,2B,lombast01,Steve Lombardozzi,335.0,-12.530601179831391,-0.13944040766223076,herrto01,Tom Herr,625.3333333333334,0.09778096502699213,mosesjo01,John Moses,225.0,5.3333275657848915,335.0,20.47133333333334,0.2372213726892229,0.0,Minnesota Twins,91,71,759.0,672.0
1988,CLE,AL,SS,bellja01,Jay Bell,236.0,-10.64406530877674,-0.6063769506034423,zuvelpa01,Paul Zuvella,379.6666666666667,-0.4114854409559068,kittlro01,Ron Kittle,254.0,10.17020089648606,236.0,20.093543307086623,0.19489150964753554,0.0,Cleveland Indians,78,84,666.0,731.0
1988,DET,AL,3B,brookto01,Tom Brookens,498.0,-8.481968321062766,-0.18163640720968943,salazlu01,Luis Salazar,225.0,0.4990469552477384,bergmda01,Dave Bergman,333.0,6.428924797361637,498.0,18.096396396396386,0.6806833624574278,0.0,Detroit Tigers,88,74,703.0,658.0
1988,SDN,NL,1B,morelke01,Keith Moreland,562.0,-7.343215655758964,0.3267902805793056,krukjo01,John Kruk,511.6666666666667,0.4252754360963159,flannti01,Tim Flannery,205.0,3.6655352145363267,562.0,17.39214634146343,0.09848515551701031,0.0,San Diego Padres,83,78,594.0,583.0
1988,ML4,AL,C,surhobj01,B. J. Surhoff,541.0,-17.23177683071278,0.026196349309562484,obriech01,Charlie O'Brien,322.0,0.6433222069378175,bragggl01,Glenn Braggs,294.0,-0.24031864737440767,541.0,16.789557823129257,0.617125857628255,0.0,Milwaukee Brewers,87,75,682.0,616.0
1988,HOU,NL,3B,bellbu01,Buddy Bell,289.0,-1.0094649902390356,-1.20889662818506,wallide01,Denny Walling,376.0,0.6297612281929502,puhlte01,Terry Puhl,272.0,14.422856479775014,289.0,16.333749999999988,1.8386578563780103,0.0,Houston Astros,82,80,617.0,631.0
1988,CIN,NL,C,diazbo01,Bo Diaz,327.0,-14.030536511446943,0.5862791118675039,mcgrite01,Terry McGriff,254.33333333333334,0.5971598784353036,treadje01,Jeff Treadway,341.0,1.1569634544238239,327.0,15.139999999999993,0.010880766567799682,0.0,Cincinnati Reds,87,74,641.0,596.0
1988,BAL,AL,3B,schuri01,Rick Schu,294.0,-4.180318647374405,-0.6700649440778281,gonzare01,Rene Gonzales,572.0,1.0438821235518296,lynnfr01,Fred Lynn,334.0,6.439161808765128,294.0,9.848323353293411,1.7139470676296578,0.0,Baltimore Orioles,54,107,550.0,789.0
1988,TEX,AL,OF,sierrru01,Ruben Sierra,668.0,1.4483236175302503,-0.3035866060839678,mcdowod01,Oddibe McDowell,903.3333333333334,0.6309249573143221,sundbji01,Jim Sundberg,99.0,1.61346412894535,668.0,9.438484848484839,0.9345115633982899,0.0,Texas Rangers,70,91,637.0,735.0
1988,SFN,NL,3B,mitchke01,Kevin Mitchell,566.0,13.360355763061253,-0.0190276106304572,rileser01,Ernie Riles,196.0,1.848682666033083,nixondo01,Donell Nixon,89.0,3.471964068749913,566.0,8.719775280898867,1.8677102766635403,0.0,San Francisco Giants,83,79,670.0,626.0
1988,KCA,AL,SS,stillku01,Kurt Stillwell,518.0,-0.22722809299300994,0.10775782191712477,pecotbi01,Bill Pecota,287.0,0.9993872620249276,tablepa01,Pat Tabler,330.0,3.3782137631511597,518.0,5.5299999999999825,0.8916294401078028,0.0,Kansas City Royals,84,77,704.0,648.0
1988,CHN,NL,C,berryda01,Damon Berryhill,332.0,0.3064277620783409,0.34949816172419385,davisjo02,Jody Davis,583.6666666666666,0.3524710740232981,durhale01,Leon Durham,82.0,1.3882140858145278,332.0,5.314146341463407,0.0029729122991042356,0.0,Chicago Cubs,77,85,660.0,694.0
1988,OAK,AL,C,hassero01,Ron Hassey,365.0,-1.7734908377267415,0.18061466824697855,steinte01,Terry Steinbach,675.6666666666666,0.21596759650841665,polonlu01,Luis Polonia,313.0,1.3041845692918619,365.0,3.294345047923322,0.0353529282614381,0.0,Oakland Athletics,104,58,800.0,620.0
1988,ATL,NL,C,virgioz02,Ozzie Virgil,350.0,1.0074991467693282,0.0783922734721807,benedbr01,Bruce Benedict,651.0,0.5366618118617877,rungepa01,Paul Runge,91.0,-1.0012502218399735,350.0,-4.858461538461534,0.45826953838960705,4.858461538461534,Atlanta Braves,54,106,555.0,741.0
1988,TOR,AL,OF,bellge02,George Bell,657.0,4.225716492091866,-1.599565797907645,barfije01,Jesse Barfield,1135.0,0.6018681665167848,bordepa01,Pat Borders,160.0,-0.4620781754418579,657.0,-6.1231249999999955,2.20143396442443,6.1231249999999955,Toronto Blue Jays,87,75,763.0,680.0
1988,CAL,AL,OF,davisch01,Chili Davis,667.0,6.068086606126747,-1.4337154442917048,whitede03,Devon White,977.6666666666666,1.20004504401083,epparji01,Jim Eppard,126.0,-1.2601365631604626,667.0,-12.738809523809513,2.633760488302535,12.738809523809513,California Angels,75,87,714.0,771.0
1988,BOS,AL,OF,greenmi01,Mike Greenwell,693.0,53.16424890261744,-0.2249485081782847,burksel01,Ellis Burks,1215.6666666666667,0.4530173089182553,parrila01,Larry Parrish,168.0,-0.9901820842139502,693.0,-57.24874999999998,0.67796581709654,57.24874999999998,Boston Red Sox,89,73,813.0,689.0
1989,LAN,NL,SS,griffal01,Alfredo Griffin,547.0,-16.877522114303506,0.12184322614491315,anderda02,Dave Anderson,211.0,0.36505711571276633,stubbfr01,Franklin Stubbs,120.0,6.782572845125372,547.0,47.79475,0.24321388956785317,0.0,Los Angeles Dodgers,77,83,554.0,536.0
1989,CHA,AL,2B,lyonsst01,Steve Lyons,494.0,-9.179642902720587,0.3402601325880308,fletcsc01,Scott Fletcher,463.6666666666667,1.0693071274024715,kittlro01,Ron Kittle,196.0,13.331680143859856,494.0,42.780918367346956,0.7290469948144407,0.0,Chicago White Sox,69,92,693.0,750.0
1989,HOU,NL,SS,ramirra01,Rafael Ramirez,575.0,-15.11392178377428,-1.4642272129399998,reynocr01,Craig Reynolds,171.33333333333334,-0.12546533564757928,basske01,Kevin Bass,348.0,13.740461250863593,575.0,37.81727011494257,1.3387618772924206,0.0,Houston Astros,86,76,647.0,669.0
1989,OAK,AL,OF,hendeda01,Dave Henderson,643.0,-4.1303044260108,0.3028998320776178,beanebi01,Billy Beane,160.66666666666666,0.8117176881194903,cansejo01,Jose Canseco,258.0,12.457109577121644,643.0,35.17651162790699,0.5088178560418726,0.0,Oakland Athletics,99,63,712.0,576.0
1989,PHI,NL,C,daultda01,Darren Daulton,424.0,-7.536909280557023,0.1469974164509782,lakest01,Steve Lake,389.0,1.2733643773475485,krukjo01,John Kruk,312.0,19.328689397325956,424.0,33.80410256410255,1.1263669608965703,0.0,Philadelphia Phillies,67,95,629.0,735.0
1989,SLN,NL,OF,brunato01,Tom Brunansky,622.0,5.152835913899849,-0.43669181425199255,morrijo07,John Morris,197.33333333333334,0.4263338168271324,wallide01,Denny Walling,93.0,5.461243954972162,622.0,31.372903225806443,0.8630256310791249,0.0,St. Louis Cardinals,86,76,632.0,608.0
1989,ATL,NL,C,davisjo02,Jody Davis,257.0,-15.896239823356494,0.11579149083636824,russejo02,John Russell,286.0,0.7576629738364206,mcdowod01,Oddibe McDowell,308.0,14.379603635821779,257.0,27.894805194805187,0.6418714830000524,0.0,Atlanta Braves,63,97,584.0,680.0
1989,TOR,AL,2B,liriane01,Nelson Liriano,478.0,0.47573014676026393,-0.2662289565495181,leema02,Manuel Lee,345.0,0.18673288436906565,mazzile01,Lee Mazzilli,86.0,4.892369859040545,478.0,26.716744186046483,0.45296184091858377,0.0,Toronto Blue Jays,89,73,731.0,651.0
1989,PIT,NL,C,ortizju01,Junior Ortiz,258.0,-10.643968382980455,-0.3203158252104215,lavalmi01,Mike LaValliere,522.6666666666666,-0.2343537641020403,redusga01,Gary Redus,324.0,19.495946681838493,258.0,26.168518518518514,0.0859620611083812,0.0,Pittsburgh Pirates,74,88,637.0,680.0
1989,ML4,AL,C,surhobj01,B. J. Surhoff,477.0,-15.635809037647203,-0.4764377765898267,obriech01,Charlie O'Brien,529.0,0.34793324785228413,vaughgr01,Greg Vaughn,128.0,2.5370156041533747,477.0,25.090156250000014,0.8243710244421109,0.0,Milwaukee Brewers,81,81,707.0,679.0
1989,SEA,AL,3B,preslji01,Jim Presley,417.0,-9.548160102094084,-0.4997071391933355,colesda01,Darnell Coles,209.66666666666666,0.9787574011318728,buhneja01,Jay Buhner,226.0,6.577855676083302,417.0,21.685176991150442,1.4784645403252084,0.0,Seattle Mariners,73,89,694.0,728.0
1989,CLE,AL,C,allanan01,Andy Allanson,359.0,-15.47743279772609,-0.39585989479860934,skinnjo01,Joel Skinner,509.6666666666667,0.024579576465156756,jamesdi01,Dion James,271.0,4.107118974418476,359.0,20.918228782287837,0.4204394712637661,0.0,Cleveland Indians,73,89,604.0,654.0
1989,NYA,AL,3B,paglimi01,Mike Pagliarulo,244.0,-12.584439004582627,-0.12617741951225794,velarra01,Randy Velarde,219.66666666666666,0.01077319959510492,henderi01,Rickey Henderson,293.0,8.580981031382333,244.0,19.73037542662116,0.13695061910736286,0.0,New York Yankees,74,87,698.0,792.0
1989,CHN,NL,OF,waltoje01,Jerome Walton,515.0,9.02979179366305,0.8410706392153656,dascedo01,Doug Dascenzo,318.6666666666667,1.311363324075751,mcclell01,Lloyd McClendon,305.0,16.862789314693647,515.0,19.443442622950812,0.47029268486038533,0.0,Chicago Cubs,93,69,702.0,623.0
1989,NYN,NL,C,lyonsba01,Barry Lyons,252.0,-5.707597025236722,-0.5031161748360146,sassema01,Mackey Sasser,418.0,0.345382900387792,carrema01,Mark Carreon,146.0,7.531630294902531,252.0,18.707397260273964,0.8484990752238066,0.0,New York Mets,87,75,683.0,595.0
1989,TEX,AL,SS,fletcsc01,Scott Fletcher,358.0,-9.168971982133527,-0.810666555303018,manrifr01,Fred Manrique,262.3333333333333,-0.28999368703307793,daughja01,Jack Daugherty,121.0,2.8862413133012357,358.0,17.70842975206611,0.5206728682699401,0.0,Texas Rangers,83,79,695.0,714.0
1989,CIN,NL,2B,oestero01,Ron Oester,337.0,-5.144524593272913,0.487314636081708,harrile01,Lenny Harris,235.33333333333334,0.7149731783426332,danieka01,Kal Daniels,172.0,5.430687744679704,337.0,15.784883720930242,0.2276585422609252,0.0,Cincinnati Reds,75,87,632.0,691.0
1989,SDN,NL,C,santibe01,Benito Santiago,494.0,-5.487908454233889,-0.4929839185259571,parenma01,Mark Parent,328.6666666666667,1.331089582654532,jamesch02,Chris James,331.0,5.691846764470813,494.0,13.982688821752262,1.824073501180489,0.0,San Diego Padres,89,73,642.0,626.0
1989,CAL,AL,SS,schofdi02,Dick Schofield,346.0,-9.547442195022917,0.3903531271066164,anderke01,Kent Anderson,563.3333333333334,0.43400206368981303,armasto01,Tony Armas,211.0,0.4847679099715725,346.0,10.342369668246443,0.04364893658319663,0.0,California Angels,91,71,669.0,578.0
1989,KCA,AL,2B,whitefr01,Frank White,458.0,-11.675053541388708,0.48967622008472855,wellmbr01,Brad Wellman,338.3333333333333,0.9535949531908037,pecotbi01,Bill Pecota,92.0,-0.3783950345147642,458.0,9.791304347826078,0.4639187331060751,0.0,Kansas City Royals,92,70,690.0,635.0
1989,SFN,NL,3B,rileser01,Ernie Riles,337.0,5.0254754067270815,0.09235635105406342,willima04,Matt Williams,518.3333333333334,1.438430891978026,oberkke01,Ken Oberkfell,129.0,4.863015808509778,337.0,7.678682170542649,1.3460745409239625,0.0,San Francisco Giants,92,70,699.0,600.0
1989,MIN,AL,C,harpebr01,Brian Harper,412.0,10.214143975868673,-0.39302688738536024,laudnti01,Tim Laudner,500.6666666666667,0.3527564563599322,dwyerji01,Jim Dwyer,254.0,8.560952839491843,412.0,3.6721259842519536,0.7457833437452924,0.0,Minnesota Twins,80,82,740.0,738.0
1989,BOS,AL,SS,riverlu01,Luis Rivera,349.0,-7.272824641800568,-0.6192300501292686,reedjo01,Jody Reed,658.3333333333334,-0.29493112820121625,ceronri01,Rick Cerone,341.0,-3.8651381170601433,349.0,3.317008797653969,0.3242989219280523,0.0,Boston Red Sox,83,79,774.0,735.0
1989,DET,AL,1B,bergmda01,Dave Bergman,436.0,-0.43891559835257166,0.25159971445561163,morelke01,Keith Moreland,249.0,1.5798620579101048,jonestr01,Tracy Jones,179.0,-0.19448599106676645,436.0,-0.034804469273742165,1.3282623434544931,0.034804469273742165,Detroit Tigers,59,103,617.0,816.0
1989,BAL,AL,OF,bradlph01,Phil Bradley,630.0,17.709686176692376,0.029601831080131258,devermi01,Mike Devereaux,865.0,0.9176236697090615,huletti01,Tim Hulett,109.0,1.907771100411859,630.0,-6.683119266055027,0.8880218386289302,6.683119266055027,Baltimore Orioles,87,75,708.0,686.0
1989,MON,NL,OF,raineti01,Tim Raines,618.0,36.07375015239565,0.08910925623034505,nixonot01,Otis Nixon,559.3333333333334,0.7030061927209383,grissma02,Marquis Grissom,87.0,1.0876153127158945,618.0,-28.347931034482738,0.6138969364905933,28.347931034482738,Montreal Expos,81,81,632.0,630.0
1990,CHA,AL,3B,venturo01,Robin Ventura,565.0,-12.701476482854485,0.1097938410643813,grebecr01,Craig Grebeck,233.33333333333334,1.1492438269532852,thomafr04,Frank Thomas,240.0,21.777868396663578,565.0,63.970208333333325,1.039449985888904,0.0,Chicago White Sox,94,68,682.0,633.0
1990,NYA,AL,SS,espinal01,Alvaro Espinoza,472.0,-30.494525486561628,0.7427401131126379,tollewa01,Wayne Tolleson,162.0,1.9128407701772416,maaske01,Kevin Maas,300.0,16.489835495829478,472.0,56.43853333333333,1.1701006570646038,0.0,New York Yankees,67,95,603.0,749.0
1990,SEA,AL,1B,obriepe03,Pete O'Brien,417.0,-11.206328660797038,0.6241889805999162,martiti02,Tino Martinez,163.0,1.8960951705760736,griffke01,Ken Griffey,88.0,7.462885078776646,417.0,46.57022727272728,1.2719061899761575,0.0,Seattle Mariners,77,85,640.0,680.0
1990,TOR,AL,OF,wilsomo01,Mookie Wilson,629.0,-11.289378243744201,0.9523544640773014,whitema01,Mark Whiten,216.0,1.1325420221647458,mullira01,Rance Mulliniks,120.0,5.073934198331792,629.0,37.885250000000006,0.18018755808744435,0.0,Toronto Blue Jays,86,76,767.0,661.0
1990,CIN,NL,1B,benzito01,Todd Benzinger,408.0,-11.588919046782275,-0.017884884502234556,morriha02,Hal Morris,632.6666666666666,0.8151614406635627,bragggl01,Glenn Braggs,231.0,8.919656127924736,408.0,27.343116883116874,0.8330463251657972,0.0,Cincinnati Reds,91,71,693.0,597.0
1990,BAL,AL,OF,finlest01,Steve Finley,513.0,-13.183181302131594,0.34456703475831746,devermi01,Mike Devereaux,845.3333333333334,0.992119521736905,hornsa01,Sam Horn,280.0,7.239179796107509,513.0,26.44639285714285,0.6475524869785876,0.0,Baltimore Orioles,76,85,669.0,698.0
1990,TEX,AL,SS,husonje01,Jeff Huson,454.0,-13.525115616311382,-0.29370752767303426,greenga01,Gary Green,300.0,0.4714506646667898,gonzaju03,Juan Gonzalez,95.0,2.703114573679332,454.0,26.44315789473682,0.7651581923398241,0.0,Texas Rangers,83,79,676.0,696.0
1990,HOU,NL,SS,ramirra01,Rafael Ramirez,480.0,-13.174610643273276,-0.9464942465254826,yeldier01,Eric Yelding,336.6666666666667,-0.8103001854318941,ortizja01,Javier Ortiz,90.0,2.110385504386262,480.0,24.430000000000007,0.13619406109358856,0.0,Houston Astros,75,87,573.0,656.0
1990,OAK,AL,C,steinte01,Terry Steinbach,410.0,-8.986558155699726,-0.13110190274707081,hassero01,Ron Hassey,488.6666666666667,0.4601880845061001,baineha01,Harold Baines,118.0,3.4638686283595934,410.0,21.02203389830509,0.591289987253171,0.0,Oakland Athletics,103,59,733.0,570.0
1990,KCA,AL,SS,stillku01,Kurt Stillwell,560.0,-11.85164040778498,-0.9066394775118567,pecotbi01,Bill Pecota,155.0,1.356756361928319,wilsowi02,Willie Wilson,345.0,4.601310820203893,560.0,19.32043478260869,2.2633958394401756,0.0,Kansas City Royals,75,86,707.0,709.0
1990,LAN,NL,2B,samueju01,Juan Samuel,558.0,-1.691609872805186,-0.8120849098915799,harrile01,Lenny Harris,275.6666666666667,-0.3252459984157884,javiest01,Stan Javier,321.0,9.740041632310996,558.0,18.622897196261682,0.4868389114757915,0.0,Los Angeles Dodgers,86,76,728.0,685.0
1990,BOS,AL,C,penato01,Tony Peña,540.0,-8.512296107506959,0.400079146746757,marzajo01,John Marzano,205.66666666666666,0.6375597541910758,marshmi02,Mike Marshall,117.0,1.7238358433734915,540.0,16.468461538461536,0.23748060744431881,0.0,Boston Red Sox,88,74,699.0,664.0
1990,ATL,NL,3B,preslji01,Jim Presley,577.0,-5.712417377434754,-0.24076489909096666,lemkema01,Mark Lemke,260.6666666666667,1.4421135956970983,cabrefr01,Francisco Cabrera,143.0,2.655501412524835,577.0,16.427272727272726,1.6828784947880648,0.0,Atlanta Braves,65,97,682.0,821.0
1990,SLN,NL,C,zeileto01,Todd Zeile,570.0,4.575774861113005,0.13941492809797373,pagnoto01,Tom Pagnozzi,520.0,1.0237187503176113,lankfra01,Ray Lankford,139.0,5.063039834552115,570.0,16.186330935251785,0.8843038222196375,0.0,St. Louis Cardinals,70,92,599.0,698.0
1990,NYN,NL,SS,elsteke01,Kevin Elster,352.0,-8.3033811384004,-0.13466309387422024,johnsho01,Howard Johnson,563.3333333333334,-0.10979555160964208,carrema01,Mark Carreon,205.0,4.258655871102042,352.0,15.615804878048785,0.024867542264578157,0.0,New York Mets,91,71,775.0,613.0
1990,DET,AL,C,heathmi02,Mike Heath,398.0,-4.546951575532912,-0.7226198464858763,salasma01,Mark Salas,385.0,-0.5127647089280741,frymatr01,Travis Fryman,251.0,6.918229031510661,398.0,15.516892430278899,0.20985513755780216,0.0,Detroit Tigers,79,83,750.0,754.0
1990,PHI,NL,1B,jordari02,Ricky Jordan,346.0,-9.722073505359493,0.6974906113507846,krukjo01,John Kruk,411.3333333333333,0.8613264239757228,martica01,Carmelo Martinez,227.0,2.98719454995202,346.0,14.275242290748915,0.16383581262493818,0.0,Philadelphia Phillies,77,85,646.0,729.0
1990,CLE,AL,2B,brownje01,Jerry Browne,610.0,5.069998841519935,-0.18890213164141917,brookto01,Tom Brookens,153.33333333333334,0.1732923356603117,coleal01,Alex Cole,256.0,7.658392956441144,610.0,13.178515624999982,0.3621944673017309,0.0,Cleveland Indians,77,85,732.0,737.0
1990,CAL,AL,2B,rayjo01,Johnny Ray,429.0,-7.385935240963853,0.793354147930908,hilldo01,Donnie Hill,465.6666666666667,1.300069606628479,venabma01,Max Venable,222.0,2.707278266913812,429.0,12.61756756756757,0.506715458697571,0.0,California Angels,80,82,690.0,706.0
1990,SDN,NL,3B,paglimi01,Mike Pagliarulo,446.0,-2.110534056041406,0.11887469066291095,roberbi01,Bip Roberts,399.6666666666667,0.25609952171898576,clarkje01,Jerald Clark,107.0,1.6133472107703313,446.0,8.83532710280372,0.1372248310560748,0.0,San Diego Padres,75,87,673.0,673.0
1990,MON,NL,SS,owensp01,Spike Owen,533.0,-3.1094947351347204,0.31182087047482854,foleyto02,Tom Foley,262.3333333333333,1.9797291668373744,aldremi01,Mike Aldrete,200.0,2.113078898636139,533.0,8.74085000000003,1.6679082963625458,0.0,Montreal Expos,85,77,662.0,598.0
1990,ML4,AL,2B,gantnji01,Jim Gantner,358.0,-4.908262974976825,-0.3828556114864731,molitpa01,Paul Molitor,503.3333333333333,1.1573544475704103,bragggl01,Glenn Braggs,131.0,-0.30570516682113014,358.0,4.072824427480912,1.5402100590568835,0.0,Milwaukee Brewers,74,88,732.0,760.0
1990,PIT,NL,OF,bonilbo01,Bobby Bonilla,686.0,25.997160622321978,-1.3565314848170356,bondsba01,Barry Bonds,1286.0,0.1437281867023591,slaugdo01,Don Slaught,267.0,11.001810329679246,686.0,2.269662921348297,1.5002596715193945,0.0,Pittsburgh Pirates,95,67,733.0,619.0
1990,MIN,AL,C,harpebr01,Brian Harper,509.0,5.536687557923991,0.025567830167938028,ortizju01,Junior Ortiz,432.0,0.5882241728951887,bushra01,Randy Bush,210.0,0.10688484708062695,509.0,-5.2776190476190425,0.5626563427272506,5.2776190476190425,Minnesota Twins,74,88,666.0,729.0
1990,CHN,NL,OF,dawsoan01,Andre Dawson,581.0,35.640044200537965,-0.5990710690070805,dascedo01,Doug Dascenzo,600.0,1.0909896701565585,villahe01,Hector Villanueva,120.0,3.5438473391816796,581.0,-18.481916666666663,1.690060739163639,18.481916666666663,Chicago Cubs,77,85,690.0,774.0
1991,BOS,AL,OF,greenmi01,Mike Greenwell,598.0,10.177304303994696,-0.19719164508888604,lyonsst01,Steve Lyons,302.6666666666667,1.036719908994361,plantph01,Phil Plantier,174.0,17.23403168711551,598.0,49.0522988505747,1.233911554083247,0.0,Boston Red Sox,84,78,731.0,712.0
1991,TOR,AL,SS,leema02,Manuel Lee,485.0,-25.843072596258477,-0.6576653537920697,gonzare01,Rene Gonzales,222.33333333333334,-0.18405536816848977,maldoca01,Candy Maldonado,208.0,7.886888453563369,485.0,44.23317307692306,0.4736099856235799,0.0,Toronto Blue Jays,91,71,684.0,622.0
1991,PIT,NL,2B,lindjo01,Jose Lind,545.0,-8.717789457917437,1.0876896519726178,wilkecu01,Curt Wilkerson,211.0,1.1354260852723694,mcclell01,Lloyd McClendon,183.0,8.098760604038723,545.0,32.83704918032784,0.047736433299751635,0.0,Pittsburgh Pirates,98,64,768.0,632.0
1991,PHI,NL,OF,murphda05,Dale Murphy,599.0,5.382172687536606,-0.14485254813402382,hayesvo01,Von Hayes,638.3333333333334,1.1762167248863258,hollida01,Dave Hollins,172.0,10.715064611446241,599.0,31.93366279069769,1.3210692730203495,0.0,Philadelphia Phillies,78,84,629.0,680.0
1991,MON,NL,C,reyesgi01,Gil Reyes,229.0,-11.499419790574494,0.009618746009825966,fitzgmi02,Mike Fitzgerald,421.6666666666667,0.2598642223644403,barbebr01,Bret Barberie,162.0,14.399886436362152,229.0,31.854814814814823,0.2502454763546143,0.0,Montreal Expos,71,90,579.0,655.0
1991,MIN,AL,2B,knoblch01,Chuck Knoblauch,634.0,1.145034997880666,-0.4471882423271095,newmaal01,Al Newman,208.0,0.8696469784614687,bushra01,Randy Bush,192.0,9.747897034058491,634.0,31.04333333333331,1.3168352207885783,0.0,Minnesota Twins,95,67,776.0,652.0
1991,CHA,AL,2B,fletcsc01,Scott Fletcher,277.0,-18.309961049821858,0.3975625608828579,grebecr01,Craig Grebeck,263.6666666666667,0.8287803399949252,newsowa01,Warren Newson,160.0,7.17991419504875,277.0,30.74018750000001,0.43121777911206727,0.0,Chicago White Sox,87,75,758.0,681.0
1991,KCA,AL,2B,shumpte01,Terry Shumpert,417.0,-17.248786129154205,-0.5416629950624088,howarda02,David Howard,165.0,0.41009461155166604,macfami01,Mike Macfarlane,295.0,9.523904297121128,417.0,30.711389830508477,0.9517576066140748,0.0,Kansas City Royals,82,80,727.0,722.0
1991,HOU,NL,SS,yeldier01,Eric Yelding,293.0,-13.344279470036353,-1.1969268993198954,ramirra01,Rafael Ramirez,268.6666666666667,-1.0174181891195144,ortizja01,Javier Ortiz,97.0,3.0762282983156077,293.0,22.636391752577314,0.17950871020038095,0.0,Houston Astros,65,97,605.0,717.0
1991,CHN,NL,OF,dawsoan01,Andre Dawson,596.0,14.056619235011354,-0.3536302581514028,waltoje01,Jerome Walton,578.3333333333334,0.634801687734756,villahe01,Hector Villanueva,214.0,12.582812946799384,596.0,20.987102803738335,0.9884319458861588,0.0,Chicago Cubs,77,83,695.0,734.0
1991,CAL,AL,SS,schofdi02,Dick Schofield,487.0,-21.60819866882038,0.11827496423470407,hilldo01,Donnie Hill,201.66666666666666,1.5327703773786268,gallada01,Dave Gallagher,306.0,-0.8842891019692813,487.0,20.2008496732026,1.4144954131439227,0.0,California Angels,81,81,653.0,649.0
1991,TEX,AL,SS,husonje01,Jeff Huson,317.0,-10.472482501059677,-0.008180151923851187,hernajo01,Jose Hernandez,297.0,0.40472445098994186,stanlmi02,Mike Stanley,223.0,3.6684429093491873,317.0,15.687264573991033,0.41290460291379305,0.0,Texas Rangers,85,77,829.0,814.0
1991,BAL,AL,3B,gomezle02,Leo Gomez,445.0,-2.7705511450206846,-0.24602179758413256,worthcr01,Craig Worthington,253.33333333333334,0.34867166225315716,evansdw01,Dwight Evans,329.0,7.596761063568979,445.0,13.045805471124622,0.5946934598372897,0.0,Baltimore Orioles,67,95,686.0,796.0
1991,NYN,NL,SS,elsteke01,Kevin Elster,394.0,-2.593979901687119,0.14348600606069553,templga01,Garry Templeton,279.0,0.42546599329085083,milleke01,Keith Miller,304.0,7.839416522556135,394.0,12.754276315789477,0.28197998723015527,0.0,New York Mets,77,84,640.0,646.0
1991,CLE,AL,1B,jacobbr01,Brook Jacoby,249.0,-9.328196033955393,-0.5064223914536049,aldremi01,Mike Aldrete,312.3333333333333,0.39060674294495434,hillgl01,Glenallen Hill,140.0,1.6411749206676505,249.0,12.247142857142856,0.8970291343985592,0.0,Cleveland Indians,57,105,576.0,759.0
1991,NYA,AL,3B,kellypa03,Pat Kelly,322.0,-9.115297682464401,-0.6150628364948952,velarra01,Randy Velarde,321.3333333333333,0.48356791467342797,barfije01,Jesse Barfield,321.0,2.65726535381655,322.0,11.780841121495333,1.098630751168323,0.0,New York Yankees,71,91,674.0,777.0
1991,SFN,NL,C,deckest01,Steve Decker,258.0,-10.762403082830643,-0.07305297094216957,manwaki01,Kirt Manwaring,471.3333333333333,0.698982712619019,lewisda01,Darren Lewis,267.0,0.38425727474502813,258.0,11.133707865168534,0.7720356835611886,0.0,San Francisco Giants,75,87,649.0,697.0
1991,LAN,NL,3B,harrile01,Lenny Harris,485.0,4.021141491578055,-0.27214645535536214,sharpmi01,Mike Sharperson,401.6666666666667,0.05099758472144056,webstmi01,Mitch Webster,84.0,2.1654966707063017,485.0,8.482023809523806,0.3231440400768027,0.0,Los Angeles Dodgers,93,69,665.0,565.0
1991,DET,AL,3B,frymatr01,Travis Fryman,612.0,3.881421796061443,-0.6830787614125009,livinsc01,Scott Livingstone,316.0,0.600829450270378,barnesk01,Skeeter Barnes,171.0,3.311720795958347,612.0,7.971052631578957,1.283908211682879,0.0,Detroit Tigers,84,78,817.0,794.0
1991,SLN,NL,1B,guerrpe01,Pedro Guerrero,472.0,0.39040986396874033,-1.6670774238677963,perryge01,Gerald Perry,426.6666666666667,-0.6536100468602601,penage01,Geronimo Pena,212.0,3.415777311782565,472.0,7.214528301886782,1.0134673770075362,0.0,St. Louis Cardinals,84,78,651.0,648.0
1991,SDN,NL,3B,coolbsc01,Scott Coolbaugh,205.0,-6.863847410776289,0.10387218291780867,howelja02,Jack Howell,380.0,1.5077766928753489,wardke01,Kevin Ward,118.0,-1.0348975340078188,205.0,5.065932203389824,1.4039045099575402,0.0,San Diego Padres,84,78,636.0,646.0
1991,ML4,AL,1B,stubbfr01,Franklin Stubbs,404.0,-10.49546665750192,-0.024848627701710233,brockgr01,Greg Brock,158.0,1.265551924445073,dempsri01,Rick Dempsey,174.0,-2.3959683128844906,404.0,4.932413793103448,1.2904005521467832,0.0,Milwaukee Brewers,83,79,799.0,744.0
1991,OAK,AL,C,steinte01,Terry Steinbach,494.0,-5.226139922786995,-0.33444903579403434,quirkja01,Jamie Quirk,436.6666666666667,0.09895045590412684,blankla02,Lance Blankenship,216.0,-0.7936158366841997,494.0,3.411111111111094,0.43339949169816117,0.0,Oakland Athletics,84,78,760.0,776.0
1991,ATL,NL,2B,treadje01,Jeff Treadway,336.0,10.711986682825211,-1.0080994882320955,lemkema01,Mark Lemke,605.3333333333334,0.24446220114140516,huntebr01,Brian Hunter,291.0,2.6586848949468234,336.0,-7.6421649484536225,1.2525616893735005,7.6421649484536225,Atlanta Braves,94,68,749.0,644.0
1991,CIN,NL,OF,oneilpa01,Paul O'Neill,607.0,25.240315227603876,0.33837870152127375,daviser01,Eric Davis,669.0,0.618269245286197,bragggl01,Glenn Braggs,279.0,6.466471084845923,607.0,-11.171684587813644,0.2798905437649232,11.171684587813644,Cincinnati Reds,74,88,689.0,691.0
1992,BOS,AL,2B,reedjo01,Jody Reed,626.0,-15.305091461659778,0.21956372340729097,naehrti01,Tim Naehring,170.33333333333334,1.585535088036191,wedgeer01,Eric Wedge,81.0,4.002280497772458,626.0,46.2362962962963,1.3659713646289,0.0,Boston Red Sox,73,89,599.0,669.0
1992,ATL,NL,2B,lemkema01,Mark Lemke,491.0,-11.160397018289464,-0.3224168528575636,treadje01,Jeff Treadway,252.66666666666666,0.11331951681206387,sandede02,Deion Sanders,325.0,16.815358389115943,491.0,36.56452307692309,0.4357363696696275,0.0,Atlanta Braves,98,64,682.0,569.0
1992,NYN,NL,C,hundlto01,Todd Hundley,390.0,-15.35556993306087,0.1849570584103782,obriech01,Charlie O'Brien,427.3333333333333,0.22298654277190214,walkech01,Chico Walker,255.0,12.144050428383279,390.0,33.928823529411765,0.038029484361523924,0.0,New York Mets,72,90,599.0,653.0
1992,TEX,AL,C,rodriiv01,Ivan Rodriguez,454.0,-9.721168568040797,0.1378392104540034,petrage01,Geno Petralli,367.6666666666667,0.48853133634079593,cansejo01,Jose Canseco,91.0,4.1937966086085625,454.0,30.644065934065935,0.35069212588679255,0.0,Texas Rangers,77,85,682.0,753.0
1992,OAK,AL,SS,weisswa01,Walt Weiss,375.0,-17.14314584364603,-0.8873623286745491,bordimi01,Mike Bordick,578.3333333333334,-0.21990738572852556,sierrru01,Ruben Sierra,117.0,3.4277384967824363,375.0,28.12948717948717,0.6674549429460236,0.0,Oakland Athletics,96,66,745.0,672.0
1992,CLE,AL,SS,lewisma01,Mark Lewis,446.0,-9.96238145670969,-0.5963954849591162,fermife01,Felix Fermin,420.6666666666667,-0.5596517359227858,jeffere01,Reggie Jefferson,91.0,3.143796608608562,446.0,25.370439560439564,0.036743749036330375,0.0,Cleveland Indians,76,86,674.0,746.0
1992,SLN,NL,1B,galaran01,Andres Galarraga,347.0,-3.664801966082364,-0.4769562246819611,brewero01,Rod Brewer,206.66666666666666,1.3751568944614412,penage01,Geronimo Pena,236.0,13.815552553327262,347.0,23.97834745762711,1.8521131191434024,0.0,St. Louis Cardinals,83,79,631.0,604.0
1992,MON,NL,1B,wallati01,Tim Wallach,602.0,-10.860751537699082,-0.30804032862274533,cianfar01,Archi Cianfrocco,386.6666666666667,-0.0355803464688303,cordewi01,Wil Cordero,137.0,2.941274151719642,602.0,23.785182481751814,0.27245998215391504,0.0,Montreal Expos,87,75,648.0,581.0
1992,CHA,AL,2B,saxst01,Steve Sax,630.0,-21.16448501732533,-0.9276414441116883,corajo01,Joey Cora,210.33333333333334,-0.09737670039080726,newsowa01,Warren Newson,173.0,0.5662287174646334,630.0,23.226473988439313,0.830264743720881,0.0,Chicago White Sox,86,76,738.0,690.0
1992,PIT,NL,1B,merceor01,Orlando Merced,465.0,5.537974310581283,0.35384191274629684,redusga01,Gary Redus,247.33333333333334,1.3751568944614412,slaugdo01,Don Slaught,285.0,16.45746812584014,465.0,21.313684210526315,1.0213149817151443,0.0,Pittsburgh Pirates,96,66,693.0,595.0
1992,NYA,AL,OF,kellyro01,Roberto Kelly,632.0,1.135818204841871,0.462581035724168,willibe02,Bernie Williams,551.3333333333334,1.3948962299280754,stanlmi02,Mike Stanley,207.0,6.5013834943073885,632.0,18.713816425120783,0.9323151942039074,0.0,New York Yankees,76,86,733.0,746.0
1992,MIN,AL,SS,gagnegr01,Greg Gagne,473.0,-17.67828795745219,0.7264722725502936,rebouje01,Jeff Reboulet,222.0,1.2772692876787528,webstle01,Lenny Webster,129.0,-0.19044217021423693,473.0,16.97999999999999,0.5507970151284592,0.0,Minnesota Twins,90,72,747.0,653.0
1992,LAN,NL,2B,harrile01,Lenny Harris,380.0,-6.240042498879826,0.23979039367617228,sharpmi01,Mike Sharperson,331.6666666666667,1.246523018762782,webstmi01,Mitch Webster,304.0,7.205966000896143,380.0,15.247500000000006,1.0067326250866098,0.0,Los Angeles Dodgers,63,99,548.0,636.0
1992,SFN,NL,SS,claytro01,Royce Clayton,352.0,-11.302565683172888,0.14954321954843877,benjami01,Mike Benjamin,211.66666666666666,0.5895065417645565,leonama01,Mark Leonard,148.0,1.4261939741204934,352.0,14.694594594594601,0.4399633222161178,0.0,San Francisco Giants,72,90,574.0,647.0
1992,SDN,NL,2B,stillku01,Kurt Stillwell,416.0,-14.963941261931593,-0.6629987029323925,teufeti01,Tim Teufel,390.3333333333333,0.10808555092250412,walteda01,Dan Walters,194.0,-0.35323222311232794,416.0,14.206494845360828,0.7710842538548967,0.0,San Diego Padres,82,80,617.0,636.0
1992,CHN,NL,C,girarjo01,Joe Girardi,291.0,-6.529848334668492,0.10415337710938605,wilkiri01,Rick Wilkins,589.0,0.5278020227403238,ariasal01,Alex Arias,113.0,2.3305399937541558,291.0,12.531504424778753,0.4236486456309378,0.0,Chicago Cubs,78,84,593.0,624.0
1992,CAL,AL,3B,gaettga01,Gary Gaetti,486.0,-19.08631701336527,0.3796856828167948,easleda01,Damion Easley,373.3333333333333,0.8528830351158125,davisal01,Alvin Davis,118.0,-1.6721098921339532,486.0,12.199491525423737,0.4731973522990177,0.0,California Angels,72,90,579.0,671.0
1992,CIN,NL,2B,doranbi02,Bill Doran,456.0,3.533949001344226,-0.24881475816564497,benavfr01,Freddie Benavides,200.0,0.4118350439745352,colesda01,Darnell Coles,149.0,5.1266412307023845,456.0,12.155637583892602,0.6606498021401801,0.0,Cincinnati Reds,90,72,660.0,609.0
1992,HOU,NL,SS,cedenan01,Andujar Cedeno,237.0,-14.39400019009084,-0.8870187523129218,candaca01,Casey Candaele,391.3333333333333,0.5007154985071296,taubeed01,Ed Taubensee,331.0,-6.391958071392686,237.0,9.817280966767374,1.3877342508200514,0.0,Houston Astros,81,81,608.0,668.0
1992,PHI,NL,OF,amaroru02,Ruben Amaro,426.0,-4.009468696112646,0.6204195516847839,javiest01,Stan Javier,604.3333333333334,1.3933318030855322,jordari02,Ricky Jordan,284.0,3.4670208692582345,426.0,9.209999999999997,0.7729122514007483,0.0,Philadelphia Phillies,70,92,686.0,717.0
1992,KCA,AL,C,macfami01,Mike Macfarlane,450.0,2.1482249876247588,-0.32566803985036386,maynebr01,Brent Mayne,458.3333333333333,0.36079732902573086,samueju01,Juan Samuel,110.0,1.1466772191971641,450.0,2.542727272727276,0.6864653688760947,0.0,Kansas City Royals,72,90,610.0,667.0
1992,ML4,AL,C,surhobj01,B. J. Surhoff,543.0,-12.557675181599464,0.42622931834891126,nilssda01,Dave Nilsson,388.0,0.7738834207360973,jahajo01,John Jaha,152.0,-3.116955115291193,543.0,1.422763157894743,0.347654102387186,0.0,Milwaukee Brewers,92,70,740.0,604.0
1992,BAL,AL,1B,millira01,Randy Milligan,577.0,11.99747959524331,0.09243155670043779,seguida01,David Segui,385.0,1.0051132155454838,martich01,Chito Martinez,235.0,5.205628604648489,577.0,0.7840000000000016,0.912681658845046,0.0,Baltimore Orioles,89,73,705.0,656.0
1992,SEA,AL,1B,martiti02,Tino Martinez,513.0,1.437776485892222,0.3233697334118145,obriepe03,Pete O'Brien,625.3333333333334,0.5517315207278312,parrila02,Lance Parrish,214.0,0.16244477189266693,513.0,-1.0483644859812962,0.22836178731601664,1.0483644859812962,Seattle Mariners,64,98,679.0,799.0
1992,DET,AL,SS,frymatr01,Travis Fryman,721.0,1.669311591283238,0.3069860455087142,trammal01,Alan Trammell,229.0,0.6635239434903213,barnesk01,Skeeter Barnes,181.0,-0.5825583938664822,721.0,-3.9898895027624297,0.35653789798160707,3.9898895027624297,Detroit Tigers,75,87,791.0,794.0
1992,TOR,AL,1B,olerujo01,John Olerud,537.0,21.00141515189889,0.1606245644599634,tablepa01,Pat Tabler,265.3333333333333,1.5656578564109451,kentje01,Jeff Kent,222.0,3.603657660561548,537.0,-12.28445945945947,1.4050332919509818,12.28445945945947,Toronto Blue Jays,96,66,780.0,682.0
1993,OAK,AL,OF,sierrru01,Ruben Sierra,692.0,-14.256964544675991,-0.1159388187330945,hendeda01,Dave Henderson,612.3333333333334,1.407176197371055,mcgwima01,Mark McGwire,107.0,14.170772823294323,692.0,105.90345794392526,1.5231150161041496,0.0,Oakland Athletics,68,94,715.0,846.0
1993,CHN,NL,OF,sosasa01,Sammy Sosa,641.0,12.591061158317125,0.05720191741283096,wilsowi02,Willie Wilson,411.6666666666667,0.5303656543643295,hillgl01,Glenallen Hill,93.0,12.277080636074094,641.0,72.02838709677422,0.4731637369514985,0.0,Chicago Cubs,84,78,738.0,739.0
1993,SLN,NL,OF,whitema01,Mark Whiten,626.0,2.8683062170148634,-0.12614946315067377,lankfra01,Ray Lankford,1012.6666666666666,0.7226613835619973,perryge01,Gerald Perry,116.0,8.744638212737582,626.0,44.32258620689657,0.848810846712671,0.0,St. Louis Cardinals,87,75,758.0,744.0
1993,BAL,AL,2B,reynoha01,Harold Reynolds,570.0,-10.986256922637734,0.29372051373461433,mclemma01,Mark McLemore,183.66666666666666,1.5206245114931767,paglimi01,Mike Pagliarulo,126.0,7.001564259206391,570.0,42.65999999999998,1.2269039977585623,0.0,Baltimore Orioles,85,77,786.0,745.0
1993,NYA,AL,SS,owensp01,Spike Owen,367.0,-17.0415548958036,0.11992804504354376,gallemi01,Mike Gallego,400.6666666666667,1.1654539645652586,leyriji01,Jim Leyritz,305.0,19.13323094490437,367.0,40.06416393442624,1.0455259195217148,0.0,New York Yankees,88,74,821.0,761.0
1993,PIT,NL,2B,garcica01,Carlos Garcia,597.0,-4.1003533361695395,-0.4028580861752892,foleyto02,Tom Foley,242.66666666666666,0.28462899601276737,smithlo01,Lonnie Smith,252.0,13.626283013878181,597.0,36.38166666666666,0.6874870821880565,0.0,Pittsburgh Pirates,75,87,707.0,806.0
1993,FLO,NL,C,santibe01,Benito Santiago,515.0,-11.502080348621956,-0.4868420953312625,natalro01,Bob Natal,281.6666666666667,-0.01148806958426459,sheffga01,Gary Sheffield,275.0,13.053840590541679,515.0,35.94836363636365,0.4753540257469979,0.0,Florida Marlins,64,98,581.0,724.0
1993,CAL,AL,SS,disarga01,Gary Disarcina,445.0,-26.627253211532974,0.13781547831740656,correro01,Rod Correia,277.3333333333333,1.0092859889751054,easleda01,Damion Easley,264.0,5.369944162146725,445.0,35.67886363636362,0.8714705106576988,0.0,California Angels,71,91,684.0,770.0
1993,MIN,AL,SS,mearepa01,Pat Meares,361.0,-23.234962717670566,-0.2711661157639517,rebouje01,Jeff Reboulet,397.0,0.8084304084929315,halech01,Chip Hale,213.0,7.190977676277475,361.0,35.4224882629108,1.0795965242568832,0.0,Minnesota Twins,71,91,693.0,830.0
1993,ATL,NL,OF,justida01,David Justice,670.0,28.359720711501524,0.01566764285284769,nixonot01,Otis Nixon,998.6666666666666,1.052291676575956,mcgrifr01,Fred McGriff,291.0,24.9234458612641,670.0,29.024158075601385,1.0366240337231083,0.0,Atlanta Braves,104,58,767.0,559.0
1993,ML4,AL,2B,spierbi01,Bill Spiers,386.0,-17.87076345989153,-0.9163565355186492,bellju01,Juan Bell,388.6666666666667,0.3209517946328047,seitzke01,Kevin Seitzer,182.0,4.713370596631452,386.0,27.867252747252746,1.2373083301514538,0.0,Milwaukee Brewers,69,93,733.0,792.0
1993,NYN,NL,C,hundlto01,Todd Hundley,448.0,-16.95105241977212,0.0320949451451289,obriech01,Charlie O'Brien,494.3333333333333,0.5832675132493851,burnije01,Jeromy Burnitz,306.0,6.286200802566376,448.0,26.15437908496734,0.5511725681042562,0.0,New York Mets,59,103,672.0,744.0
1993,SDN,NL,2B,gardnje01,Jeff Gardner,452.0,-5.663651102091499,-0.14780886790002806,teufeti01,Tim Teufel,353.6666666666667,0.4118866768620676,mcgrifr01,Fred McGriff,349.0,14.230764967632883,452.0,24.094326647564458,0.5596955447620957,0.0,San Diego Padres,61,101,679.0,772.0
1993,TOR,AL,C,bordepa01,Pat Borders,520.0,-18.29465543819583,-0.14392089689248497,knorrra01,Randy Knorr,256.3333333333333,0.880017096938098,henderi01,Rickey Henderson,203.0,1.5852979731658596,520.0,22.35551724137931,1.023937993830583,0.0,Toronto Blue Jays,95,67,847.0,742.0
1993,CIN,NL,2B,samueju01,Juan Samuel,289.0,-8.970254797576203,-0.7028284655280462,roberbi01,Bip Roberts,525.3333333333334,0.28655663817978827,kellyro01,Roberto Kelly,342.0,12.912812661691827,289.0,19.881959064327482,0.9893851037078345,0.0,Cincinnati Reds,73,89,722.0,785.0
1993,SFN,NL,1B,clarkwi02,Will Clark,567.0,14.87413678122594,-0.590826766408636,benzito01,Todd Benzinger,280.6666666666667,1.6432668248222262,carrema01,Mark Carreon,169.0,10.297705672005607,567.0,19.67497041420116,2.234093591230862,0.0,San Francisco Giants,103,59,808.0,636.0
1993,TEX,AL,SS,leema02,Manuel Lee,239.0,-14.29425509563232,-0.037613179593437684,diazma01,Mario Diaz,419.3333333333333,0.4738515160535107,duceyro01,Rob Ducey,99.0,2.186229060805024,239.0,19.572121212121218,0.5114646956469484,0.0,Texas Rangers,86,76,835.0,751.0
1993,HOU,NL,SS,cedenan01,Andujar Cedeno,565.0,5.260436122385609,-1.0105013748396114,uribejo01,Jose Uribe,165.66666666666666,-0.4872920470430897,jamesch02,Chris James,148.0,4.543848754182427,565.0,12.086013513513521,0.5232093277965217,0.0,Houston Astros,85,77,716.0,630.0
1993,CLE,AL,3B,espinal01,Alvaro Espinoza,283.0,-7.7492644019411925,-0.5356299075504409,thomeji01,Jim Thome,381.0,-0.014533514886634694,maldoca01,Candy Maldonado,94.0,0.8233892092492174,283.0,10.22819148936171,0.5210963926638063,0.0,Cleveland Indians,76,86,790.0,813.0
1993,DET,AL,1B,fieldce01,Cecil Fielder,672.0,19.501676049100773,-0.4678716926293774,tettlmi01,Mickey Tettleton,363.0,-0.07593404525220583,daviser01,Eric Davis,89.0,3.9305493576934025,672.0,10.176179775280875,0.39193764737717157,0.0,Detroit Tigers,85,77,899.0,837.0
1993,MON,NL,SS,cordewi01,Wil Cordero,521.0,-5.450978372101037,-0.9264945997244707,lansimi01,Mike Lansing,343.0,-0.11407432400970144,readyra01,Randy Ready,159.0,0.8392023778040962,521.0,8.200817610062886,0.8124202757147693,0.0,Montreal Expos,94,68,732.0,682.0
1993,CHA,AL,SS,guilloz01,Ozzie Guillen,486.0,-15.503966428775337,-0.39852343764334136,grebecr01,Craig Grebeck,321.0,0.554222706693043,jacksbo01,Bo Jackson,308.0,-5.005065144162142,486.0,7.606363636363644,0.9527461443363843,0.0,Chicago White Sox,94,68,776.0,664.0
1993,PHI,NL,3B,hollida01,Dave Hollins,640.0,19.814210828896996,-1.0384884769099862,batiski01,Kim Batiste,210.66666666666666,0.43583550373078017,stockke01,Kevin Stocker,302.0,12.738799484885762,640.0,7.181920529801307,1.4743239806407664,0.0,Philadelphia Phillies,97,65,877.0,740.0
1993,SEA,AL,3B,blowemi01,Mike Blowers,429.0,9.55365926348844,0.17031186665895515,magadda01,Dave Magadan,211.0,0.925387772858087,littogr01,Greg Litton,199.0,4.003026091921216,429.0,-0.9240201005025024,0.7550759061991319,0.9240201005025024,Seattle Mariners,82,80,734.0,731.0
1993,BOS,AL,OF,greenmi01,Mike Greenwell,603.0,21.812486097630618,0.08163567440589253,caldeiv01,Ivan Calderon,357.0,0.7236305660269438,naehrti01,Tim Naehring,141.0,3.280083813873819,603.0,-7.784893617021308,0.6419948916210512,7.784893617021308,Boston Red Sox,80,82,686.0,698.0
1993,COL,NL,OF,bicheda01,Dante Bichette,581.0,25.21004139310803,0.06642334688746362,coleal01,Alex Cole,749.6666666666666,0.6578248657403885,liriane01,Nelson Liriano,175.0,4.188807648526523,581.0,-11.30319999999997,0.5914015188529248,11.30319999999997,Colorado Rockies,67,95,758.0,967.0
1993,KCA,AL,C,macfami01,Mike Macfarlane,451.0,14.406154610334003,-0.20630807262295783,maynebr01,Brent Mayne,505.0,-0.18937658996734938,gaettga01,Gary Gaetti,313.0,1.4477747073936644,451.0,-12.320063897763578,0.016931482655608454,12.320063897763578,Kansas City Royals,84,78,675.0,694.0
1994,MIN,AL,C,walbema01,Matt Walbeck,359.0,-31.397093385773893,0.5783327083050178,parksde01,Derek Parks,218.0,0.793635535324213,macksh01,Shane Mack,347.0,20.961166003165605,359.0,53.08314121037462,0.21530282701919523,0.0,Minnesota Twins,53,60,594.0,688.0
1994,SDN,NL,SS,gutieri01,Ricky Gutierrez,314.0,-12.586073314493344,-1.6689289677727743,lopezlu02,Luis Lopez,328.3333333333333,-0.41533964910264876,willied01,Eddie Williams,196.0,13.967355510698422,314.0,34.96234693877551,1.2535893186701257,0.0,San Diego Padres,47,70,479.0,531.0
1994,SEA,AL,SS,fermife01,Felix Fermin,411.0,-9.372884071178479,-0.43924793089340275,sojolu01,Luis Sojo,154.0,1.5389044794642293,jeffere01,Reggie Jefferson,181.0,8.895420883495607,411.0,29.571878453038668,1.978152410357632,0.0,Seattle Mariners,49,63,569.0,616.0
1994,COL,NL,OF,bicheda01,Dante Bichette,509.0,20.030887525232142,0.11585903209058346,kingemi01,Mike Kingery,709.0,0.3423302556614151,burksel01,Ellis Burks,165.0,15.98512071053694,509.0,29.28078787878787,0.22647122357083166,0.0,Colorado Rockies,53,64,573.0,638.0
1994,HOU,NL,C,servasc01,Scott Servais,275.0,-14.601465482438433,-0.49285749789269945,eusebto01,Tony Eusebio,379.0,0.18307681745898385,basske01,Kevin Bass,235.0,9.622747678643517,275.0,25.862127659574462,0.6759343153516832,0.0,Houston Astros,66,49,602.0,503.0
1994,ATL,NL,3B,pendlte01,Terry Pendleton,324.0,-9.132126604763828,0.2559093583674178,pecotbi01,Bill Pecota,209.66666666666666,1.4618519155002438,kleskry01,Ryan Klesko,276.0,13.108929188534514,324.0,24.520869565217385,1.205942557132826,0.0,Atlanta Braves,68,46,542.0,448.0
1994,NYA,AL,2B,kellypa03,Pat Kelly,329.0,-6.336444913425099,-0.006847226094587482,gallemi01,Mike Gallego,172.33333333333334,0.8489565354050962,stanlmi02,Mike Stanley,333.0,15.460801956928398,329.0,21.611531531531533,0.8558037614996836,0.0,New York Yankees,70,43,670.0,534.0
1994,OAK,AL,OF,javiest01,Stan Javier,480.0,-2.140375557580695,0.6444127213659154,berroge01,Geronimo Berroa,300.0,0.8294841493754581,mcgwima01,Mark McGwire,172.0,6.961615425200252,480.0,21.568139534883723,0.18507142800954268,0.0,Oakland Athletics,51,63,549.0,589.0
1994,CLE,AL,SS,vizquom01,Omar Vizquel,322.0,-11.981626936543712,0.43807272790246643,espinal01,Alvaro Espinoza,290.0,0.5475227148232634,ramirma02,Manny Ramirez,336.0,9.838737109693502,322.0,21.410416666666652,0.109449986920797,0.0,Cleveland Indians,66,47,679.0,562.0
1994,SLN,NL,OF,lankfra01,Ray Lankford,482.0,13.650231408962464,0.6111136898858609,jordabr01,Brian Jordan,385.0,0.9169167853398663,perryge01,Gerald Perry,92.0,6.6563097295115075,482.0,21.223043478260866,0.3058030954540054,0.0,St. Louis Cardinals,53,61,535.0,621.0
1994,BAL,AL,2B,mclemma01,Mark McLemore,400.0,-8.685312964650594,0.15892866929125868,huletti01,Tim Hulett,181.66666666666666,1.7676576444167111,gomezle02,Leo Gomez,333.0,9.36080195692839,400.0,19.929519519519527,1.6087289751254525,0.0,Baltimore Orioles,63,49,589.0,497.0
1994,CAL,AL,2B,reynoha01,Harold Reynolds,235.0,-13.561746366732212,0.012180609353244054,hudlere01,Rex Hudler,163.66666666666666,0.20711410613783499,jacksbo01,Bo Jackson,224.0,4.585824739795675,235.0,18.372767857142854,0.19493349678459093,0.0,California Angels,47,68,543.0,660.0
1994,MON,NL,2B,lansimi01,Mike Lansing,435.0,-7.618318126766251,-0.40575796904564776,bellju01,Juan Bell,181.0,0.7013114097352513,webstle01,Lenny Webster,166.0,4.085515381509888,435.0,18.324337349397585,1.1070693787808992,0.0,Montreal Expos,74,40,585.0,454.0
1994,TEX,AL,OF,gonzaju03,Juan Gonzalez,463.0,1.3513252434169676,0.19031160397649477,mcdowod01,Oddibe McDowell,406.3333333333333,0.31782048752993486,greerru01,Rusty Greer,331.0,13.952178521751643,463.0,18.164864048338348,0.1275088835534401,0.0,Texas Rangers,52,62,613.0,697.0
1994,ML4,AL,OF,wardtu01,Turner Ward,427.0,-10.843896589764492,0.8361131807414495,diazal01,Alex Diaz,470.3333333333333,0.8634558857344543,seitzke01,Kevin Seitzer,348.0,5.8004777207539835,427.0,17.96114942528734,0.02734270499300484,0.0,Milwaukee Brewers,53,62,547.0,586.0
1994,FLO,NL,SS,abbotku01,Kurt Abbott,371.0,-8.57357706903512,0.20827532149463596,ariasal01,Alex Arias,154.0,0.24044083657116067,colbrgr01,Greg Colbrunn,168.0,3.9063047234557966,371.0,17.200000000000003,0.03216551507652471,0.0,Florida Marlins,51,64,468.0,576.0
1994,CHN,NL,SS,dunstsh01,Shawon Dunston,356.0,-4.029497133629401,0.019981698653362377,sanchre01,Rey Sanchez,189.33333333333334,0.9307565932020792,hillgl01,Glenallen Hill,299.0,9.098006620912397,356.0,14.861906354515066,0.9107748945487167,0.0,Chicago Cubs,49,64,500.0,549.0
1994,CIN,NL,OF,sandere02,Reggie Sanders,447.0,8.596417924909165,0.0011418826749770156,sandede02,Deion Sanders,380.0,1.3048584203474825,brumfja01,Jacob Brumfield,141.0,7.105648607186113,447.0,13.930000000000003,1.3037165376725055,0.0,Cincinnati Reds,66,48,609.0,490.0
1994,PHI,NL,3B,hollida01,Dave Hollins,192.0,-2.7242231731933724,-2.0705689429861844,batiski01,Kim Batiste,343.3333333333333,-0.581959142482786,daultda01,Darren Daulton,292.0,16.92524392410173,192.0,13.853150684931496,1.4886098005033985,0.0,Philadelphia Phillies,54,61,521.0,497.0
1994,PIT,NL,1B,huntebr01,Brian Hunter,252.0,-4.58054291481631,-0.08918606097223639,merceor01,Orlando Merced,401.6666666666667,0.41312100150954983,clarkda05,Dave Clark,249.0,7.078273072264831,252.0,11.744096385542164,0.5023070624817862,0.0,Pittsburgh Pirates,53,61,466.0,580.0
1994,NYN,NL,1B,seguida01,David Segui,374.0,-6.602393056116265,0.935811151771948,brognri01,Rico Brogna,296.3333333333333,1.1710439426107018,lindeji01,Jim Lindeman,145.0,1.4672272910779158,374.0,10.386827586206888,0.2352327908387538,0.0,New York Mets,55,58,506.0,526.0
1994,SFN,NL,2B,pattejo01,John Patterson,274.0,-7.511860153411392,-0.22151092802632494,scarsst01,Steve Scarsone,154.33333333333334,1.392425516509773,strawda01,Darryl Strawberry,113.0,0.9645978199434802,274.0,9.850796460176998,1.613936444536098,0.0,San Francisco Giants,55,60,504.0,500.0
1994,BOS,AL,OF,nixonot01,Otis Nixon,461.0,-7.347298191759785,0.6751032413999573,tinslle01,Lee Tinsley,391.0,0.6871430566206083,brunato01,Tom Brunansky,204.0,-0.46040961197178554,461.0,6.306862745098054,0.012039815220651007,0.0,Boston Red Sox,54,61,552.0,621.0
1994,CHA,AL,2B,corajo01,Joey Cora,368.0,-5.803287927478541,-0.3657987135873486,martino01,Norberto Martin,217.0,-0.33840536192291515,grebecr01,Craig Grebeck,113.0,-0.2777759125137882,368.0,4.898672566371691,0.027393351664433463,0.0,Chicago White Sox,67,46,633.0,498.0
1994,DET,AL,OF,phillto02,Tony Phillips,538.0,20.57970406254497,0.2277021615937173,bautida01,Danny Bautista,216.0,1.1301521888054107,samueju01,Juan Samuel,151.0,6.636069355844408,538.0,3.064039735099346,0.9024500272116933,0.0,Detroit Tigers,53,62,652.0,671.0
1994,TOR,AL,OF,cartejo01,Joe Carter,483.0,9.237559595184424,-0.16615050953633742,whitede03,Devon White,812.6666666666666,0.7652139687639511,huffmi01,Mike Huff,237.0,5.536877068444525,483.0,2.046455696202521,0.9313644783002886,0.0,Toronto Blue Jays,55,60,566.0,579.0
1994,LAN,NL,OF,mondera01,Raul Mondesi,454.0,11.50918062171982,-0.6151694769399291,butlebr01,Brett Butler,944.6666666666666,0.9416030642419853,webstmi01,Mitch Webster,93.0,1.0667044004844541,454.0,-6.301827956989259,1.5567725411819144,6.301827956989259,Los Angeles Dodgers,58,56,532.0,509.0
1994,KCA,AL,C,macfami01,Mike Macfarlane,370.0,5.585335507698224,-0.01975889618797233,maynebr01,Brent Mayne,341.6666666666667,0.5610496976370177,shumpte01,Terry Shumpert,202.0,-3.039033047148547,370.0,-11.15188118811883,0.5808085938249901,11.15188118811883,Kansas City Royals,64,51,574.0,532.0
1995,SFN,NL,C,manwaki01,Kirt Manwaring,424.0,-11.818093139207647,0.24885162339898695,reedje02,Jeff Reed,245.66666666666666,1.2239995627625102,willima04,Matt Williams,318.0,30.273930145594278,424.0,52.18333333333335,0.9751479393635233,0.0,San Francisco Giants,67,77,652.0,776.0
1995,FLO,NL,SS,abbotku01,Kurt Abbott,468.0,2.6348405916292847,-0.9863543345225749,ariasal01,Alex Arias,258.0,-0.9311160060118386,sheffga01,Gary Sheffield,274.0,30.62099641475733,468.0,49.66671532846717,0.05523832851073629,0.0,Florida Marlins,67,76,673.0,673.0
1995,CHN,NL,3B,zeileto01,Todd Zeile,325.0,-11.929694033590767,-0.68965910346071,buechst01,Steve Buechele,268.6666666666667,-0.09888479773452193,haneyto01,Todd Haney,81.0,8.569491640858912,325.0,46.31345679012344,0.590774305726188,0.0,Chicago Cubs,73,71,693.0,671.0
1995,CHA,AL,SS,guilloz01,Ozzie Guillen,433.0,-30.28084820975758,-0.2387493579754991,grebecr01,Craig Grebeck,236.0,0.2889169583952008,moutoly01,Lyle Mouton,201.0,5.127412262906994,433.0,41.32646766169155,0.5276663163706999,0.0,Chicago White Sox,68,76,755.0,758.0
1995,TEX,AL,2B,fryeje01,Jeff Frye,354.0,-7.143811238462318,-0.032231536342256895,mclemma01,Mark McLemore,518.6666666666666,0.33013596765872466,palmede01,Dean Palmer,145.0,13.187337204584649,354.0,39.33910344827587,0.36236750400098156,0.0,Texas Rangers,74,70,691.0,720.0
1995,DET,AL,SS,gomezch02,Chris Gomez,482.0,-19.810782533725536,0.08461606862250776,trammal01,Alan Trammell,470.0,0.14254796351895105,whitalo01,Lou Whitaker,285.0,11.217524850390507,482.0,38.7821754385965,0.05793189489644329,0.0,Detroit Tigers,60,84,654.0,844.0
1995,SLN,NL,SS,crometr01,Tripp Cromer,369.0,-20.126760302753826,-0.13729713267576288,oquenjo01,Jose Oquendo,161.33333333333334,0.6868020127633075,zeileto01,Todd Zeile,148.0,5.2562316400878935,369.0,33.23182432432432,0.8240991454390705,0.0,St. Louis Cardinals,62,81,563.0,658.0
1995,BAL,AL,2B,alexama02,Manny Alexander,268.0,-13.056783649457353,-1.045826201870931,husonje01,Jeff Huson,160.0,0.17306306167692576,bonilbo01,Bobby Bonilla,263.0,12.736066791763871,268.0,26.034980988593162,1.2188892635478568,0.0,Baltimore Orioles,71,73,704.0,640.0
1995,ATL,NL,SS,blausje01,Jeff Blauser,504.0,-11.400940901322313,-0.07711244726371791,bellira01,Rafael Belliard,280.0,0.00629256269184264,mordemi01,Mike Mordecai,87.0,2.453528058700316,504.0,25.614482758620696,0.08340500995556055,0.0,Atlanta Braves,90,54,645.0,540.0
1995,KCA,AL,SS,gagnegr01,Greg Gagne,482.0,-14.46078253372554,0.04915989856790848,howarda02,David Howard,227.0,1.4602644135660765,lockhke01,Keith Lockhart,300.0,6.758973526726848,482.0,25.32020000000001,1.411104514998168,0.0,Kansas City Royals,70,74,629.0,691.0
1995,TOR,AL,OF,cartejo01,Joe Carter,603.0,-9.627763211279024,-0.15977918353431228,whitede03,Devon White,862.3333333333334,0.9040058000223419,maldoca01,Candy Maldonado,190.0,4.7816832335936725,603.0,24.80331578947368,1.0637849835566542,0.0,Toronto Blue Jays,56,88,642.0,777.0
1995,MIN,AL,SS,mearepa01,Pat Meares,425.0,-5.53228750380363,-0.44651450446771757,rebouje01,Jeff Reboulet,249.66666666666666,1.0590099535523223,clarkje01,Jerald Clark,113.0,4.8815800284004425,425.0,23.892212389380514,1.50552445802004,0.0,Minnesota Twins,56,88,703.0,889.0
1995,OAK,AL,3B,paquecr01,Craig Paquette,304.0,-12.125306826250123,-1.2128634206820545,giambja01,Jason Giambi,225.0,0.6478363089556717,willige03,George Williams,94.0,3.3744117050410782,304.0,23.03829787234042,1.8606997296377261,0.0,Oakland Athletics,67,77,730.0,761.0
1995,NYA,AL,SS,fernato01,Tony Fernandez,438.0,-14.7636986509788,-0.5675956431000257,velarra01,Randy Velarde,217.0,0.5314851160224865,strawda01,Darryl Strawberry,99.0,1.3115612638198608,438.0,20.56636363636364,1.0990807591225122,0.0,New York Yankees,79,65,749.0,688.0
1995,MON,NL,SS,cordewi01,Wil Cordero,564.0,3.419423277091722,-1.147874708033695,grudzma01,Mark Grudzielanek,282.6666666666667,1.1754139095713052,berryse01,Sean Berry,348.0,14.124112234801252,564.0,19.47137931034479,2.3232886176050003,0.0,Montreal Expos,66,78,621.0,638.0
1995,SEA,AL,2B,corajo01,Joey Cora,487.0,-4.313632974946753,-2.086452674506135,fermife01,Felix Fermin,207.0,-0.2874715480081151,griffke02,Ken Griffey,314.0,9.408992291307431,487.0,18.90656050955414,1.7989811264980198,0.0,Seattle Mariners,79,66,796.0,708.0
1995,COL,NL,2B,younger01,Eric Young,424.0,22.221906860792345,0.14622507270072116,batesja01,Jason Bates,552.0,0.3906939190726464,vandejo02,John Vander Wal,118.0,10.696049550880891,424.0,16.2113559322034,0.24446884637192523,0.0,Colorado Rockies,77,67,785.0,783.0
1995,ML4,AL,SS,valenjo03,Jose Valentin,386.0,-10.818054062278112,0.16508790082529484,listapa01,Pat Listach,260.0,0.2567986412265153,nilssda01,Dave Nilsson,294.0,2.8903940561923047,386.0,14.612925170068008,0.09171074040122046,0.0,Milwaukee Brewers,65,79,740.0,747.0
1995,CAL,AL,2B,easleda01,Damion Easley,405.0,-23.34088573891875,-0.8989759921028522,hudlere01,Rex Hudler,345.0,0.41116449065782423,myersgr01,Greg Myers,294.0,-6.659605943807685,405.0,14.166938775510205,1.3101404827606764,0.0,California Angels,78,67,801.0,697.0
1995,CLE,AL,C,penato01,Tony Peña,279.0,-9.591054620144028,-0.4082113547075563,alomasa02,Sandy Alomar,466.6666666666667,0.24145793556690384,perryhe01,Herbert Perry,184.0,3.0131037630591306,279.0,14.159836956521731,0.6496692902744602,0.0,Cleveland Indians,100,44,840.0,607.0
1995,SDN,NL,1B,willied01,Eddie Williams,325.0,-0.1996940335907622,-0.7008378713644254,petagro01,Roberto Petagine,262.3333333333333,0.8117536067970464,livinsc01,Scott Livingstone,213.0,9.008292833369746,325.0,13.944741784037557,1.5125914781614718,0.0,San Diego Padres,70,74,668.0,672.0
1995,HOU,NL,OF,bellde01,Derek Bell,499.0,17.42736208380989,-0.6857327451778544,moutoja01,James Mouton,638.6666666666666,0.3194119039086242,cangejo01,John Cangelosi,256.0,15.318887161233121,499.0,12.432499999999985,1.0051446490864786,0.0,Houston Astros,76,68,747.0,674.0
1995,NYN,NL,OF,butlebr01,Brett Butler,418.0,7.837870442950964,0.9386886295066983,thompry01,Ryan Thompson,642.0,1.0892255977822918,seguida01,David Segui,92.0,4.105225073568149,418.0,10.814130434782584,0.15053696827559349,0.0,New York Mets,69,75,657.0,618.0
1995,BOS,AL,C,macfami01,Mike Macfarlane,420.0,-6.649437062582402,-0.47394525392971226,haselbi01,Bill Haselman,334.3333333333333,0.05136994729847022,jeffere01,Reggie Jefferson,132.0,1.2787483517598113,420.0,10.718181818181801,0.5253152012281825,0.0,Boston Red Sox,86,58,791.0,698.0
1995,PHI,NL,OF,eisenji01,Jim Eisenreich,423.0,16.189567457818782,0.7119087812313104,dykstle01,Lenny Dykstra,548.3333333333334,0.8286953643494773,longmto01,Tony Longmire,117.0,7.293710147907323,423.0,10.18,0.11678658311816692,0.0,Philadelphia Phillies,69,75,615.0,658.0
1995,PIT,NL,1B,johnsma01,Mark Johnson,261.0,0.9005841761009572,-1.263203135610828,auderi01,Rich Aude,223.66666666666666,0.6642491186784634,liriane01,Nelson Liriano,289.0,0.5960874593608274,261.0,-0.36224913494809924,1.9274522542892913,0.36224913494809924,Pittsburgh Pirates,58,86,629.0,736.0
1995,LAN,NL,SS,offerjo01,Jose Offerman,511.0,5.425434919492671,-1.4787399749852168,fonvich01,Chad Fonville,281.6666666666667,-0.28184399674244776,hanseda01,Dave Hansen,211.0,2.063614027422608,511.0,-0.4277725118483458,1.196895978242769,0.4277725118483458,Los Angeles Dodgers,78,66,634.0,609.0
1995,CIN,NL,SS,larkiba01,Barry Larkin,567.0,35.72644148601242,0.23909754329539717,bransje01,Jeff Branson,160.0,1.6882041744118716,lewisma01,Mark Lewis,194.0,8.753844176871972,567.0,-10.141752577319593,1.4491066311164744,10.141752577319593,Cincinnati Reds,85,59,747.0,623.0
1996,CLE,AL,C,alomasa02,Sandy Alomar,444.0,-16.495472164948442,0.026573914114330677,penato01,Tony Peña,456.3333333333333,0.3750522197307798,gilesbr02,Brian Giles,143.0,12.031863694622455,444.0,53.85314685314683,0.3484783056164491,0.0,Cleveland Indians,99,62,952.0,769.0
1996,ML4,AL,C,mathemi01,Mike Matheny,341.0,-25.730171189746443,0.06254618797085543,levisje01,Jesse Levis,545.0,0.23768556143027184,newfima01,Marc Newfield,198.0,3.417965115631098,341.0,31.616666666666664,0.1751393734594164,0.0,Milwaukee Brewers,80,82,894.0,899.0
1996,MIN,AL,SS,mearepa01,Pat Meares,554.0,-21.25326932293117,-0.7500238356155189,rebouje01,Jeff Reboulet,171.33333333333334,-0.5772843562572204,coomero01,Ron Coomer,253.0,4.014066536639728,554.0,30.042964426877454,0.17273947935829848,0.0,Minnesota Twins,78,84,877.0,900.0
1996,ATL,NL,C,lopezja01,Javy Lopez,526.0,3.790028223088079,0.00784500112824682,perezed02,Eddie Perez,337.0,0.5786654956946337,justida01,David Justice,164.0,9.945978381343059,526.0,28.109878048780512,0.5708204945663868,0.0,Atlanta Braves,96,66,773.0,648.0
1996,CIN,NL,3B,greenwi01,Willie Greene,325.0,6.734713255710309,0.5087529554549566,saboch01,Chris Sabo,285.0,0.9886423663911169,mitchke01,Kevin Mitchell,141.0,13.230444827862009,325.0,23.76099290780141,0.47988941093616033,0.0,Cincinnati Reds,81,81,778.0,773.0
1996,PHI,NL,OF,oterori01,Ricky Otero,449.0,-9.315888455957129,1.0963996534292912,dykstle01,Lenny Dykstra,303.6666666666667,2.1213522204596105,amaroru02,Ruben Amaro,130.0,4.02388530228413,449.0,23.21376923076924,1.0249525670303192,0.0,Philadelphia Phillies,67,95,650.0,790.0
1996,SEA,AL,1B,sorrepa01,Paul Sorrento,542.0,12.869581276121487,-0.26232172456690894,huntebr01,Brian Hunter,219.33333333333334,0.046987994106329,whitema01,Mark Whiten,163.0,10.280446029534687,542.0,21.31447852760735,0.3093097186732379,0.0,Seattle Mariners,85,76,993.0,895.0
1996,DET,AL,SS,cedenan01,Andujar Cedeno,186.0,-15.949184285316246,-1.0202151772640131,frymatr01,Travis Fryman,250.33333333333334,0.9082620144330471,pridecu01,Curtis Pride,301.0,7.692664140429088,186.0,20.70279069767442,1.9284771916970602,0.0,Detroit Tigers,53,109,783.0,1103.0
1996,KCA,AL,2B,lockhke01,Keith Lockhart,471.0,-11.319386012816938,-0.4591150968956713,offerjo01,Jose Offerman,254.0,0.8486555562819356,hamelbo01,Bob Hamelin,299.0,5.394805906937874,471.0,19.817558528428105,1.3077706531776068,0.0,Kansas City Royals,75,86,746.0,786.0
1996,CAL,AL,C,fabrejo01,Jorge Fabregas,279.0,-12.07377642797437,-0.17503382329813208,greento02,Todd Greene,178.0,0.8484459876571849,hudlere01,Rex Hudler,317.0,8.44553000835887,279.0,19.50690851735016,1.023479810955317,0.0,California Angels,70,91,762.0,943.0
1996,OAK,AL,2B,gatesbr01,Brent Gates,274.0,-9.443422011702419,0.12513166318362368,bournra01,Rafael Bournigal,482.3333333333333,1.2479478940757078,stairma01,Matt Stairs,158.0,5.280800445806636,274.0,18.60126582278481,1.1228162308920842,0.0,Oakland Athletics,78,84,861.0,900.0
1996,SLN,NL,SS,claytro01,Royce Clayton,531.0,-8.0878992652856,0.3487738645411275,smithoz01,Ozzie Smith,442.6666666666667,0.9513864473214521,sweenma01,Mark Sweeney,209.0,3.6246309859798718,531.0,17.29688995215312,0.6026125827803246,0.0,St. Louis Cardinals,88,74,759.0,706.0
1996,LAN,NL,SS,gagnegr01,Greg Gagne,487.0,-5.354137367597158,0.151061441542308,castrju01,Juan Castro,224.66666666666666,0.24829479914812858,ashlebi01,Billy Ashley,133.0,2.8711288092599165,487.0,15.867218045112791,0.09723335760582058,0.0,Los Angeles Dodgers,90,72,703.0,652.0
1996,SFN,NL,1B,carrema01,Mark Carreon,319.0,0.6102262417587436,-1.2715175773255378,mccarda01,Dave McCarty,275.6666666666667,-0.5692019862423925,wilkiri01,Rick Wilkins,183.0,7.32185392552304,319.0,12.153005464480874,0.7023155910831453,0.0,San Francisco Giants,68,94,752.0,862.0
1996,BOS,AL,OF,oleartr01,Troy O'Leary,552.0,-8.921127556422405,-1.0158528355594174,hoseydw01,Dwayne Hosey,183.0,0.8886197707854819,mitchke01,Kevin Mitchell,104.0,0.4686281415436082,552.0,11.408461538461559,1.9044726063448993,0.0,Boston Red Sox,85,77,928.0,921.0
1996,SDN,NL,SS,gomezch02,Chris Gomez,378.0,-3.907318121050757,-0.3665307472636804,lopezlu02,Luis Lopez,217.66666666666666,0.18451438693667732,vaughgr01,Greg Vaughn,167.0,2.5232218883188424,378.0,9.61856287425149,0.5510451342003577,0.0,San Diego Padres,91,71,771.0,682.0
1996,MON,NL,C,fletcda01,Darrin Fletcher,431.0,-1.609349497811853,-0.2309274134644719,webstle01,Lenny Webster,431.0,0.7600997667437586,floydcl01,Cliff Floyd,266.0,3.432257618519831,431.0,7.170639097744361,0.9910271802082304,0.0,Montreal Expos,88,74,741.0,668.0
1996,PIT,NL,C,kendaja01,Jason Kendall,471.0,7.217230595198663,-0.7405138775087244,osikke01,Keith Osik,336.6666666666667,-0.4940271220816146,clarkda05,Dave Clark,243.0,7.3667240650387935,471.0,7.061481481481468,0.24648675542710985,0.0,Pittsburgh Pirates,73,89,776.0,833.0
1996,HOU,NL,C,wilkiri01,Rick Wilkins,306.0,-5.591162288469668,-0.2009817691631702,knorrra01,Randy Knorr,226.33333333333334,1.463948425286423,cangejo01,John Cangelosi,313.0,1.4657392278071688,306.0,7.0241214057507975,1.6649301944495931,0.0,Houston Astros,82,80,753.0,792.0
1996,CHN,NL,OF,mcraebr01,Brian McRae,716.0,15.928783664887977,0.505136379229378,bullesc01,Scott Bullett,253.33333333333334,0.8821107678269233,houstty01,Tyler Houston,123.0,3.636983786007291,716.0,5.2426016260162545,0.3769743885975453,0.0,Chicago Cubs,76,86,772.0,771.0
1996,NYN,NL,1B,huskebu01,Butch Huskey,445.0,-0.06554646525818608,-1.7302037051150236,brognri01,Rico Brogna,422.6666666666667,0.7000613237892338,espinal01,Alvaro Espinoza,144.0,1.1376883348378017,445.0,3.5813194444444485,2.4302650289042576,0.0,New York Mets,71,91,746.0,779.0
1996,FLO,NL,2B,verasqu01,Quilvio Veras,308.0,0.1236667161808569,0.9817499636854771,grebecr01,Craig Grebeck,203.33333333333334,1.148038615047455,ariasal01,Alex Arias,246.0,-1.246032427985421,308.0,-1.6837398373983758,0.166288651361978,1.6837398373983758,Florida Marlins,80,82,688.0,703.0
1996,CHA,AL,OF,phillto02,Tony Phillips,719.0,8.715034940094743,0.04684783420874708,lewisda01,Darren Lewis,937.0,0.7237476527885778,martino01,Norberto Martin,151.0,1.1132966285873493,719.0,-3.413973509933788,0.6768998185798307,3.413973509933788,Chicago White Sox,85,77,898.0,794.0
1996,NYA,AL,OF,oneilpa01,Paul O'Neill,660.0,22.213217052103662,0.370593100142489,riverru01,Ruben Rivera,246.66666666666666,1.237123265963648,raineti01,Tim Raines,240.0,6.7529880189467875,660.0,-3.6424999999999965,0.866530165821159,3.6424999999999965,New York Yankees,92,70,871.0,787.0
1996,BAL,AL,3B,surhobj01,B. J. Surhoff,590.0,5.228178879910832,-0.21901088961355716,zeileto01,Todd Zeile,261.6666666666667,0.5698338826662327,murraed02,Eddie Murray,263.0,-2.3766422959041513,590.0,-10.559809885931552,0.7888447722797899,10.559809885931552,Baltimore Orioles,88,74,949.0,903.0
1996,COL,NL,OF,bicheda01,Dante Bichette,694.0,33.115664613732186,-0.8262760781960108,walkela01,Larry Walker,606.3333333333334,0.7944474240868353,mccraqu01,Quinton McCracken,329.0,4.934371265011369,694.0,-22.70699088145896,1.6207235022828461,22.70699088145896,Colorado Rockies,83,79,961.0,964.0
1997,CIN,NL,SS,reesepo01,Pokey Reese,437.0,-22.480074181768224,-0.3551445581970499,larkiba01,Barry Larkin,502.6666666666667,0.12423839815677681,nunnajo01,Jon Nunnally,231.0,18.541974517188876,437.0,57.557316017316005,0.47938295635382666,0.0,Cincinnati Reds,76,86,651.0,764.0
1997,SLN,NL,C,difelmi01,Mike Difelice,289.0,-11.362291621352442,-0.38496721514594506,lampkto01,Tom Lampkin,549.3333333333334,-0.2940551513207747,mcgwima01,Mark McGwire,224.0,23.405248016667997,289.0,41.55924107142856,0.09091206382517036,0.0,St. Louis Cardinals,73,89,689.0,708.0
1997,ML4,AL,OF,willige02,Gerald Williams,601.0,-24.948130104355716,0.6778382964615504,jacksda03,Darrin Jackson,190.33333333333334,1.1754671599781248,jahajo01,John Jaha,192.0,4.990780399274048,601.0,40.5703125,0.4976288635165744,0.0,Milwaukee Brewers,78,83,681.0,742.0
1997,TOR,AL,2B,garcica01,Carlos Garcia,381.0,-26.057982645190567,-0.4717371900316229,duncama01,Mariano Duncan,332.3333333333333,0.25846803738336827,samueju01,Juan Samuel,108.0,3.3735639745916512,381.0,37.95916666666666,0.7302052274149912,0.0,Toronto Blue Jays,76,86,654.0,694.0
1997,NYN,NL,SS,ordonre01,Rey Ordonez,391.0,-30.194276899476826,0.7520211068213286,alexama02,Manny Alexander,167.66666666666666,0.7973020851360066,johnsla03,Lance Johnson,299.0,4.737317665105943,391.0,36.38923076923075,0.04528097831467803,0.0,New York Mets,88,74,777.0,709.0
1997,SFN,NL,SS,vizcajo01,Jose Vizcaino,630.0,-16.154614953121254,0.2682905745460492,aurilri01,Rich Aurilia,223.0,1.1693946147627812,johnsbr01,Brian Johnson,201.0,5.943146657813703,630.0,34.78238805970151,0.901104040216732,0.0,San Francisco Giants,90,72,784.0,793.0
1997,CHA,AL,3B,snopech01,Chris Snopek,323.0,-20.99248922413792,-1.3628990855884136,venturo01,Robin Ventura,460.6666666666667,0.6640404153865572,phillto02,Tony Phillips,161.0,6.252164813974592,323.0,33.53565217391303,2.026939500974971,0.0,Chicago White Sox,80,81,779.0,833.0
1997,PIT,NL,OF,guilljo01,Jose Guillen,526.0,-8.784551532288525,-0.9290691552546373,wardtu01,Turner Ward,338.3333333333333,0.27250674381836654,smithma03,Mark Smith,222.0,9.583326159376327,526.0,31.490990990990998,1.2015758990730039,0.0,Pittsburgh Pirates,79,83,725.0,760.0
1997,CHN,NL,OF,sosasa01,Sammy Sosa,694.0,2.886884480212439,-0.055036890351167746,mcraebr01,Brian McRae,913.3333333333334,0.9018891538700622,hanseda01,Dave Hansen,186.0,9.018732728126112,694.0,30.76365591397854,0.95692604422123,0.0,Chicago Cubs,68,94,687.0,759.0
1997,BAL,AL,OF,surhobj01,B. J. Surhoff,595.0,6.18278300816697,0.05574178034456495,tarasto01,Tony Tarasco,423.0,0.3816598943394601,ledesaa01,Aaron Ledesma,104.0,6.380839382940107,595.0,30.32298076923076,0.3259181139948952,0.0,Baltimore Orioles,98,64,812.0,681.0
1997,FLO,NL,2B,castilu01,Luis Castillo,291.0,-15.34036976406076,-0.6108083550550073,counscr01,Craig Counsell,425.6666666666667,0.9903160265627029,zaungr01,Gregg Zaun,172.0,7.575279727084361,291.0,28.15668604651163,1.6011243816177103,0.0,Florida Marlins,92,70,740.0,669.0
1997,PHI,NL,OF,jeffegr01,Gregg Jefferies,531.0,-3.2797468890593198,-0.19804247724474858,oterori01,Ricky Otero,312.3333333333333,1.719842822640073,daultda01,Darren Daulton,331.0,14.498067381772806,531.0,26.537975830815697,1.9178852998848217,0.0,Philadelphia Phillies,68,94,668.0,840.0
1997,TEX,AL,2B,mclemma01,Mark McLemore,399.0,-11.730721982758622,-0.1596832269659208,ripkebi01,Billy Ripken,195.0,0.8235084137458324,leyriji01,Jim Leyritz,113.0,3.0194697141560805,399.0,22.392389380530975,0.9831916407117531,0.0,Texas Rangers,77,85,807.0,823.0
1997,COL,NL,2B,younger01,Eric Young,543.0,8.051784254690768,0.7918588019931192,perezne01,Neifi Perez,333.6666666666667,1.5975724734460885,reedje02,Jeff Reed,298.0,16.166356736460116,543.0,21.40570469798656,0.8057136714529693,0.0,Colorado Rockies,83,79,923.0,908.0
1997,NYA,AL,3B,hayesch01,Charlie Hayes,398.0,-4.8839031306715,-0.14408063487606174,boggswa01,Wade Boggs,611.0,0.5916264551235642,stanlmi02,Mike Stanley,103.0,3.707658235027222,398.0,19.210582524271835,0.7357070899996259,0.0,New York Yankees,96,66,891.0,688.0
1997,KCA,AL,OF,damonjo01,Johnny Damon,524.0,-8.283078493647917,0.7863431870698595,goodwto01,Tom Goodwin,814.0,0.911422665110589,hanseje01,Jed Hansen,111.0,2.2331074183303095,524.0,18.82495495495496,0.1250794780407295,0.0,Kansas City Royals,67,94,747.0,820.0
1997,SDN,NL,C,flahejo01,John Flaherty,476.0,-6.822597964580499,-0.1328099220495283,hernaca01,Carlos Hernandez,294.6666666666667,0.5499998777848646,sweenma01,Mark Sweeney,115.0,2.1505067942715157,476.0,15.72382608695651,0.6828097998343929,0.0,San Diego Padres,76,86,795.0,891.0
1997,ANA,AL,2B,alicelu01,Luis Alicea,471.0,1.4883206669691518,-0.27031520889269883,grebecr01,Craig Grebeck,186.0,1.039950685557907,greento02,Todd Greene,131.0,4.346730376588018,471.0,14.139999999999981,1.3102658944506058,0.0,Anaheim Angels,84,78,829.0,794.0
1997,BOS,AL,2B,valenjo02,John Valentin,644.0,20.698659255898395,0.5211456421108538,fryeje01,Jeff Frye,703.0,1.2668650718457362,stanlmi02,Mike Stanley,312.0,14.602518148820325,644.0,9.442435897435864,0.7457194297348824,0.0,Boston Red Sox,78,84,851.0,857.0
1997,MON,NL,3B,strando01,Doug Strange,372.0,0.7474654562522174,-0.02829748453208767,vidrojo01,Jose Vidro,255.33333333333334,-0.0178661192453064,fletcda01,Darrin Fletcher,334.0,7.750950167710325,372.0,7.885329341317367,0.01043136528678127,0.0,Montreal Expos,78,84,691.0,740.0
1997,MIN,AL,SS,mearepa01,Pat Meares,483.0,-7.473505558076221,0.3716371788286548,hockide01,Denny Hocking,293.6666666666667,0.4605288623951133,kellyro01,Roberto Kelly,269.0,0.005728788566242038,483.0,7.483791821561332,0.08889168356645849,0.0,Minnesota Twins,68,94,772.0,861.0
1997,DET,AL,C,casanra01,Raul Casanova,334.0,-13.937496597096178,-0.5676634765856114,walbema01,Matt Walbeck,344.6666666666667,-0.17324540206329267,nevinph01,Phil Nevin,278.0,-5.595640880217786,334.0,7.214676258992795,0.3944180745223188,0.0,Detroit Tigers,79,83,784.0,790.0
1997,CLE,AL,2B,fernato01,Tony Fernandez,442.0,-5.783932622504544,0.5425958937515181,francju01,Julio Franco,288.6666666666667,0.8751376171601946,roberbi01,Bip Roberts,96.0,0.025390199637021382,442.0,5.90083333333333,0.3325417234086765,0.0,Cleveland Indians,86,75,868.0,815.0
1997,ATL,NL,OF,tuckemi01,Michael Tucker,554.0,7.432354469794975,-0.16744678584723294,jonesan01,Andruw Jones,973.0,0.933310535315298,lockhke01,Keith Lockhart,169.0,3.492396941146842,554.0,4.016094674556212,1.100757321162531,0.0,Atlanta Braves,101,61,791.0,581.0
1997,HOU,NL,OF,gonzalu01,Luis Gonzalez,631.0,-2.843654024475402,-0.2450660678241624,howarth01,Thomas Howard,472.3333333333333,0.5779342626818034,carrch02,Chuck Carr,216.0,0.2275605875012916,631.0,3.5084259259259345,0.8230003305059658,0.0,Houston Astros,84,78,777.0,660.0
1997,LAN,NL,OF,mondera01,Raul Mondesi,670.0,31.683822192712356,0.4284609239347198,cedenro01,Roger Cedeno,460.0,1.4242509114925082,anthoer01,Eric Anthony,86.0,1.2126398635421776,670.0,-22.23651162790702,0.9957899875577884,22.23651162790702,Los Angeles Dodgers,88,74,742.0,645.0
1998,CHN,NL,SS,blausje01,Jeff Blauser,435.0,-10.113606282220346,-0.8220987347901496,hernajo01,Jose Hernandez,315.6666666666667,-0.1773497385075088,hillgl01,Glenallen Hill,145.0,11.388797905926545,435.0,44.27999999999999,0.6447489962826408,0.0,Chicago Cubs,90,73,831.0,792.0
1998,PHI,NL,SS,relafde01,Desi Relaford,546.0,-20.19721616113177,-0.4852001567876846,ariasal01,Alex Arias,273.0,0.20763937177534947,sefcike01,Kevin Sefcik,205.0,9.006576349758225,546.0,44.185463414634164,0.692839528563034,0.0,Philadelphia Phillies,75,87,713.0,808.0
1998,HOU,NL,SS,gutieri01,Ricky Gutierrez,561.0,-9.855271550173851,0.6489500534076234,bogarti01,Tim Bogar,320.6666666666667,1.1174183763501442,berryse01,Sean Berry,342.0,17.53833712984054,561.0,38.624298245614035,0.46846832294252083,0.0,Houston Astros,102,60,874.0,620.0
1998,FLO,NL,C,zaungr01,Gregg Zaun,338.0,-18.53018143308156,-0.6559901242201933,redmomi01,Mike Redmond,311.3333333333333,0.3855620262705699,sheffga01,Gary Sheffield,166.0,8.523520361267629,338.0,35.885301204819264,1.0415521504907632,0.0,Florida Marlins,54,108,667.0,923.0
1998,TBA,AL,SS,stockke01,Kevin Stocker,381.0,-21.974700051040667,0.6357957875574191,ledesaa01,Aaron Ledesma,448.3333333333333,0.9816760890774192,trammbu01,Bubba Trammell,216.0,7.134894459252534,381.0,34.55986111111111,0.34588030152000016,0.0,Tampa Bay Devil Rays,63,99,620.0,751.0
1998,TEX,AL,SS,elsteke01,Kevin Elster,336.0,-11.985719730051603,-0.1260785197420051,claytro01,Royce Clayton,448.3333333333333,0.22485028294909473,simmsmi01,Mike Simms,215.0,13.932649577496738,336.0,33.759534883720924,0.35092880269109983,0.0,Texas Rangers,88,74,940.0,871.0
1998,BOS,AL,OF,oleartr01,Troy O'Leary,657.0,-1.5451126864401985,0.004213606522167013,buforda01,Damon Buford,488.0,1.0717052337977808,leyriji01,Jim Leyritz,156.0,6.950201553904613,657.0,30.816153846153856,1.0674916272756139,0.0,Boston Red Sox,92,70,876.0,729.0
1998,SLN,NL,SS,claytro01,Royce Clayton,402.0,-10.683884426327777,0.561276750777412,polanpl01,Placido Polanco,196.0,0.6249802435761496,tatisfe01,Fernando Tatis,229.0,9.587687727290886,402.0,27.514672489082955,0.06370349279873755,0.0,St. Louis Cardinals,83,79,810.0,782.0
1998,COL,NL,C,manwaki01,Kirt Manwaring,335.0,-7.726570355273149,-0.3269589658371697,reedje02,Jeff Reed,625.6666666666666,0.16187676803347736,vandejo02,John Vander Wal,121.0,7.087686528393878,335.0,27.34950413223141,0.48883573387064705,0.0,Colorado Rockies,77,85,826.0,855.0
1998,DET,AL,C,bakopa01,Paul Bako,333.0,-11.212454375318995,-0.00011803628913255777,siddajo01,Joe Siddall,185.33333333333334,0.6386369630493632,encarju01,Juan Encarnacion,175.0,7.242854307264783,333.0,24.994571428571412,0.6387549993384958,0.0,Detroit Tigers,65,97,722.0,863.0
1998,SFN,NL,SS,aurilri01,Rich Aurilia,453.0,-3.8752727490708683,0.412257326607416,sanchre01,Rey Sanchez,504.6666666666667,1.0395014766453177,burksel01,Ellis Burks,177.0,8.076946409303444,453.0,24.54677966101697,0.6272441500379017,0.0,San Francisco Giants,89,74,845.0,739.0
1998,PIT,NL,OF,guilljo01,Jose Guillen,605.0,-10.35156735803063,-0.2379466112685432,wardtu01,Turner Ward,586.6666666666666,0.7980064243378622,allenje01,Jermaine Allensworth,261.0,5.525836230667784,605.0,23.160498084291206,1.0359530356064053,0.0,Pittsburgh Pirates,69,93,650.0,718.0
1998,LAN,NL,C,johnsch04,Charles Johnson,376.0,-14.529255085321505,0.7215331504900658,princto01,Tom Prince,214.0,1.5131242033453962,piazzmi01,Mike Piazza,161.0,3.662872157615001,376.0,23.083540372670825,0.7915910528553304,0.0,Los Angeles Dodgers,83,79,669.0,678.0
1998,ATL,NL,SS,weisswa01,Walt Weiss,424.0,3.7929676697438417,-0.5631724603685935,guilloz01,Ozzie Guillen,550.0,-0.15732156076394638,perezed02,Eddie Perez,167.0,10.475650001998163,424.0,22.803892215568858,0.4058508996046471,0.0,Atlanta Braves,106,56,826.0,581.0
1998,MON,NL,SS,grudzma01,Mark Grudzielanek,435.0,-5.483606282220349,-0.6714821314697624,cabreor01,Orlando Cabrera,411.3333333333333,0.006805832721383465,henlebo01,Bob Henley,132.0,5.201112576429684,435.0,22.623636363636354,0.6782879641911459,0.0,Montreal Expos,65,97,644.0,783.0
1998,SDN,NL,C,hernaca01,Carlos Hernandez,417.0,-10.641939815369842,-0.46128202785174954,myersgr01,Greg Myers,357.6666666666667,0.041467531141830105,leyriji01,Jim Leyritz,172.0,4.596298205650804,417.0,21.78529069767441,0.5027495589935796,0.0,San Diego Padres,98,64,749.0,635.0
1998,OAK,AL,SS,tejadmi01,Miguel Tejada,407.0,-14.146333125389887,-0.1802212691721843,bournra01,Rafael Bournigal,265.6666666666667,0.9315324570095352,magadda01,Dave Magadan,123.0,1.8361204559632514,407.0,20.221951219512192,1.1117537261817196,0.0,Oakland Athletics,74,88,804.0,866.0
1998,MIL,NL,C,mathemi01,Mike Matheny,341.0,-15.623792510889981,-0.5463552908267865,hughebo01,Bobby Hughes,510.6666666666667,-0.3706273136058908,nilssda01,Dave Nilsson,347.0,3.248985333493205,341.0,18.816599423631143,0.17572797722089567,0.0,Milwaukee Brewers,74,88,707.0,812.0
1998,CLE,AL,OF,loftoke01,Kenny Lofton,698.0,12.96692746554756,-0.08448812060400335,justida01,David Justice,167.0,0.3064663609703706,sexsori01,Richie Sexson,183.0,8.260813361311175,698.0,18.54153005464479,0.39095448157437396,0.0,Cleveland Indians,89,73,850.0,779.0
1998,SEA,AL,3B,davisru01,Russ Davis,550.0,-6.835315034310659,-0.9514244729318428,rossyri01,Rico Rossy,181.33333333333334,1.2850273363794553,hillgl01,Glenallen Hill,277.0,5.57183224635627,550.0,17.898519855595673,2.236451809311298,0.0,Seattle Mariners,76,85,859.0,855.0
1998,ANA,AL,2B,baughju01,Justin Baughman,211.0,-11.806329949526464,0.07480115430842299,martino01,Norberto Martin,394.0,0.6217917250504224,velarra01,Randy Velarde,224.0,2.582853513298933,211.0,14.239285714285726,0.5469905707419993,0.0,Anaheim Angels,85,77,787.0,783.0
1998,KCA,AL,SS,lopezme01,Mendy Lopez,225.0,-11.984901604945268,0.24043138282780457,riverlu01,Luis Rivera,207.0,0.6296995231294438,macksh01,Shane Mack,229.0,2.234077922077926,225.0,14.179956331877728,0.3892681403016392,0.0,Kansas City Royals,72,89,714.0,899.0
1998,BAL,AL,OF,surhobj01,B. J. Surhoff,634.0,1.4732550331764251,-0.441293304927158,anderbr01,Brady Anderson,1076.0,0.0008249117425782257,hammoje01,Jeffrey Hammonds,203.0,4.825710996427155,634.0,13.598177339901488,0.4421182166697362,0.0,Baltimore Orioles,79,83,817.0,785.0
1998,ARI,NL,3B,willima04,Matt Williams,557.0,3.526209886904054,0.8593277283667167,foxan01,Andy Fox,191.0,1.319226302692157,batisto01,Tony Batista,318.0,7.7172257523078835,557.0,9.991069182389944,0.45989857432544023,0.0,Arizona Diamondbacks,65,97,665.0,812.0
1998,CHA,AL,SS,carusmi01,Mike Caruso,555.0,-8.38409062553166,-0.5291049155791554,snopech01,Chris Snopek,243.33333333333334,0.6983723086875924,abbotje01,Jeff Abbott,260.0,-0.7663307434923192,555.0,6.7482692307692105,1.2274772242667478,0.0,Chicago White Sox,80,82,861.0,931.0
1998,TOR,AL,3B,spraged02,Ed Sprague,419.0,-8.849394544320306,-0.7199477277620281,fernato01,Tony Fernandez,452.6666666666667,-0.6749821967133006,brownke04,Kevin Brown,128.0,-1.8926551352577548,419.0,2.65390625,0.04496553104872747,0.0,Toronto Blue Jays,88,74,816.0,768.0
1998,CIN,NL,OF,sandere02,Reggie Sanders,545.0,4.75065419813771,0.2664764182714114,frankmi02,Mike Frank,201.66666666666666,1.3568278310883763,hammoje01,Jeffrey Hammonds,103.0,1.3293529952443737,545.0,2.283300970873782,1.090351412816965,0.0,Cincinnati Reds,77,85,750.0,760.0
1998,NYA,AL,OF,oneilpa01,Paul O'Neill,672.0,26.3985605398968,-0.13541407459122384,willibe02,Bernie Williams,1095.3333333333333,0.5300572394320155,strawda01,Darryl Strawberry,345.0,11.174484205750568,672.0,-4.632608695652213,0.6654713140232393,4.632608695652213,New York Yankees,114,48,965.0,656.0
1998,MIN,AL,1B,ortizda01,David Ortiz,326.0,6.18183145239041,-0.7928202470460252,coomero01,Ron Coomer,388.6666666666667,1.1048302158345156,merceor01,Orlando Merced,223.0,-1.7993913684568765,326.0,-8.812331838565036,1.8976504628805406,8.812331838565036,Minnesota Twins,70,92,734.0,818.0
1998,NYN,NL,OF,mcraebr01,Brian McRae,645.0,17.03361827119051,0.2444543879686838,beckeri01,Rich Becker,227.33333333333334,0.4938985465116451,francma01,Matt Franco,187.0,-0.051757183391280215,645.0,-17.21213903743316,0.24944415854296131,17.21213903743316,New York Mets,88,74,706.0,645.0
1999,HOU,NL,OF,bellde01,Derek Bell,568.0,-19.96446178155246,-0.7465790278474731,mieskma01,Matt Mieske,206.0,0.9516006171257538,caminke01,Ken Caminiti,329.0,11.266095200474037,568.0,39.41474164133742,1.698179644973227,0.0,Houston Astros,97,65,823.0,675.0
1999,ATL,NL,2B,boonebr01,Bret Boone,671.0,-13.5166265060241,-0.27807531615940634,lockhke01,Keith Lockhart,171.33333333333334,0.0460976235853614,lopezja01,Javy Lopez,269.0,9.848327078807037,671.0,38.08252788104091,0.32417293974476774,0.0,Atlanta Braves,103,59,840.0,661.0
1999,ARI,NL,1B,leetr01,Travis Lee,436.0,-6.129551649219833,1.0217373373248044,durazer01,Erubiel Durazo,356.6666666666667,2.0286594522545003,delluda01,David Dellucci,123.0,8.960424649417337,436.0,37.891707317073156,1.0069221149296959,0.0,Arizona Diamondbacks,100,62,908.0,676.0
1999,MIN,AL,SS,guzmacr01,Cristian Guzman,456.0,-37.83670870327433,-0.2795810883089277,hockide01,Denny Hocking,332.3333333333333,0.09633427533434791,jonesja04,Jacque Jones,347.0,-1.9719691228863887,456.0,35.24530259365994,0.3759153636432756,0.0,Minnesota Twins,63,97,686.0,845.0
1999,PHI,NL,2B,anderma02,Marlon Anderson,484.0,-19.08133715188624,-0.16466740766939036,dosteda01,David Doster,214.0,1.19745200039202,duceyro01,Rob Ducey,227.0,6.159889393640136,484.0,32.215198237885474,1.3621194080614103,0.0,Philadelphia Phillies,77,85,841.0,846.0
1999,FLO,NL,SS,gonzaal02,Alex Gonzalez,591.0,-10.996984001580106,-0.06977770273209694,bergda01,Dave Berg,258.3333333333333,0.18993818133999185,floydcl01,Cliff Floyd,285.0,9.784398577918243,591.0,31.286736842105302,0.2597158840720888,0.0,Florida Marlins,64,98,691.0,852.0
1999,SLN,NL,C,marreel01,Eli Marrero,343.0,-27.161092237803665,0.4082048970402307,castial01,Alberto Castillo,660.3333333333334,0.6984039192597828,paquecr01,Craig Paquette,166.0,1.7804918032786912,343.0,30.840060240963854,0.2901990222195521,0.0,St. Louis Cardinals,75,86,809.0,838.0
1999,COL,NL,OF,bicheda01,Dante Bichette,659.0,22.41381986964249,-1.614690081666387,hamilda02,Darryl Hamilton,691.0,1.3469432278166966,shumpte01,Terry Shumpert,304.0,24.305358483112773,659.0,30.274440789473676,2.9616333094830836,0.0,Colorado Rockies,72,90,906.0,1028.0
1999,CHA,AL,SS,carusmi01,Mike Caruso,564.0,-43.61856076457614,-0.8174080797563221,wilsocr02,Craig Wilson,150.0,-0.2316586912046657,johnsma02,Mark Johnson,248.0,-6.1961047333597215,564.0,29.527419354838703,0.5857493885516565,0.0,Chicago White Sox,75,86,777.0,870.0
1999,SFN,NL,OF,benarma01,Marvin Benard,625.0,8.198417934031216,0.7198305410126526,santafp01,F. P. Santangelo,491.3333333333333,0.7492836367036382,riosar01,Armando Rios,177.0,10.108415958917634,625.0,27.495141242937834,0.02945309569098553,0.0,San Francisco Giants,86,76,872.0,831.0
1999,MIL,NL,1B,loretma01,Mark Loretta,664.0,-4.038032786885246,0.31015261437251923,barkeke01,Kevin Barker,245.33333333333334,0.9627235869992544,ochoaal01,Alex Ochoa,329.0,11.536095200474033,664.0,27.320607902735574,0.6525709726267352,0.0,Milwaukee Brewers,74,87,815.0,886.0
1999,TBA,AL,OF,martida01,Dave Martinez,594.0,-4.835186337160007,-0.35980905004134967,winnra01,Randy Winn,621.6666666666666,0.8438278015664712,trammbu01,Bubba Trammell,328.0,10.132893739750031,594.0,23.185609756097563,1.2036368516078209,0.0,Tampa Bay Devil Rays,69,93,772.0,913.0
1999,KCA,AL,C,kreutch01,Chad Kreuter,368.0,-18.04260702369507,0.2897164159402055,fasansa01,Sal Fasano,176.66666666666666,0.5578791542782408,kingje01,Jeff King,91.0,0.9972357631623581,368.0,22.075384615384603,0.2681627383380353,0.0,Kansas City Royals,64,97,856.0,921.0
1999,BAL,AL,2B,deshide01,Delino DeShields,374.0,-10.389932138211844,-0.1577618965057867,hairsje02,Jerry Hairston,434.0,1.5105719026570976,clarkwi02,Will Clark,294.0,9.0510693886784,374.0,21.90387755102042,1.6683337991628844,0.0,Baltimore Orioles,78,84,851.0,815.0
1999,OAK,AL,C,hinchaj01,A. J. Hinch,228.0,-14.008354351637163,-0.9116455214556197,macfami01,Mike Macfarlane,530.6666666666666,0.48280773829895995,velarra01,Randy Velarde,286.0,9.684169541367412,228.0,21.72860139860139,1.3944532597545796,0.0,Oakland Athletics,87,75,893.0,846.0
1999,MON,NL,3B,andresh01,Shane Andrews,328.0,-15.735534268220414,-0.7298507158585913,mordemi01,Mike Mordecai,219.33333333333334,0.6417291008062913,blumge01,Geoff Blum,153.0,2.109308710250839,328.0,20.257450980392147,1.3715798166648825,0.0,Montreal Expos,68,94,718.0,853.0
1999,LAN,NL,C,hundlto01,Todd Hundley,428.0,-6.882587398775437,-0.8401145181791362,loducpa01,Paul Lo Duca,248.0,0.5076669388937696,hanseda01,Dave Hansen,136.0,3.0316077424451917,428.0,16.423235294117656,1.3477814570729056,0.0,Los Angeles Dodgers,77,85,793.0,787.0
1999,ANA,AL,C,walbema01,Matt Walbeck,321.0,-18.216893626647057,-0.027576114280338113,obriech01,Charlie O'Brien,171.0,1.1317850943479446,edmonji01,Jim Edmonds,233.0,-2.142791947067808,321.0,15.26480686695278,1.1593612086282827,0.0,Anaheim Angels,70,92,711.0,826.0
1999,SDN,NL,SS,jacksda04,Damian Jackson,447.0,-9.951627493580876,-0.48498309250404836,gomezch02,Chris Gomez,627.6666666666666,-0.2308475228556619,vandejo02,John Vander Wal,288.0,2.5992869840015764,447.0,13.98593749999999,0.25413556964838646,0.0,San Diego Padres,74,88,710.0,781.0
1999,TOR,AL,C,fletcda01,Darrin Fletcher,448.0,4.0263914494146995,0.004354855105412743,mathemi01,Mike Matheny,445.0,0.4727804826031183,grebecr01,Craig Grebeck,134.0,4.643072442458856,448.0,11.496716417910433,0.46842562749770555,0.0,Toronto Blue Jays,84,78,883.0,862.0
1999,NYA,AL,C,posadjo01,Jorge Posada,437.0,-5.191845840637907,-0.6432872971131035,girarjo01,Joe Girardi,551.0,-0.21223742066913195,ledeeri01,Ricky Ledee,280.0,2.3114946558841805,437.0,8.799428571428573,0.4310498764439715,0.0,New York Yankees,98,64,900.0,731.0
1999,DET,AL,OF,encarju01,Juan Encarnacion,538.0,-11.263485268336812,-0.6736137526690813,barteki01,Kimera Bartee,204.0,0.9100920165794668,catalfr01,Frank Catalanotto,315.0,-1.9395685121302986,538.0,7.950825396825381,1.5837057692485481,0.0,Detroit Tigers,69,92,747.0,882.0
1999,NYN,NL,OF,cedenro01,Roger Cedeno,525.0,14.61547106458622,0.3219667166627229,allenje01,Jermaine Allensworth,166.66666666666666,1.2184321648525982,hamilda02,Darryl Hamilton,189.0,7.227969583251027,525.0,5.46222222222219,0.8964654481898753,0.0,New York Mets,97,66,853.0,711.0
1999,BOS,AL,OF,oleartr01,Troy O'Leary,661.0,8.381349884069426,-0.058878560124722146,lewisda01,Darren Lewis,1124.6666666666667,0.5977650216438641,hattesc01,Scott Hatteberg,100.0,1.3012480913872082,661.0,0.21990000000002025,0.6566435817685863,0.0,Boston Red Sox,94,68,836.0,718.0
1999,TEX,AL,1B,stevele01,Lee Stevens,576.0,5.836789006390308,0.3274378622676782,palmera01,Rafael Palmeiro,246.33333333333334,0.8805027638975527,kellyro01,Roberto Kelly,318.0,2.391768930611324,576.0,-1.5045283018867779,0.5530649016298745,1.5045283018867779,Texas Rangers,95,67,945.0,859.0
1999,CIN,NL,C,taubeed01,Ed Taubensee,461.0,12.981185068141421,-0.3086796754350365,larueja01,Jason LaRue,240.66666666666666,0.39398885000431205,hammoje01,Jeffrey Hammonds,293.0,6.027434327473827,461.0,-3.4977474402730437,0.7026685254393485,3.4977474402730437,Cincinnati Reds,96,67,865.0,711.0
1999,CHN,NL,OF,sosasa01,Sammy Sosa,712.0,45.35018171044834,0.41091804259870773,johnsla03,Lance Johnson,716.6666666666666,1.3748434438709785,hillgl01,Glenallen Hill,278.0,13.452992297057072,712.0,-10.895035971223026,0.9639254012722707,10.895035971223026,Chicago Cubs,67,95,747.0,920.0
1999,PIT,NL,C,kendaja01,Jason Kendall,334.0,22.684242543946276,0.20898396605619854,osikke01,Keith Osik,382.6666666666667,0.7425274606416856,mearepa01,Pat Meares,104.0,-0.6705352557772093,334.0,-24.83769230769232,0.5335434945854871,24.83769230769232,Pittsburgh Pirates,78,83,775.0,782.0
1999,SEA,AL,OF,griffke02,Ken Griffey,706.0,38.7414115251937,0.32949394876548355,mabryjo01,John Mabry,303.6666666666667,0.4770583302546149,huskebu01,Butch Huskey,292.0,5.466844426850642,706.0,-25.52363013698632,0.14756438148913137,25.52363013698632,Seattle Mariners,79,83,859.0,905.0
1999,CLE,AL,OF,ramirma02,Manny Ramirez,640.0,61.82198778487814,-0.7102509428782905,roberda07,Dave Roberts,293.0,1.0441665458051306,cordewi01,Wil Cordero,217.0,5.543408358310235,640.0,-45.47276497695855,1.754417488683421,45.47276497695855,Cleveland Indians,97,65,1009.0,860.0
2000,SLN,NL,SS,renteed01,Edgar Renteria,643.0,-1.071498118462756,-0.5446996124537749,polanpl01,Placido Polanco,151.66666666666666,1.4666703336344837,mcgwima01,Mark McGwire,321.0,43.46858336543305,643.0,88.14408099688472,2.0113699460882586,0.0,St. Louis Cardinals,95,67,887.0,771.0
2000,NYA,AL,2B,knoblch01,Chuck Knoblauch,457.0,-3.7740801168605103,-1.7624271533314895,vizcajo01,Jose Vizcaino,384.6666666666667,0.2858600782293272,hillgl01,Glenallen Hill,143.0,13.445966177875157,457.0,46.74475524475524,2.0482872315608165,0.0,New York Yankees,87,74,871.0,814.0
2000,HOU,NL,SS,bogarti01,Tim Bogar,351.0,-17.82136211443302,-0.01876228410088214,spierbi01,Bill Spiers,184.33333333333334,0.8630444753414451,caminke01,Ken Caminiti,253.0,18.877793119796145,351.0,44.011501976284585,0.8818067594423272,0.0,Houston Astros,72,90,938.0,944.0
2000,BOS,AL,OF,oleartr01,Troy O'Leary,563.0,-13.063713579414557,-0.37382371835526396,nixontr01,Trot Nixon,954.0,0.007384247575587144,burkhmo01,Morgan Burkhart,95.0,5.152215292993987,563.0,43.59736842105261,0.3812079659308511,0.0,Boston Red Sox,85,77,792.0,745.0
2000,CIN,NL,2B,reesepo01,Pokey Reese,577.0,-8.489618062757419,0.39889596253499027,castrju01,Juan Castro,159.33333333333334,0.8166337832333257,ochoaal01,Alex Ochoa,275.0,16.127166434561016,577.0,42.327345454545444,0.4177378206983354,0.0,Cincinnati Reds,85,77,825.0,765.0
2000,PIT,NL,2B,morriwa02,Warren Morris,606.0,-17.580898693294596,0.34917100018200004,benjami01,Mike Benjamin,186.0,3.0091640251035003,osikke01,Keith Osik,143.0,4.140926545971731,606.0,35.12916083916082,2.6599930249215005,0.0,Pittsburgh Pirates,69,93,793.0,888.0
2000,COL,NL,2B,lansimi01,Mike Lansing,400.0,-5.715939731547602,-0.4008197463704014,fryeje01,Jeff Frye,168.33333333333334,0.39438046811367733,huskebu01,Butch Huskey,111.0,8.138201724495541,400.0,35.042792792792795,0.7952002144840787,0.0,Colorado Rockies,82,80,968.0,897.0
2000,OAK,AL,C,hernara02,Ramon Hernandez,479.0,-14.697777627956636,-0.407477946875356,fasansa01,Sal Fasano,353.6666666666667,-0.25627418310455014,saenzol01,Olmedo Saenz,247.0,10.255759761784375,479.0,34.58647773279354,0.15120376377080585,0.0,Oakland Athletics,91,70,947.0,813.0
2000,MON,NL,SS,cabreor01,Orlando Cabrera,454.0,-18.27384159530652,0.43871378297542074,blumge01,Geoff Blum,225.66666666666666,1.1402520518657149,whitero02,Rondell White,322.0,10.519918516104166,454.0,33.10627329192544,0.7015382688902941,0.0,Montreal Expos,67,95,738.0,902.0
2000,CHA,AL,1B,konerpa01,Paul Konerko,586.0,9.747875386257672,-0.30428798992408074,thomafr04,Frank Thomas,258.3333333333333,0.9392512717837121,johnsch04,Charles Johnson,158.0,11.155263329400528,586.0,31.625443037974662,1.243539261707793,0.0,Chicago White Sox,95,67,978.0,839.0
2000,MIL,NL,OF,burnije01,Jeromy Burnitz,686.0,9.605913360395846,-0.12998963861417073,grissma02,Marquis Grissom,1258.6666666666667,0.8112532535716875,sexsori01,Richie Sexson,251.0,14.685122818453882,686.0,30.52952191235062,0.9412428921858582,0.0,Milwaukee Brewers,73,89,740.0,826.0
2000,TBA,AL,OF,willige02,Gerald Williams,682.0,-17.234622843979988,0.39930365576301785,tynerja01,Jason Tyner,204.33333333333334,0.7775916373340162,cansejo01,Jose Canseco,264.0,4.925629866846455,682.0,29.959166666666665,0.3782879815709983,0.0,Tampa Bay Devil Rays,69,92,733.0,842.0
2000,KCA,AL,2B,febleca01,Carlos Febles,399.0,-13.580695769425246,-0.1929640815488458,rebouje01,Jeff Reboulet,356.0,0.5456965519897439,ortizhe01,Hector Ortiz,99.0,3.873361200067418,399.0,29.191515151515144,0.7386606335385897,0.0,Kansas City Royals,77,85,879.0,930.0
2000,LAN,NL,OF,greensh01,Shawn Green,714.0,18.693297579187558,-0.5231184251811312,goodwto01,Tom Goodwin,450.6666666666667,1.4274741947199379,hanseda01,Dave Hansen,147.0,9.45626714865626,714.0,27.237142857142846,1.950592619901069,0.0,Los Angeles Dodgers,86,76,798.0,729.0
2000,CLE,AL,C,alomasa02,Sandy Alomar,384.0,-9.259992920950609,-0.3770772146656261,diazei01,Einar Diaz,625.6666666666666,0.3836688320078277,justida01,David Justice,288.0,12.102505309287032,384.0,25.39666666666665,0.7607460466734538,0.0,Cleveland Indians,90,72,950.0,816.0
2000,TEX,AL,3B,lambmi01,Mike Lamb,538.0,-16.975875498623502,-0.27064343737438235,evansto01,Tom Evans,154.33333333333334,-0.027766891157321116,catalfr01,Frank Catalanotto,326.0,5.0633914264846425,538.0,25.332024539877295,0.24287654621706123,0.0,Texas Rangers,71,91,848.0,974.0
2000,SEA,AL,3B,bellda01,David Bell,512.0,-16.683323894600818,-0.34208623867656895,guillca01,Carlos Guillen,551.3333333333334,-0.18361573398889414,lampkto01,Tom Lampkin,117.0,1.858517781897861,512.0,24.81632478632479,0.15847050468767482,0.0,Seattle Mariners,91,71,907.0,780.0
2000,ANA,AL,C,molinbe01,Bengie Molina,513.0,-10.068037417832468,0.3006674937151114,walbema01,Matt Walbeck,343.0,0.5067563700331558,gantro01,Ron Gant,103.0,2.734507107140849,513.0,23.687475728155334,0.20608887631804435,0.0,Anaheim Angels,82,80,864.0,869.0
2000,BAL,AL,OF,anderbr01,Brady Anderson,618.0,3.9770426428451096,0.7873383458199117,matoslu01,Luis Matos,503.6666666666667,1.1838332218095007,johnsch04,Charles Johnson,320.0,13.321672565874493,618.0,21.750437500000007,0.396494875989589,0.0,Baltimore Orioles,74,88,794.0,913.0
2000,SDN,NL,OF,owenser01,Eric Owens,636.0,-8.680844173160676,0.8205789548042827,darrmi02,Mike Darr,472.3333333333333,1.0344802592775497,spraged02,Ed Sprague,175.0,3.553651367447925,636.0,21.595828571428562,0.21390130447326705,0.0,San Diego Padres,76,86,752.0,815.0
2000,CHN,NL,SS,gutieri01,Ricky Gutierrez,542.0,3.7436516637529866,0.14452748458342707,ojedaau01,Augie Ojeda,184.66666666666666,0.4810563112011872,brownro01,Roosevelt Brown,98.0,4.000844765770836,542.0,18.383469387755106,0.3365288266177601,0.0,Chicago Cubs,65,97,764.0,904.0
2000,NYN,NL,OF,bellde01,Derek Bell,622.0,0.47046371744349,-0.0905253673471883,paytoja01,Jay Payton,1104.6666666666667,0.5428419601899659,harrile01,Lenny Harris,157.0,4.559618655367569,622.0,17.59375796178344,0.6333673275371542,0.0,New York Mets,94,68,807.0,738.0
2000,MIN,AL,1B,coomero01,Ron Coomer,589.0,-12.516265183437252,0.6954764040523295,ortizda01,David Ortiz,215.33333333333334,0.7175054564348917,pierzaj01,A. J. Pierzynski,96.0,0.6475017697623429,589.0,16.488958333333294,0.022029052382562253,0.0,Minnesota Twins,69,93,748.0,880.0
2000,PHI,NL,2B,moranmi01,Mickey Morandini,341.0,-13.574713621144321,-0.24095296981673012,anderma02,Marlon Anderson,362.3333333333333,-0.09369539340745126,bennega01,Gary Bennett,89.0,0.2688284097306588,341.0,14.604719101123587,0.14725757640927886,0.0,Philadelphia Phillies,65,97,708.0,830.0
2000,DET,AL,3B,palmede01,Dean Palmer,604.0,2.643031968088078,-1.1120764592802,haltesh01,Shane Halter,295.6666666666667,0.04975410311189904,mcmilbi01,Billy McMillon,149.0,4.027685038485307,604.0,13.683959731543636,1.161830562392099,0.0,Detroit Tigers,79,83,823.0,827.0
2000,SFN,NL,SS,aurilri01,Rich Aurilia,571.0,0.24237103321581088,0.12995319853079174,martira03,Ramon Martinez,251.33333333333334,0.16675871312530788,riosar01,Armando Rios,269.0,5.759155530534244,571.0,11.982453531598512,0.03680551459451614,0.0,San Francisco Giants,97,65,925.0,747.0
2000,ATL,NL,C,lopezja01,Javy Lopez,525.0,6.380954102343765,-0.014344690950985136,bakopa01,Paul Bako,157.33333333333334,0.5256954153331101,joynewa01,Wally Joyner,260.0,0.837139174494058,525.0,-4.690576923076917,0.5400401062840953,4.690576923076917,Atlanta Braves,95,67,810.0,714.0
2000,TOR,AL,C,fletcda01,Darrin Fletcher,445.0,9.872482161919216,-0.09502171520026596,castial01,Alberto Castillo,501.6666666666667,0.30233122711719584,martida01,Dave Martinez,206.0,1.999014214281699,445.0,-5.554223300970886,0.3973529423174618,5.554223300970886,Toronto Blue Jays,83,79,861.0,908.0
2000,ARI,NL,1B,colbrgr01,Greg Colbrunn,385.0,19.35403300838542,-0.43492806811615536,durazer01,Erubiel Durazo,471.6666666666667,-0.40858822615997736,bautida01,Danny Bautista,294.0,9.43253429731252,385.0,-7.001904761904742,0.026339841956178,7.001904761904742,Arizona Diamondbacks,85,77,792.0,754.0
2001,PIT,NL,C,kendaja01,Jason Kendall,672.0,-14.806913493348343,-0.4633166899135288,osikke01,Keith Osik,264.3333333333333,0.27477172364963615,wilsocr03,Craig Wilson,183.0,12.874992307614962,672.0,62.085573770491806,0.7380884135631649,0.0,Pittsburgh Pirates,62,100,657.0,858.0
2001,COL,NL,OF,pierrju01,Juan Pierre,683.0,12.212348339349786,0.501315077410283,encarma01,Mario Encarnacion,150.33333333333334,0.5364804587034261,hollato01,Todd Hollandsworth,125.0,13.464339007933711,683.0,61.356800000000014,0.03516538129314306,0.0,Colorado Rockies,73,89,923.0,906.0
2001,BAL,AL,OF,anderbr01,Brady Anderson,501.0,-20.841730505530663,0.20111629891569782,coninje01,Jeff Conine,288.0,1.1520199075299073,seguida01,David Segui,347.0,14.671196635889928,501.0,42.024063400576345,0.9509036086142095,0.0,Baltimore Orioles,63,98,687.0,829.0
2001,ARI,NL,SS,womacto01,Tony Womack,518.0,-15.276579151122696,-0.749339399056458,counscr01,Craig Counsell,415.3333333333333,-0.06248227350542712,durazer01,Erubiel Durazo,207.0,10.029745397138228,518.0,40.3751690821256,0.6868571255510308,0.0,Arizona Diamondbacks,92,70,818.0,677.0
2001,OAK,AL,OF,longte01,Terrence Long,687.0,-3.0065645854282934,-0.2933648584430023,damonjo01,Johnny Damon,1350.3333333333333,0.35493815591804456,dyeje01,Jermaine Dye,265.0,12.824833165737267,687.0,36.25433962264151,0.6483030143610469,0.0,Oakland Athletics,102,60,884.0,645.0
2001,CHN,NL,SS,gutieri01,Ricky Gutierrez,606.0,-0.712484489537367,-0.503627436643153,ojedaau01,Augie Ojeda,203.66666666666666,-0.2237918631864717,mcgrifr01,Fred McGriff,201.0,11.401057124757411,606.0,35.085820895522396,0.2798355734566813,0.0,Chicago Cubs,88,74,777.0,701.0
2001,SFN,NL,C,santibe01,Benito Santiago,515.0,-17.060923287313088,0.19360045559891528,estalbo02,Bobby Estalella,232.66666666666666,0.8420809044102171,galaran01,Andres Galarraga,174.0,4.521959899043729,515.0,30.44488505747125,0.6484804488113018,0.0,San Francisco Giants,90,72,799.0,748.0
2001,TBA,AL,3B,huffau01,Aubrey Huff,434.0,-17.514612853094427,-1.2729001283798684,castivi02,Vinny Castilla,206.33333333333334,0.40259239156227233,gomezch02,Chris Gomez,206.0,5.056474083554252,434.0,28.16757281553397,1.6754925199421407,0.0,Tampa Bay Devil Rays,62,100,672.0,887.0
2001,BOS,AL,2B,offerjo01,Jose Offerman,594.0,-6.694147545479495,-0.7009979212129112,stynech01,Chris Stynes,359.0,0.40749034745932156,mirabdo01,Doug Mirabelli,165.0,5.858292348477924,594.0,27.784000000000024,1.1084882686722328,0.0,Boston Red Sox,82,79,772.0,745.0
2001,SLN,NL,SS,renteed01,Edgar Renteria,549.0,-10.395023077155106,0.06789926143683916,polanpl01,Placido Polanco,281.0,1.7082766375581735,lankfra01,Ray Lankford,314.0,8.3380195879295,549.0,24.973280254777066,1.6403773761213343,0.0,St. Louis Cardinals,93,69,814.0,684.0
2001,SEA,AL,SS,guillca01,Carlos Guillen,523.0,-9.959291525733633,-0.3717138393244843,mclemma01,Mark McLemore,262.0,-0.13798429281666102,spraged02,Ed Sprague,107.0,2.035498674467504,523.0,19.90850467289723,0.2337295465078233,0.0,Seattle Mariners,116,46,927.0,627.0
2001,SDN,NL,OF,trammbu01,Bubba Trammell,546.0,5.78063278665447,0.1736220230171662,kotsama01,Mark Kotsay,878.0,1.1141318037529868,lankfra01,Ray Lankford,145.0,6.736633249203113,546.0,19.586275862068977,0.9405097807358206,0.0,San Diego Padres,79,83,789.0,812.0
2001,CIN,NL,1B,caseyse01,Sean Casey,588.0,14.531450693320187,0.3638329626619852,youngdm01,Dmitri Young,197.66666666666666,1.5135133294380025,dunnad01,Adam Dunn,286.0,16.550807650152343,588.0,19.49608391608393,1.1496803667760174,0.0,Cincinnati Reds,66,96,735.0,850.0
2001,KCA,AL,C,maynebr01,Brent Mayne,180.0,-10.348226528933177,0.05781141197283313,ortizhe01,Hector Ortiz,410.0,0.4656237115756838,zaungr01,Gregg Zaun,138.0,5.908026327817897,180.0,18.054347826086957,0.40781229960285065,0.0,Kansas City Royals,65,97,729.0,858.0
2001,CHA,AL,C,alomasa02,Sandy Alomar,239.0,-11.11986744675016,-0.006762129973501579,johnsma02,Mark Johnson,495.3333333333333,0.23692150742156837,cansejo01,Jose Canseco,306.0,8.583014900813598,239.0,17.82359477124183,0.24368363739506996,0.0,Chicago White Sox,83,79,798.0,795.0
2001,DET,AL,SS,cruzde01,Deivi Cruz,438.0,-14.742351220404064,-0.4716856732077254,haltesh01,Shane Halter,509.6666666666667,0.022636010590154493,simonra01,Randall Simon,274.0,1.1749218392906169,438.0,16.62051094890512,0.4943216837978799,0.0,Detroit Tigers,66,96,724.0,876.0
2001,PHI,NL,C,estrajo01,Johnny Estrada,324.0,-13.940833291435812,0.360965017428589,liebemi01,Mike Lieberthal,283.6666666666667,0.6033475744901118,perezto03,Tomas Perez,145.0,0.7466332492031076,324.0,15.609172413793102,0.24238255706152279,0.0,Philadelphia Phillies,86,76,746.0,719.0
2001,TEX,AL,2B,youngmi02,Michael Young,429.0,-9.80243989395742,0.0829930686233531,velarra01,Randy Velarde,434.0,0.6005003163813987,greerru01,Rusty Greer,279.0,2.4527488801535826,429.0,13.57387096774196,0.5175072477580456,0.0,Texas Rangers,73,89,890.0,968.0
2001,ATL,NL,SS,furcara01,Rafael Furcal,359.0,-4.916818369214366,0.16356724879079187,sanchre01,Rey Sanchez,391.3333333333333,0.9115515376822432,francju01,Julio Franco,101.0,2.3895859184104395,359.0,13.410495049504938,0.7479842888914513,0.0,Atlanta Braves,88,74,729.0,643.0
2001,MIN,AL,C,pierzaj01,A. J. Pierzynski,405.0,-3.9660096900996358,-0.07338621783916754,princto01,Tom Prince,530.6666666666666,1.184976087912592,buchabr01,Brian Buchanan,219.0,4.028824389797974,405.0,11.416575342465752,1.2583623057517594,0.0,Minnesota Twins,85,77,771.0,766.0
2001,MON,NL,2B,vidrojo01,Jose Vidro,531.0,17.518912105702405,-0.48013246607572446,blumge01,Geoff Blum,165.66666666666666,-0.03077583781540455,raineti01,Tim Raines,97.0,4.897127070156563,531.0,9.289072164948466,0.4493566282603199,0.0,Montreal Expos,68,94,670.0,812.0
2001,ANA,AL,OF,anderga01,Garret Anderson,704.0,2.9580473535058047,0.28662604317004575,erstada01,Darin Erstad,1269.3333333333333,1.301954433937686,wootesh01,Shawn Wooten,232.0,2.3411746960416844,704.0,4.14620689655172,1.0153283907676403,0.0,Anaheim Angels,75,87,691.0,730.0
2001,MIL,NL,2B,belliro01,Ronnie Belliard,410.0,3.9370319460225964,1.1481023314685839,loretma01,Mark Loretta,424.3333333333333,1.261143970801773,houstty01,Tyler Houston,256.0,4.207366288248243,410.0,2.801328124999981,0.11304163933318923,0.0,Milwaukee Brewers,68,94,740.0,806.0
2001,TOR,AL,OF,mondera01,Raul Mondesi,653.0,8.04421153670354,-0.8104801332634891,lathach01,Chris Latham,166.0,1.0699979881077848,wellsve01,Vernon Wells,103.0,1.4732370417771263,653.0,1.2958252427184371,1.880478121371274,0.0,Toronto Blue Jays,80,82,767.0,753.0
2001,CLE,AL,3B,frymatr01,Travis Fryman,370.0,-11.45079897614041,-0.7223851879979948,branyru01,Russell Branyan,511.6666666666667,-0.6295771179086819,taubeed01,Ed Taubensee,128.0,-3.5876277539080395,370.0,1.080312499999984,0.09280807008931291,0.0,Cleveland Indians,91,71,897.0,821.0
2001,NYA,AL,C,posadjo01,Jorge Posada,557.0,12.06993235213456,-0.3261666279147607,greento02,Todd Greene,227.33333333333334,0.17662685763238453,spencsh01,Shane Spencer,311.0,-2.2591580583234325,557.0,-16.116077170418006,0.5027934855471452,16.116077170418006,New York Yankees,95,65,804.0,713.0
2001,LAN,NL,C,loducpa01,Paul Lo Duca,519.0,25.0615355609408,0.3441241079066038,kreutch01,Chad Kreuter,526.3333333333334,0.43338672967406916,rebouje01,Jeff Reboulet,253.0,1.503022152057838,519.0,-21.978260869565236,0.08926262176746536,21.978260869565236,Los Angeles Dodgers,86,76,758.0,744.0
2001,FLO,NL,OF,floydcl01,Cliff Floyd,629.0,44.324153887922456,-0.49034870754053694,wilsopr01,Preston Wilson,1049.3333333333333,0.9028779108963478,redmomi01,Mike Redmond,158.0,2.8821245060282155,629.0,-32.85037974683544,1.3932266184368847,32.85037974683544,Florida Marlins,76,86,742.0,744.0
2001,HOU,NL,OF,berkmla01,Lance Berkman,688.0,62.43292189966718,-0.20517834761709713,hidalri01,Richard Hidalgo,1235.0,0.7473278992697038,merceor01,Orlando Merced,153.0,1.9315509457108648,688.0,-53.74725490196081,0.9525062468868009,53.74725490196081,Houston Astros,93,69,847.0,769.0
2002,PHI,NL,2B,anderma02,Marlon Anderson,592.0,-8.815990063660951,-0.7946548075475146,perezto03,Tomas Perez,249.66666666666666,1.6155388872425283,prattto02,Todd Pratt,136.0,10.638218498888694,592.0,55.12352941176468,2.410193694790043,0.0,Philadelphia Phillies,80,81,710.0,724.0
2002,SDN,NL,SS,cruzde01,Deivi Cruz,547.0,-17.32143000814619,-0.42019005790940056,vazqura01,Ramon Vazquez,256.0,0.7181969071260484,buchabr01,Brian Buchanan,102.0,4.623663874166526,547.0,42.11696078431375,1.138386965035449,0.0,San Diego Padres,66,96,662.0,815.0
2002,BOS,AL,1B,clarkto02,Tony Clark,298.0,-19.84220481112271,-0.27784337475601345,offerjo01,Jose Offerman,331.3333333333333,0.41230032353109497,floydcl01,Cliff Floyd,190.0,11.40154726807612,298.0,37.72463157894737,0.6901436982871084,0.0,Boston Red Sox,93,69,859.0,665.0
2002,CLE,AL,C,diazei01,Einar Diaz,351.0,-25.22219425739621,-0.3277331255276517,bardjo01,Josh Bard,209.33333333333334,0.14131932403933645,garcika01,Karim Garcia,205.0,6.883248368187388,351.0,37.007658536585346,0.46905244956698816,0.0,Cleveland Indians,74,88,739.0,837.0
2002,COL,NL,2B,butlebr02,Brent Butler,367.0,-9.183189786087112,-0.8264735254670407,ortizjo02,Jose Ortiz,428.0,0.31946559767529936,paytoja01,Jay Payton,181.0,12.553658443373928,367.0,34.63729281767955,1.1459391231423401,0.0,Colorado Rockies,73,89,778.0,898.0
2002,NYN,NL,OF,burnije01,Jeromy Burnitz,550.0,-11.585734011847169,-1.0550182334184273,mcewijo01,Joe McEwing,166.0,1.2267412248628458,wiggity01,Ty Wigginton,127.0,5.261130509991651,550.0,34.37015748031495,2.281759458281273,0.0,New York Mets,75,86,690.0,703.0
2002,TOR,AL,OF,wellsve01,Vernon Wells,648.0,-1.4325124751929899,0.7262291352425708,wisede01,Dewayne Wise,257.6666666666667,1.4537290259564135,phelpjo01,Josh Phelps,287.0,14.538547715462364,648.0,34.25822299651568,0.7274998907138427,0.0,Toronto Blue Jays,78,84,813.0,828.0
2002,ATL,NL,2B,lockhke01,Keith Lockhart,331.0,-14.531541741675298,0.08194122301792883,gilesma01,Marcus Giles,424.6666666666667,0.32899941639538544,francma01,Matt Franco,233.0,13.152389045890203,331.0,33.21583690987126,0.2470581933774566,0.0,Atlanta Braves,101,59,708.0,565.0
2002,HOU,NL,2B,biggicr01,Craig Biggio,655.0,0.49362585861836017,0.19842743766402077,vizcajo01,Jose Vizcaino,181.33333333333334,0.76063974788333,laneja01,Jason Lane,80.0,4.07189323464041,655.0,32.845,0.5622123102193093,0.0,Houston Astros,84,78,749.0,695.0
2002,KCA,AL,SS,perezne01,Neifi Perez,585.0,-40.91365709566037,0.3050642204542995,berroan01,Angel Berroa,178.66666666666666,0.7380447102112744,hinchaj01,A. J. Hinch,220.0,-3.155050531701332,585.0,32.524090909090916,0.4329804897569749,0.0,Kansas City Royals,62,100,737.0,891.0
2002,OAK,AL,C,hernara02,Ramon Hernandez,457.0,-14.52217314994321,0.47155002943260826,myersgr01,Greg Myers,343.3333333333333,0.7103569483335496,giambje01,Jeremy Giambi,187.0,7.12720704805387,457.0,31.939999999999998,0.2388069189009413,0.0,Oakland Athletics,103,59,800.0,654.0
2002,PIT,NL,3B,ramirar01,Aramis Ramirez,570.0,-15.567760703187071,-0.02236990579384246,mackoro01,Rob Mackowiak,176.33333333333334,0.7121748553647124,hyzduad01,Adam Hyzdu,179.0,3.279861112507916,570.0,26.012011173184344,0.7345447611585548,0.0,Pittsburgh Pirates,72,89,641.0,730.0
2002,MIN,AL,2B,rivaslu01,Luis Rivas,346.0,-7.462761290766643,-0.7522931026355233,canizja01,Jay Canizaro,211.66666666666666,-0.14598537697435993,kieltbo01,Bobby Kielty,348.0,17.183465522581532,346.0,24.54747126436782,0.6063077256611633,0.0,Minnesota Twins,94,67,768.0,712.0
2002,ARI,NL,C,milleda02,Damian Miller,340.0,3.455546247221747,0.4859660943089105,moellch01,Chad Moeller,277.6666666666667,0.6003538739997266,colbrgr01,Greg Colbrunn,185.0,14.73125310510595,340.0,23.618108108108107,0.1143877796908161,0.0,Arizona Diamondbacks,98,64,819.0,674.0
2002,LAN,NL,C,loducpa01,Paul Lo Duca,632.0,-2.660043446340765,-0.03395878730334085,kreutch01,Chad Kreuter,247.66666666666666,0.4811014308736013,coraal01,Alex Cora,293.0,7.156308971870507,632.0,18.096177474402747,0.5150602181769421,0.0,Los Angeles Dodgers,92,70,713.0,643.0
2002,MIL,NL,C,bakopa01,Paul Bako,257.0,-10.93204298371768,-0.1878115150797798,casanra01,Raul Casanova,218.33333333333334,0.09564749494228221,stairma01,Matt Stairs,315.0,8.768079611396619,257.0,18.08568253968254,0.28345901002206203,0.0,Milwaukee Brewers,56,106,627.0,821.0
2002,CIN,NL,C,larueja01,Jason LaRue,397.0,-2.4262298230969543,-0.11737032094555615,milleco01,Corky Miller,301.0,0.44389623965816066,branyru01,Russell Branyan,255.0,9.664159685416319,397.0,17.47200000000001,0.5612665606037168,0.0,Cincinnati Reds,78,84,709.0,774.0
2002,DET,AL,SS,haltesh01,Shane Halter,458.0,-9.53405974326912,0.02161462860112101,santira01,Ramon Santiago,548.0,0.6787217624800229,cruzja01,Jacob Cruz,107.0,1.8281345141270826,458.0,17.35915887850467,0.6571071338789019,0.0,Detroit Tigers,55,106,575.0,864.0
2002,TBA,AL,2B,abernbr01,Brent Abernathy,504.0,-25.590843036261226,0.11722280466072962,sheetan01,Andy Sheets,232.0,0.6070591404908887,contija01,Jason Conti,245.0,-4.872215364849205,504.0,15.568000000000003,0.48983633583015906,0.0,Tampa Bay Devil Rays,55,106,673.0,918.0
2002,FLO,NL,SS,foxan01,Andy Fox,502.0,-5.326869952631416,-0.4775143521218451,gonzaal02,Alex Gonzalez,348.3333333333333,1.036446334999059,castrra01,Ramon Castro,119.0,1.3159411865276103,502.0,10.878151260504191,1.5139606871209041,0.0,Florida Marlins,79,83,699.0,763.0
2002,MON,NL,C,barremi01,Michael Barrett,428.0,1.0426288053262054,-0.27846992072221904,schnebr01,Brian Schneider,521.6666666666666,0.7490860557583852,cordewi01,Wil Cordero,166.0,4.36517846187885,428.0,10.212168674698782,1.0275559764806041,0.0,Montreal Expos,83,79,735.0,718.0
2002,TEX,AL,OF,menchke01,Kevin Mench,412.0,1.9427235497229596,-0.01169645901280103,murraca01,Calvin Murray,221.66666666666666,1.387654836337212,greento02,Todd Greene,118.0,2.8573819875420123,412.0,8.033898305084744,1.3993512953500131,0.0,Texas Rangers,72,90,843.0,882.0
2002,SFN,NL,1B,snowjt01,J. T. Snow,494.0,-2.9020592760954695,0.34397466243701175,minorda01,Damon Minor,302.6666666666667,1.1800431245089136,loftoke01,Kenny Lofton,205.0,1.7192264137660462,494.0,7.044975609756088,0.8360684620719019,0.0,San Francisco Giants,95,66,783.0,616.0
2002,SLN,NL,3B,polanpl01,Placido Polanco,367.0,-5.66318978608711,0.7694352391282148,rolensc01,Scott Rolen,486.0,0.9648167384685746,perezed01,Eduardo Perez,177.0,-0.6939362183580924,367.0,4.224350282485868,0.19538149934035987,0.0,St. Louis Cardinals,97,65,787.0,648.0
2002,SEA,AL,C,wilsoda01,Dan Wilson,394.0,-4.093317770410561,0.5740247943225044,davisbe01,Ben Davis,538.6666666666666,0.8920706464019661,gipsoch01,Charles Gipson,84.0,-0.7084738393768701,394.0,0.7702380952380985,0.3180458520794617,0.0,Seattle Mariners,93,69,814.0,699.0
2002,BAL,AL,OF,singlch01,Chris Singleton,502.0,-6.807069849609389,0.2791053720215336,morame01,Melvin Mora,876.0,0.6877913211301497,seguida01,David Segui,107.0,-1.3618654858729187,502.0,0.4177570093457895,0.4086859491086161,0.0,Baltimore Orioles,67,95,667.0,773.0
2002,ANA,AL,2B,kennead01,Adam Kennedy,509.0,7.449723997109215,0.43987841908543546,gilbe01,Benji Gil,182.66666666666666,0.45161519071682815,wootesh01,Shawn Wooten,121.0,0.8417222075642639,509.0,-3.90892561983475,0.011736771631392695,3.90892561983475,Anaheim Angels,99,63,851.0,644.0
2002,CHA,AL,2B,durhara01,Ray Durham,411.0,14.544610143048873,-0.3427206276382686,harriwi01,Willie Harris,323.3333333333333,0.6472808304240976,jimenda01,D'Angelo Jimenez,125.0,2.2241758342606057,411.0,-7.231520000000002,0.9900014580623662,7.231520000000002,Chicago White Sox,81,81,856.0,798.0
2002,CHN,NL,2B,bellhma01,Mark Bellhorn,529.0,23.464394014059724,-0.503436569336637,hillbo01,Bobby Hill,419.6666666666667,-0.0008623833474560305,echevan01,Angel Echevarria,111.0,3.020751863063568,529.0,-9.068198198198218,0.502574185989181,9.068198198198218,Chicago Cubs,67,95,706.0,759.0
2002,NYA,AL,OF,willibe02,Bernie Williams,699.0,37.34127126518531,0.24740065332096153,whitero02,Rondell White,951.6666666666666,0.7079527069307838,vandejo02,John Vander Wal,245.0,-0.21221536484920112,699.0,-37.946734693877524,0.4605520536098223,37.946734693877524,New York Yankees,103,58,897.0,697.0
2003,KCA,AL,1B,harveke01,Ken Harvey,524.0,-9.092046790299573,-1.3265361187116604,ibanera01,Raul Ibanez,167.0,0.2081703302439909,whitero02,Rondell White,85.0,6.777129814550644,524.0,50.87105882352943,1.5347064489556512,0.0,Kansas City Royals,83,79,836.0,867.0
2003,MIN,AL,2B,rivaslu01,Luis Rivas,521.0,-12.52029843081311,-0.7440906444792361,gomezch02,Chris Gomez,159.66666666666666,0.3781526306378976,fordle01,Lew Ford,83.0,5.994962054208271,521.0,50.151325301204785,1.1222432751171336,0.0,Minnesota Twins,90,72,801.0,758.0
2003,OAK,AL,OF,longte01,Terrence Long,522.0,-15.604214550641943,-0.43655897321523396,dyeje01,Jermaine Dye,517.3333333333334,-0.03783883167646129,melhuad01,Adam Melhuse,86.0,5.043213694721825,522.0,46.2153488372093,0.39872014153877267,0.0,Oakland Athletics,96,66,768.0,643.0
2003,LAN,NL,2B,coraal01,Alex Cora,514.0,-22.343724201498816,-0.1155870119003603,cabrejo02,Jolbert Cabrera,346.3333333333333,0.45889672334479936,rossda01,David Ross,140.0,5.63447200737386,514.0,43.030285714285704,0.5744837352451597,0.0,Los Angeles Dodgers,85,77,574.0,556.0
2003,SDN,NL,SS,vazqura01,Ramon Vazquez,484.0,-6.908253917364647,-0.6414701339347256,greenkh01,Khalil Greene,155.0,-0.29174640509939365,gilesbr02,Brian Giles,128.0,7.99666012102753,484.0,37.145624999999995,0.349723728835332,0.0,San Diego Padres,64,98,678.0,831.0
2003,CIN,NL,C,larueja01,Jason LaRue,437.0,-1.4096838055544456,-0.5118061697719934,stinnke01,Kelly Stinnett,409.3333333333333,0.0697412569922219,guilljo01,Jose Guillen,349.0,26.62636236123913,437.0,34.74985673352436,0.5815474267642153,0.0,Cincinnati Reds,69,93,694.0,886.0
2003,NYN,NL,OF,cedenro01,Roger Cedeno,527.0,-9.946094657956946,0.32406674879158165,duncaje01,Jeff Duncan,368.0,2.106102851755624,burnije01,Jeromy Burnitz,259.0,11.522773213641653,527.0,33.392046332046334,1.7820361029640426,0.0,New York Mets,66,95,642.0,754.0
2003,PIT,NL,1B,simonra01,Randall Simon,321.0,-4.488532040235648,0.47557616405834824,youngke01,Kevin Young,199.66666666666666,0.6905860516173051,bayja01,Jason Bay,97.0,6.262312747966179,321.0,25.212268041237127,0.2150098875589569,0.0,Pittsburgh Pirates,75,87,753.0,801.0
2003,CHA,AL,C,olivomi01,Miguel Olivo,346.0,-14.244977460770325,0.07731483663884886,alomasa02,Sandy Alomar,511.0,0.23787668838637174,evereca01,Carl Everett,289.0,8.328241369472178,346.0,24.21581314878892,0.16056185174752288,0.0,Chicago White Sox,86,76,791.0,715.0
2003,SFN,NL,3B,alfoned01,Edgardo Alfonzo,586.0,-2.826852883420816,-0.07880230841419406,felizpe01,Pedro Feliz,293.0,1.2969845566418572,hammoje01,Jeffrey Hammonds,108.0,3.7503069771169795,586.0,23.175740740740725,1.3757868650560512,0.0,San Francisco Giants,100,61,755.0,638.0
2003,ANA,AL,1B,spiezsc01,Scott Spiezio,581.0,2.424734379457899,-0.003298846106534577,wootesh01,Shawn Wooten,212.0,0.4168378481902963,fullmbr01,Brad Fullmer,235.0,9.279711840228245,581.0,20.517872340425548,0.42013669429683087,0.0,Anaheim Angels,77,85,736.0,743.0
2003,BAL,AL,OF,gibboja01,Jay Gibbons,682.0,3.4792062767474974,-0.3015411539753883,matoslu01,Luis Matos,938.0,0.9699659490065583,custja01,Jack Cust,84.0,2.9410459343794573,682.0,20.399285714285718,1.2715071029819467,0.0,Baltimore Orioles,71,91,743.0,820.0
2003,MON,NL,OF,wilkebr01,Brad Wilkerson,602.0,19.03022963170759,0.018835441416222818,chaveen01,Endy Chavez,1033.3333333333333,0.7025236374757154,vitiejo01,Joe Vitiello,86.0,5.6043185188153695,602.0,20.2,0.6836881960594926,0.0,Montreal Expos,83,79,711.0,716.0
2003,PHI,NL,OF,abreubo01,Bobby Abreu,695.0,33.78327175089168,-0.20878530896636494,byrdma01,Marlon Byrd,1100.3333333333333,0.4209717607702259,michaja01,Jason Michaels,125.0,9.487207149440946,695.0,18.965599999999984,0.6297570697365908,0.0,Philadelphia Phillies,86,76,791.0,697.0
2003,TBA,AL,C,hallto02,Toby Hall,498.0,-15.630227674750353,0.6273208946540993,valenja01,Javier Valentin,305.6666666666667,0.884966160122997,ordonre01,Rey Ordonez,124.0,0.8144011412268171,498.0,18.900967741935474,0.25764526546889766,0.0,Tampa Bay Devil Rays,63,99,715.0,852.0
2003,DET,AL,SS,santira01,Ramon Santiago,507.0,-28.475472753209694,0.5049609064643256,infanom01,Omar Infante,525.6666666666666,1.0357427149534866,wittke01,Kevin Witt,289.0,-6.121758630527817,507.0,17.735916955017295,0.530781808489161,0.0,Detroit Tigers,43,119,591.0,928.0
2003,CLE,AL,SS,peraljh01,Jhonny Peralta,270.0,-12.997352353780311,0.37819385934309885,vizquom01,Omar Vizquel,551.3333333333334,1.0254812097923205,hafnetr01,Travis Hafner,324.0,4.111177175463624,270.0,16.423333333333332,0.6472873504492216,0.0,Cleveland Indians,68,94,699.0,778.0
2003,SLN,NL,1B,martiti02,Tino Martinez,547.0,6.760258485953591,1.0483308111909018,pujolal01,Albert Pujols,369.6666666666667,1.0520806050828242,drewjd01,J. D. Drew,328.0,13.700191560133057,547.0,16.087317073170745,0.003749793891922426,0.0,St. Louis Cardinals,85,77,876.0,796.0
2003,ARI,NL,2B,spiveju01,Junior Spivey,408.0,0.425604135775254,-0.4072935603262936,katama01,Matt Kata,409.3333333333333,0.3212117586795671,mondera01,Raul Mondesi,183.0,7.296631266781551,408.0,15.84229508196722,0.7285053190058607,0.0,Arizona Diamondbacks,84,78,717.0,685.0
2003,SEA,AL,3B,cirilje01,Jeff Cirillo,293.0,-18.707423109843077,-0.06384767371649425,mclemma01,Mark McLemore,215.66666666666666,0.36959340419650183,mabryjo01,John Mabry,122.0,-2.487766619115549,293.0,12.732704918032784,0.4334410779129961,0.0,Seattle Mariners,93,69,795.0,637.0
2003,TOR,AL,SS,woodwch01,Chris Woodward,386.0,-6.761622253922967,0.05460086795185512,bordimi01,Mike Bordick,562.0,0.6989783258944476,stewash01,Shannon Stewart,340.0,3.738519258202574,386.0,11.005941176470595,0.6443774579425925,0.0,Toronto Blue Jays,86,76,894.0,826.0
2003,CHN,NL,OF,aloumo01,Moises Alou,638.0,14.863665290746585,-1.17137763885788,goodwto01,Tom Goodwin,324.0,0.19900373114038794,loftoke01,Kenny Lofton,236.0,8.896967098144515,638.0,9.18830508474579,1.370381369998268,0.0,Chicago Cubs,88,74,724.0,683.0
2003,BOS,AL,OF,damonjo01,Johnny Damon,690.0,2.517877318116959,0.8443966453074392,jacksda04,Damian Jackson,189.66666666666666,0.906082513791524,kaplega01,Gabe Kapler,172.0,1.8764273894436476,690.0,5.009651162790697,0.06168586848408486,0.0,Boston Red Sox,95,67,961.0,809.0
2003,NYA,AL,3B,venturo01,Robin Ventura,326.0,-1.8266550641940018,0.2972954417804714,booneaa01,Aaron Boone,462.3333333333333,0.4879664970203532,garcika01,Karim Garcia,161.0,0.8195047075606263,326.0,3.4860248447204873,0.19067105523988181,0.0,New York Yankees,101,61,877.0,716.0
2003,MIL,NL,C,perezed02,Eddie Perez,375.0,-5.338378551677149,-0.5263590664038925,osikke01,Keith Osik,630.3333333333334,-0.2353236589521693,hallbi03,Bill Hall,155.0,-1.2682631346932238,375.0,2.269999999999995,0.2910354074517232,0.0,Milwaukee Brewers,68,94,714.0,873.0
2003,COL,NL,2B,belliro01,Ronnie Belliard,505.0,3.0579168837414485,-0.5867184806213595,butlebr02,Brent Butler,156.0,-0.09222682453694947,nortogr01,Greg Norton,197.0,0.9540784675189355,505.0,-0.612182741116766,0.49449165608441,0.612182741116766,Colorado Rockies,74,88,853.0,892.0
2003,TEX,AL,OF,evereca01,Carl Everett,313.0,13.204254493580585,-0.06411457108282195,chrisry01,Ryan Christenson,424.0,1.201854202951822,gonzaju03,Juan Gonzalez,346.0,13.045022539229667,313.0,-1.4034104046242677,1.265968774034644,1.4034104046242677,Texas Rangers,71,91,826.0,969.0
2003,ATL,NL,1B,fickro01,Robert Fick,460.0,1.2961223099426906,-0.9809227206269971,francju01,Julio Franco,412.0,1.1542665206741525,derosma01,Mark DeRosa,288.0,-4.86251472768805,460.0,-9.06263888888888,2.1351892413011497,9.06263888888888,Atlanta Braves,101,61,907.0,740.0
2003,FLO,NL,C,rodriiv01,Ivan Rodriguez,578.0,17.654605859014943,-0.04215737334925528,redmomi01,Mike Redmond,247.33333333333334,0.218490313310889,coninje01,Jeff Conine,99.0,1.2719480623572312,578.0,-10.228484848484845,0.26064768666014426,10.228484848484845,Florida Marlins,91,71,751.0,692.0
2003,HOU,NL,OF,berkmla01,Lance Berkman,658.0,39.720018434657156,-0.28641077690703937,biggicr01,Craig Biggio,1313.0,0.6868221481606737,merceor01,Orlando Merced,230.0,-7.98193884502865,658.0,-62.55530434782608,0.973232925067713,62.55530434782608,Houston Astros,87,75,805.0,677.0
2004,COL,NL,2B,milesaa01,Aaron Miles,566.0,-11.166523813325869,0.661807513588794,gonzalu02,Luis Gonzalez,293.0,1.2266703210499257,walkela01,Larry Walker,138.0,15.292190306998283,566.0,73.88666666666666,0.5648628074611317,0.0,Colorado Rockies,68,94,833.0,923.0
2004,CHA,AL,3B,credejo01,Joe Crede,543.0,-11.776693726435925,-0.07144574810249371,uribeju01,Juan Uribe,181.33333333333334,0.47220337755579744,thomafr04,Frank Thomas,311.0,22.37110175152565,543.0,50.83620578778135,0.5436491256582912,0.0,Chicago White Sox,83,79,865.0,831.0
2004,ANA,AL,SS,eckstda01,David Eckstein,637.0,-17.17433499767897,-0.21354770978526838,amezaal01,Alfredo Amezaga,167.0,1.3831822468274424,quinlro01,Robb Quinlan,177.0,9.272845691382766,637.0,50.54610169491526,1.5967299566127107,0.0,Anaheim Angels,92,70,836.0,734.0
2004,MIN,AL,OF,jonesja04,Jacque Jones,608.0,-8.848360562933781,0.49558596193392934,hunteto01,Torii Hunter,1100.0,0.6178068936903597,mauerjo01,Joe Mauer,122.0,6.543486860727102,608.0,41.458524590163925,0.12222093175643034,0.0,Minnesota Twins,92,70,780.0,715.0
2004,KCA,AL,SS,berroan01,Angel Berroa,554.0,-15.854821960304779,-0.4027317879341328,blancan01,Andres Blanco,162.0,0.3510194734369341,beltrca01,Carlos Beltran,309.0,13.955306884956352,554.0,40.87501618122976,0.7537512613710668,0.0,Kansas City Royals,58,104,720.0,905.0
2004,SEA,AL,3B,spiezsc01,Scott Spiezio,415.0,-17.63756518687093,0.7022952605270252,cabrejo02,Jolbert Cabrera,277.6666666666667,1.2812904510495184,hanseda01,Dave Hansen,97.0,3.0610510286108954,415.0,30.733814432989707,0.5789951905224933,0.0,Seattle Mariners,63,99,698.0,823.0
2004,ARI,NL,OF,bautida01,Danny Bautista,582.0,-4.486849574833322,0.05388701397482831,devordo01,Doug DeVore,209.33333333333334,0.9150850858016797,sexsori01,Richie Sexson,104.0,4.507882550201606,582.0,29.713653846153846,0.8611980718268514,0.0,Arizona Diamondbacks,51,111,615.0,899.0
2004,MIL,NL,SS,counscr01,Craig Counsell,545.0,-14.673596251347336,-0.10398067422141755,hallbi03,Bill Hall,303.6666666666667,0.5996154207626562,branyru01,Russell Branyan,182.0,4.761294462852808,545.0,28.931318681318654,0.7035960949840737,0.0,Milwaukee Brewers,67,94,634.0,757.0
2004,TOR,AL,SS,gomezch02,Chris Gomez,377.0,-9.827667651687555,-0.20630601143771485,woodwch01,Chris Woodward,514.6666666666666,0.3110144169012131,menecfr01,Frank Menechino,276.0,11.589691586562964,377.0,25.658514492753632,0.517320428338928,0.0,Toronto Blue Jays,67,94,719.0,823.0
2004,ATL,NL,SS,furcara01,Rafael Furcal,632.0,4.487132420455891,0.10041259542425918,garcije01,Jesse Garcia,191.0,0.28191127576464714,marreel01,Eli Marrero,280.0,12.614299173619708,632.0,23.985142857142876,0.18149868034038796,0.0,Atlanta Braves,96,66,803.0,668.0
2004,PHI,NL,C,liebemi01,Mike Lieberthal,529.0,3.6467295101600747,-0.14121035762116538,prattto02,Todd Pratt,333.0,0.16124897602146335,ledeeri01,Ricky Ledee,145.0,7.524547786338768,529.0,23.804896551724124,0.3024593336426287,0.0,Philadelphia Phillies,86,76,840.0,781.0
2004,LAN,NL,OF,bradlmi01,Milton Bradley,597.0,6.035345023753434,0.3822599075191305,finlest01,Steve Finley,484.6666666666667,1.1205034749034646,hernajo01,Jose Hernandez,238.0,11.350154297576744,597.0,22.43542016806722,0.738243567384334,0.0,Los Angeles Dodgers,93,69,761.0,684.0
2004,FLO,NL,C,redmomi01,Mike Redmond,273.0,-8.31805830572079,0.0009690924391282755,castrra01,Ramon Castro,243.0,0.5575390743280623,choihe01,Hee-Seop Choi,340.0,14.693077567966794,273.0,20.11573529411766,0.556569981888934,0.0,Florida Marlins,83,79,718.0,700.0
2004,CLE,AL,OF,lawtoma02,Matt Lawton,680.0,7.300254633560925,-0.4061756964490804,sizemgr01,Grady Sizemore,348.3333333333333,0.9594845364080022,phelpjo01,Josh Phelps,80.0,3.221794662771872,680.0,20.084999999999987,1.3656602328570826,0.0,Cleveland Indians,80,82,858.0,857.0
2004,SFN,NL,C,pierzaj01,A. J. Pierzynski,510.0,-6.105383648049827,0.09229127596053562,torreyo01,Yorvit Torrealba,433.0,0.34926637953656564,mohrdu01,Dustan Mohr,324.0,8.743403329474237,510.0,19.868148148148162,0.25697510357603004,0.0,San Francisco Giants,91,71,850.0,770.0
2004,CHN,NL,C,barremi01,Michael Barrett,506.0,8.584697792327058,-0.038637369349469576,bakopa01,Paul Bako,377.6666666666667,0.041946332177541436,hollato01,Todd Hollandsworth,167.0,9.359099864266035,506.0,19.772814371257457,0.08058370152701101,0.0,Chicago Cubs,89,73,789.0,665.0
2004,PIT,NL,2B,castijo02,Jose Castillo,414.0,-13.46342907900515,-0.10734281497553588,hillbo01,Bobby Hill,255.0,1.29139446709811,wardda01,Daryle Ward,321.0,0.7909644097568727,414.0,14.483551401869157,1.398737282073646,0.0,Pittsburgh Pirates,72,89,680.0,744.0
2004,NYN,NL,2B,reyesjo01,Jose Reyes,229.0,-7.127162461575318,-0.25358393143325814,mcewijo01,Joe McEwing,162.33333333333334,0.9356995183271996,wrighda03,David Wright,283.0,9.036738093337057,229.0,14.43957597173145,1.1892834497604576,0.0,New York Mets,71,91,684.0,731.0
2004,CIN,NL,C,larueja01,Jason LaRue,445.0,0.43843975807416946,-0.8473249420417098,valenja01,Javier Valentin,409.6666666666667,0.047096319831695745,griffke02,Ken Griffey,348.0,11.442914687213065,445.0,14.194022988505758,0.8944212618734055,0.0,Cincinnati Reds,76,86,750.0,907.0
2004,HOU,NL,3B,ensbemo01,Morgan Ensberg,456.0,-2.8192842029621907,-0.6092080021743785,lambmi01,Mike Lamb,453.6666666666667,-0.47228993950053805,laneja01,Jason Lane,156.0,2.996823825302409,456.0,11.579230769230772,0.1369180626738405,0.0,Houston Astros,92,70,803.0,698.0
2004,DET,AL,3B,munsoer01,Eric Munson,357.0,-6.365616317380535,-0.06746058811313244,ingebr01,Brandon Inge,524.6666666666666,0.31463660346248024,thamema01,Marcus Thames,184.0,2.5631277243753017,357.0,11.338641304347835,0.38209719157561267,0.0,Detroit Tigers,72,90,827.0,844.0
2004,BOS,AL,2B,bellhma01,Mark Bellhorn,620.0,12.436408636482,-0.5802432839713194,reesepo01,Pokey Reese,152.0,1.8710550356832365,nixontr01,Trot Nixon,167.0,6.333871358536281,620.0,11.0785628742515,2.4512983196545557,0.0,Boston Red Sox,98,64,949.0,768.0
2004,TBA,AL,OF,cruzjo02,Jose Cruz,636.0,-0.6672324309636153,-0.7251807373203687,crawfca02,Carl Crawford,1235.0,0.9282918724184155,cantujo01,Jorge Cantu,185.0,1.4860251576599532,636.0,5.775945945945941,1.6534726097387842,0.0,Tampa Bay Devil Rays,70,91,714.0,842.0
2004,BAL,AL,OF,bigbila01,Larry Bigbie,531.0,-0.1314629258516984,0.3654218178970799,raineti02,Tim Raines,219.33333333333334,1.1752733833642464,hairsje02,Jerry Hairston,334.0,1.8177427170725533,531.0,3.0213473053892006,0.8098515654671665,0.0,Baltimore Orioles,78,84,842.0,830.0
2004,NYA,AL,1B,clarkto02,Tony Clark,283.0,-2.7600263804445007,0.14037311795686305,olerujo01,John Olerud,400.0,0.970013148984554,loftoke01,Kenny Lofton,313.0,-1.7731033819050523,283.0,1.1568690095846612,0.829640031027691,0.0,New York Yankees,101,61,897.0,808.0
2004,MON,NL,2B,vidrojo01,Jose Vidro,467.0,10.432991836001426,-0.32111413357225,carroja01,Jamey Carroll,344.6666666666667,0.255709725382529,johnsni01,Nick Johnson,295.0,1.626493772206472,467.0,-7.858169491525418,0.576823858954779,7.858169491525418,Montreal Expos,67,95,635.0,769.0
2004,SDN,NL,C,hernara02,Ramon Hernandez,432.0,7.861204439298978,-0.06737687197438824,quinthu01,Humberto Quintero,171.66666666666666,0.3014728708876235,longte01,Terrence Long,313.0,-0.2888727094893948,432.0,-8.25990415335463,0.3688497428620117,8.25990415335463,San Diego Padres,87,75,768.0,705.0
2004,TEX,AL,OF,menchke01,Kevin Mench,481.0,13.51366540991589,0.33621368460192735,matthga02,Gary Matthews,709.0,0.7265052578904527,fullmbr01,Brad Fullmer,290.0,-3.119744347451964,481.0,-18.688137931034493,0.3902915732885254,18.688137931034493,Texas Rangers,89,73,860.0,794.0
2005,SFN,NL,C,mathemi01,Mike Matheny,485.0,-9.486086632566755,0.8931032019487336,torreyo01,Yorvit Torrealba,217.33333333333334,1.126125235486823,winnra01,Randy Winn,247.0,23.647003302589717,485.0,55.91846153846154,0.23302203353808937,0.0,San Francisco Giants,75,87,649.0,745.0
2005,LAN,NL,C,phillja04,Jason Phillips,434.0,-14.873281646461805,-0.023666361540464042,navardi01,Dioner Navarro,435.6666666666667,-0.005652312151996426,drewjd01,J. D. Drew,311.0,19.538777437673684,434.0,42.139614147909974,0.018014049388467616,0.0,Los Angeles Dodgers,71,91,685.0,755.0
2005,WAS,NL,SS,guzmacr01,Cristian Guzman,492.0,-29.578236336541938,-0.37692673768042667,carroja01,Jamey Carroll,241.0,0.7698169577345186,churcry01,Ryan Church,301.0,7.007562729066829,492.0,41.03245847176081,1.1467436954149453,0.0,Washington Nationals,81,81,639.0,673.0
2005,NYN,NL,C,piazzmi01,Mike Piazza,442.0,3.4756901204236907,0.22019693193017556,castrra01,Ramon Castro,576.3333333333334,0.46797345924560085,jacobmi02,Mike Jacobs,112.0,11.235604736396953,442.0,40.86482142857143,0.2477765273154253,0.0,New York Mets,83,79,722.0,648.0
2005,CHN,NL,OF,burnije01,Jeromy Burnitz,671.0,0.7725069475210429,-0.024932155480364718,hairsje02,Jerry Hairston,485.6666666666667,0.049649245475858944,murtoma01,Matt Murton,160.0,8.339435337709936,671.0,34.201,0.07458140095622366,0.0,Chicago Cubs,79,83,703.0,714.0
2005,SLN,NL,3B,nunezab01,Abraham Nunez,467.0,-5.936273108059128,0.9974157427761505,rolensc01,Scott Rolen,486.0,1.0509715502298658,sandere02,Reggie Sanders,329.0,15.708963913166045,467.0,28.234407294832817,0.05355580745371524,0.0,St. Louis Cardinals,100,62,805.0,634.0
2005,SDN,NL,3B,burrose01,Sean Burroughs,317.0,-11.154493737162198,0.2451166840389018,blumge01,Geoff Blum,230.66666666666666,1.0353619436389119,sweenma01,Mark Sweeney,267.0,12.289432719803454,317.0,25.745318352059936,0.79024525960001,0.0,San Diego Padres,82,80,684.0,726.0
2005,MIN,AL,2B,puntoni01,Nick Punto,439.0,-17.228048368177745,-0.18630372841364812,rodrilu01,Luis Rodriguez,216.0,1.2418196833241355,lecroma01,Matt LeCroy,350.0,5.541442075484721,439.0,24.17860000000001,1.4281234117377837,0.0,Minnesota Twins,83,79,688.0,662.0
2005,OAK,AL,C,kendaja01,Jason Kendall,676.0,-14.669500448492393,0.037721217860646826,melhuad01,Adam Melhuse,161.33333333333334,0.5098403331040265,byrneer01,Eric Byrnes,215.0,3.013028703512039,676.0,24.143023255813965,0.47211911524337974,0.0,Oakland Athletics,88,74,772.0,658.0
2005,MIL,NL,SS,hardyjj01,J. J. Hardy,427.0,-4.161131942486602,-0.8794553564300313,hallbi03,Bill Hall,500.3333333333333,-0.025755853412081378,branyru01,Russell Branyan,242.0,10.011395948286276,427.0,21.82586776859503,0.8536995030179498,0.0,Milwaukee Brewers,81,81,726.0,697.0
2005,KCA,AL,C,buckjo01,John Buck,430.0,-13.213942592975917,0.6014823610624841,castial01,Alberto Castillo,277.0,0.9442579458488659,guielaa01,Aaron Guiel,121.0,2.2803556889532848,430.0,21.31768595041321,0.3427755847863818,0.0,Kansas City Royals,56,106,701.0,935.0
2005,PHI,NL,C,liebemi01,Mike Lieberthal,443.0,1.8868115912843848,-0.09362018050127337,prattto02,Todd Pratt,436.3333333333333,-0.04013529404168078,howarry01,Ryan Howard,348.0,18.0202718595191,443.0,21.052787356321826,0.05348488645959259,0.0,Philadelphia Phillies,88,74,807.0,726.0
2005,CHA,AL,3B,credejo01,Joe Crede,471.0,-2.0182022355620095,0.34621049125332304,ozunapa01,Pablo Ozuna,261.0,0.807820611764547,thomafr04,Frank Thomas,124.0,5.005653763886014,471.0,21.03161290322582,0.46161012051122396,0.0,Chicago White Sox,99,63,741.0,645.0
2005,COL,NL,SS,barmecl01,Clint Barmes,377.0,0.7727945144790516,0.22351939979623792,quintom01,Omar Quintanilla,268.6666666666667,0.4495765323923426,piedrjo01,Jorge Piedra,124.0,7.169062386725198,377.0,21.02346774193546,0.22605713259610466,0.0,Colorado Rockies,67,95,740.0,862.0
2005,PIT,NL,C,cotahu01,Humberto Cota,320.0,-8.851129324580123,-0.41469002933977284,rossda01,David Ross,273.0,-0.1408234651219432,wilsocr03,Craig Wilson,238.0,7.1069100648435315,320.0,18.40663865546218,0.2738665642178296,0.0,Pittsburgh Pirates,67,95,680.0,769.0
2005,SEA,AL,C,olivomi01,Miguel Olivo,157.0,-17.816067411853997,-0.7648866347690181,torreyo01,Yorvit Torrealba,319.3333333333333,0.9771669882273919,morsemi01,Mike Morse,258.0,-1.6943655557855468,157.0,16.785,1.7420536229964099,0.0,Seattle Mariners,69,93,699.0,751.0
2005,CIN,NL,2B,aurilri01,Rich Aurilia,468.0,5.39484836280158,0.08173646082102767,jimenda01,D'Angelo Jimenez,211.66666666666666,0.3135657165576193,valenja01,Javier Valentin,254.0,10.924853598614515,468.0,14.734409448818866,0.2318292557365916,0.0,Cincinnati Reds,73,89,820.0,889.0
2005,TBA,AL,1B,leetr01,Travis Lee,441.0,-0.41118298488926186,0.6830750312545167,huffau01,Aubrey Huff,161.33333333333334,1.8913526716011386,perezed01,Eduardo Perez,190.0,6.032211412405992,441.0,14.412263157894749,1.2082776403466218,0.0,Tampa Bay Devil Rays,67,95,750.0,936.0
2005,CLE,AL,3B,booneaa01,Aaron Boone,565.0,-14.145529221003251,0.020337979898415872,hernajo01,Jose Hernandez,163.0,1.176427427567785,gerutjo01,Jody Gerut,157.0,-0.4460674118539969,565.0,12.540254777070077,1.1560894476693693,0.0,Cleveland Indians,93,69,790.0,642.0
2005,HOU,NL,C,ausmubr01,Brad Ausmus,451.0,-6.3042166418301235,0.6392936167626967,chavera01,Raul Chavez,253.33333333333334,1.043986952836599,palmeor01,Orlando Palmeiro,231.0,2.1690597688187285,451.0,10.53904761904764,0.40469333607390234,0.0,Houston Astros,89,73,693.0,609.0
2005,BOS,AL,1B,millake01,Kevin Millar,519.0,2.1265669633616167,-0.35617950097620144,olerujo01,John Olerud,431.0,1.266062382887843,youklke01,Kevin Youkilis,95.0,2.021105706202995,519.0,8.915052631578957,1.6222418838640444,0.0,Boston Red Sox,95,67,910.0,805.0
2005,LAA,AL,C,molinbe01,Bengie Molina,449.0,2.5962785482646815,-0.08528876836103676,molinjo01,Jose Molina,480.3333333333333,0.6194245895259699,kotchca01,Casey Kotchman,143.0,3.425874905126611,449.0,8.160489510489503,0.7047133578870066,0.0,Los Angeles Angels of Anaheim,95,67,761.0,643.0
2005,DET,AL,OF,monrocr01,Craig Monroe,623.0,2.2035668943627833,-0.6791910933683238,grandcu01,Curtis Granderson,374.6666666666667,1.7931557884624336,ordonma01,Magglio Ordonez,343.0,5.53241323397503,623.0,7.845102040816352,2.4723468818307577,0.0,Detroit Tigers,71,91,723.0,787.0
2005,NYA,AL,2B,canoro01,Robinson Cano,551.0,0.5264130959773521,-0.5206144563087074,womacto01,Tony Womack,199.0,1.4421665254852463,martiti02,Tino Martinez,348.0,1.8345766921962365,551.0,2.3783333333333556,1.9627809817939537,0.0,New York Yankees,95,67,886.0,789.0
2005,TOR,AL,SS,adamsru01,Russ Adams,545.0,-5.644183053888069,-1.386356947836091,mcdonjo03,John McDonald,224.0,0.7028907690644685,menecfr01,Frank Menechino,180.0,-2.1221155040364295,545.0,-0.7811111111111199,2.0892477169005597,0.7811111111111199,Toronto Blue Jays,80,82,775.0,705.0
2005,TEX,AL,OF,menchke01,Kevin Mench,615.0,6.416105361208853,-0.2913570465213355,nixla01,Laynce Nix,526.0,0.7290742408779405,derosma01,Mark DeRosa,166.0,0.46982681294417716,615.0,-4.675481927710847,1.020431287399276,4.675481927710847,Texas Rangers,79,83,865.0,858.0
2005,ATL,NL,OF,jonesan01,Andruw Jones,672.0,34.29362841838172,0.9787463469578905,johnske05,Kelly Johnson,648.3333333333334,1.0995193874063025,francje02,Jeff Francoeur,274.0,10.607283015828273,672.0,-8.278686131386834,0.12077304044841197,8.278686131386834,Atlanta Braves,90,72,769.0,674.0
2005,ARI,NL,1B,tracych01,Chad Tracy,553.0,27.930173385959943,0.6197184277769944,clarkto02,Tony Clark,642.6666666666666,0.8222751144130565,cruzjo02,Jose Cruz,245.0,3.2447603608683373,553.0,-20.606285714285697,0.20255668663606208,20.606285714285697,Arizona Diamondbacks,77,85,696.0,856.0
2006,CHN,NL,SS,cedenro02,Ronny Cedeno,572.0,-32.550386021537534,-1.1951712277649322,izturce01,Cesar Izturis,160.66666666666666,-0.0915552202136316,theriry01,Ryan Theriot,159.0,10.454420668838353,572.0,70.16000000000003,1.1036160075513006,0.0,Chicago Cubs,66,96,716.0,834.0
2006,COL,NL,SS,barmecl01,Clint Barmes,535.0,-30.193175736927564,0.13564272327564345,tulowtr01,Troy Tulowitzki,220.33333333333334,0.7470749464765056,matsuka01,Kazuo Matsui,126.0,6.854635247003978,535.0,59.298174603174616,0.6114322232008622,0.0,Colorado Rockies,76,86,813.0,812.0
2006,KCA,AL,SS,berroan01,Angel Berroa,503.0,-32.846205158037634,0.029847887025421918,blancan01,Andres Blanco,200.0,0.257376939205325,germaes01,Esteban German,331.0,12.982039945704873,503.0,52.574199395770414,0.2275290521799031,0.0,Kansas City Royals,62,100,757.0,971.0
2006,SDN,NL,OF,gilesbr02,Brian Giles,717.0,7.373519619855973,-0.5011047817219545,johnsbe02,Ben Johnson,289.0,1.3953969575324352,branyru01,Russell Branyan,89.0,6.1318455316139175,717.0,42.02573033707862,1.8965017392543897,0.0,San Diego Padres,88,74,731.0,679.0
2006,SLN,NL,2B,milesaa01,Aaron Miles,471.0,-12.921244433818474,0.22925970605943363,belliro01,Ronnie Belliard,448.0,0.3401508427972727,duncach01,Chris Duncan,314.0,17.715837044121017,471.0,39.495000000000005,0.11089113673783907,0.0,St. Louis Cardinals,83,78,781.0,762.0
2006,TEX,AL,3B,blaloha01,Hank Blalock,646.0,-11.030036843125831,-0.20016723361264652,derosma01,Mark DeRosa,342.6666666666667,0.023928093541025652,leeca01,Carlos Lee,260.0,11.02939693620322,646.0,38.43384615384614,0.22409532715367217,0.0,Texas Rangers,80,82,835.0,784.0
2006,CLE,AL,3B,booneaa01,Aaron Boone,392.0,-12.524140003878223,-0.7266981966755435,martean01,Andy Marte,428.6666666666667,0.6572218246273075,perezed01,Eduardo Perez,108.0,6.24528795811518,392.0,35.19222222222221,1.3839200213028509,0.0,Cleveland Indians,78,84,870.0,782.0
2006,FLO,NL,C,olivomi01,Miguel Olivo,452.0,-9.060514828207957,0.05591497014525142,treanma01,Matt Treanor,439.6666666666667,0.7518301041946893,helmswe01,Wes Helms,278.0,15.73879840211988,452.0,34.65021582733812,0.695915134049438,0.0,Florida Marlins,78,84,758.0,772.0
2006,NYA,AL,OF,cabreme01,Melky Cabrera,524.0,-2.027676943959648,0.06335807917533423,crosbbu01,Bubba Crosby,253.33333333333334,0.6353456625923203,abreubo01,Bobby Abreu,248.0,14.098809385301525,524.0,31.817096774193516,0.5719875834169861,0.0,New York Yankees,97,65,930.0,767.0
2006,TBA,AL,2B,cantujo01,Jorge Cantu,448.0,-12.924731433003693,-0.997860399884432,wiggity01,Ty Wigginton,328.3333333333333,0.7086426276713631,lugoju01,Julio Lugo,322.0,11.404099282528604,448.0,28.7913043478261,1.706503027555795,0.0,Tampa Bay Devil Rays,61,101,689.0,856.0
2006,HOU,NL,3B,ensbemo01,Morgan Ensberg,495.0,17.296781327515614,0.5627859942973233,huffau01,Aubrey Huff,220.0,0.8046237621849527,scottlu01,Luke Scott,249.0,22.432017273841197,495.0,27.296987951807246,0.24183776788762934,0.0,Houston Astros,82,80,735.0,719.0
2006,ATL,NL,OF,francje02,Jeff Francoeur,686.0,-11.21476365520062,-0.49382719877705683,jonesan01,Andruw Jones,1317.3333333333333,0.9879272688207714,betemwi01,Wilson Betemit,219.0,4.859485072173578,686.0,26.436712328767168,1.4817544675978283,0.0,Atlanta Braves,79,83,849.0,805.0
2006,PIT,NL,2B,castijo02,Jose Castillo,562.0,-16.227896755426723,-0.2657356147342324,sanchfr01,Freddy Sanchez,165.33333333333334,0.2120305032190305,wilsocr03,Craig Wilson,286.0,4.784806989231251,562.0,25.63020979020981,0.4777661179532629,0.0,Pittsburgh Pirates,67,95,691.0,797.0
2006,BOS,AL,2B,loretma01,Mark Loretta,703.0,-13.48974597634286,0.287248905413516,pedrodu01,Dustin Pedroia,172.0,0.9218035731158916,penawi01,Wily Mo Peña,304.0,5.218217956176073,703.0,25.556875000000026,0.6345546677023756,0.0,Boston Red Sox,86,76,820.0,825.0
2006,SFN,NL,OF,winnra01,Randy Winn,635.0,-9.828068398035514,0.9740842238524801,finlest01,Steve Finley,973.3333333333334,1.1752501237312476,lindeto01,Todd Linden,89.0,1.5518455316139197,635.0,20.90022471910112,0.20116589987876754,0.0,San Francisco Giants,76,85,746.0,790.0
2006,LAA,AL,2B,kennead01,Adam Kennedy,503.0,-9.616205158037618,-0.623760918060146,kendrho01,Howie Kendrick,220.0,0.38064805073036057,quinlro01,Robb Quinlan,244.0,3.7652802016676414,503.0,17.378237704918043,1.0044089687905067,0.0,Los Angeles Angels of Anaheim,89,73,766.0,732.0
2006,CIN,NL,SS,lopezfe01,Felipe Lopez,394.0,1.975922915234639,-1.153129131913793,aurilri01,Rich Aurilia,198.66666666666666,1.086673133663067,rossda01,David Ross,296.0,14.432317723120448,394.0,17.234662162162174,2.23980226557686,0.0,Cincinnati Reds,80,82,749.0,801.0
2006,PHI,NL,3B,bellda01,David Bell,365.0,-1.2108582130440393,-0.021311966126535797,nunezab01,Abraham Nunez,632.0,0.14073500594899763,delluda01,David Dellucci,301.0,11.89107309006505,365.0,15.630265780730893,0.16204697207553342,0.0,Philadelphia Phillies,85,77,865.0,812.0
2006,ARI,NL,OF,gonzalu01,Luis Gonzalez,668.0,7.77171702379885,-0.10350672631339009,byrneer01,Eric Byrnes,1180.3333333333333,0.6381789817739123,drewst01,Stephen Drew,226.0,7.829742585896014,668.0,15.371061946902643,0.7416857080873024,0.0,Arizona Diamondbacks,76,86,773.0,788.0
2006,TOR,AL,C,molinbe01,Bengie Molina,458.0,-1.1459084739189471,-0.3840405233132674,zaungr01,Gregg Zaun,541.3333333333334,-0.0624095151553987,hinsker01,Eric Hinske,224.0,5.567634283498155,458.0,12.529732142857139,0.32163100815786866,0.0,Toronto Blue Jays,87,75,809.0,754.0
2006,LAN,NL,3B,betemwi01,Wilson Betemit,193.0,-1.5900428359383518,-0.13884062439427453,izturce01,Cesar Izturis,252.0,0.6573357610301173,saenzol01,Olmedo Saenz,204.0,10.273218971339768,193.0,11.30931372549019,0.7961763854243917,0.0,Los Angeles Dodgers,88,74,820.0,751.0
2006,WAS,NL,OF,soriaal01,Alfonso Soriano,728.0,32.68678142713408,-0.3747346852611838,escobal01,Alex Escobar,176.66666666666666,1.4305424180154631,wardda01,Daryle Ward,123.0,7.307382026837213,728.0,10.563414634146335,1.805277103276647,0.0,Washington Nationals,71,91,746.0,872.0
2006,MIL,NL,2B,weeksri01,Rickie Weeks,413.0,4.155193309624142,-1.4416107055053782,graffto01,Tony Graffanino,486.3333333333333,-0.5069639360829458,grossga01,Gabe Gross,252.0,8.689270494007953,413.0,10.085555555555558,0.9346467694224324,0.0,Milwaukee Brewers,75,87,730.0,833.0
2006,MIN,AL,3B,puntoni01,Nick Punto,524.0,-5.227676943959665,-0.10956297349252167,rodrilu01,Luis Rodriguez,188.33333333333334,0.8570982498735583,redmomi01,Mike Redmond,190.0,0.3076362226100482,524.0,6.076105263157903,0.96666122336608,0.0,Minnesota Twins,96,66,801.0,683.0
2006,OAK,AL,OF,paytoja01,Jay Payton,588.0,-7.911210005817342,-0.2222845697478782,kotsama01,Mark Kotsay,1047.0,0.5524076892564516,kieltbo01,Bobby Kielty,297.0,-1.0079581151832375,588.0,5.9156565656565885,0.7746922590043297,0.0,Oakland Athletics,93,69,771.0,727.0
2006,BAL,AL,OF,markani01,Nick Markakis,542.0,3.878204382392889,0.5782583140245369,patteco01,Corey Patterson,1078.6666666666667,0.9874396057973398,gomezch02,Chris Gomez,142.0,1.995286019003296,542.0,3.7376056338027897,0.40918129177280294,0.0,Baltimore Orioles,70,92,768.0,899.0
2006,NYN,NL,C,loducpa01,Paul Lo Duca,551.0,3.85884143729516,-0.5066536218446883,castrra01,Ramon Castro,307.3333333333333,0.7305191159999439,nadyxa01,Xavier Nady,292.0,3.6093134295647653,551.0,2.951883561643832,1.2371727378446322,0.0,New York Mets,97,65,834.0,731.0
2006,SEA,AL,OF,suzukic01,Ichiro Suzuki,752.0,11.803486523172378,0.4181842762887066,bloomwi01,Willie Bloomquist,382.3333333333333,0.8790526027771703,snellch02,Chris Snelling,119.0,0.6949932131083929,752.0,-7.411596638655473,0.46086832648846376,7.411596638655473,Seattle Mariners,78,84,756.0,792.0
2006,DET,AL,1B,sheltch01,Chris Shelton,412.0,2.4535059142912576,0.20714206794108764,caseyse01,Sean Casey,413.0,0.5853392982924238,infanom01,Omar Infante,245.0,-3.473837502423886,412.0,-8.295224489795915,0.3781972303513362,8.295224489795915,Detroit Tigers,95,67,822.0,675.0
2006,CHA,AL,OF,dyeje01,Jermaine Dye,611.0,42.659082800077584,-0.249061823301752,anderbr03,Brian Anderson,966.0,1.0994502671065791,gloadro01,Ross Gload,167.0,2.8773434167151466,611.0,-32.13179640718563,1.3485120904083312,32.13179640718563,Chicago White Sox,90,72,868.0,794.0
2007,PIT,NL,OF,bayja01,Jason Bay,614.0,-1.7358653121155694,-0.7733317921191449,morgany01,Nyjer Morgan,221.66666666666666,1.645378951980653,phelpjo01,Josh Phelps,95.0,10.70881562760427,614.0,70.94863157894738,2.4187107440997977,0.0,Pittsburgh Pirates,68,94,724.0,846.0
2007,OAK,AL,OF,stewash01,Shannon Stewart,630.0,-3.3856042003598965,-0.07857429188532468,davanje02,Jeff DaVanon,153.66666666666666,0.6944805891731625,bartoda02,Daric Barton,84.0,8.243252773285343,630.0,65.20999999999998,0.7730548810584872,0.0,Oakland Athletics,76,86,741.0,758.0
2007,FLO,NL,C,olivomi01,Miguel Olivo,469.0,-18.28563653319577,-0.49890309228639534,treanma01,Matt Treanor,440.6666666666667,-0.1357610821620253,rossco01,Cody Ross,197.0,18.94396503829517,469.0,63.38573604060914,0.3631420101243701,0.0,Florida Marlins,71,91,790.0,891.0
2007,BOS,AL,SS,lugoju01,Julio Lugo,630.0,-21.1456042003599,-0.3841444002731757,coraal01,Alex Cora,202.33333333333334,-0.3643397802243456,ellsbja01,Jacoby Ellsbury,127.0,7.699917883419509,630.0,59.34204724409447,0.0198046200488301,0.0,Boston Red Sox,96,66,867.0,657.0
2007,ATL,NL,OF,francje02,Jeff Francoeur,696.0,4.366901861184953,-0.09384529633037952,jonesan01,Andruw Jones,1346.0,0.8724399596630812,teixema01,Mark Teixeira,240.0,19.35858684868447,696.0,51.77300000000001,0.9662852559934607,0.0,Atlanta Braves,84,78,810.0,733.0
2007,SDN,NL,OF,camermi01,Mike Cameron,651.0,1.2190418270566266,0.38281179438244833,cruzjo02,Jose Cruz,560.6666666666666,0.5344982639184473,bradlmi01,Milton Bradley,169.0,13.29862990594865,651.0,50.008224852071,0.151686469535999,0.0,San Diego Padres,89,74,741.0,666.0
2007,CHN,NL,2B,derosma01,Mark DeRosa,574.0,7.609370213103697,-0.40640537182518066,theriry01,Ryan Theriot,236.0,-0.09940949863991527,wardda01,Daryle Ward,133.0,9.390341878645978,574.0,32.91736842105263,0.3069958731852654,0.0,Chicago Cubs,85,77,752.0,690.0
2007,MIL,NL,C,estrajo01,Johnny Estrada,464.0,-11.11873209254335,-0.05217486429630058,milleda02,Damian Miller,446.3333333333333,1.0293149130794015,dillojo02,Joe Dillon,82.0,3.502767173300526,464.0,30.939268292682915,1.081489777375702,0.0,Milwaukee Brewers,83,79,801.0,776.0
2007,HOU,NL,2B,biggicr01,Craig Biggio,555.0,-19.676392912417178,-0.9415123810951188,loretma01,Mark Loretta,201.0,0.24857759862906958,wiggity01,Ty Wigginton,187.0,2.9177739195999832,555.0,28.33609625668451,1.1900899797241884,0.0,Houston Astros,73,89,723.0,813.0
2007,LAN,NL,3B,garcino01,Nomar Garciaparra,466.0,-8.595493868804335,-0.6896263962285164,abreuto01,Tony Abreu,198.33333333333334,0.45458018182230187,kempma01,Matt Kemp,311.0,13.128543791420286,466.0,28.267202572347273,1.1442065780508184,0.0,Los Angeles Dodgers,82,80,735.0,727.0
2007,CLE,AL,2B,barfijo02,Josh Barfield,444.0,-25.692806769777455,-0.1512832133756967,cabreas01,Asdrubal Cabrera,321.0,0.8442412605214058,gutiefr01,Franklin Gutierrez,301.0,1.596655770939158,444.0,28.048006644518274,0.9955244738971025,0.0,Cleveland Indians,96,66,811.0,704.0
2007,SFN,NL,2B,durhara01,Ray Durham,528.0,-18.295108932894166,-0.48573853073227313,frandke01,Kevin Frandsen,343.3333333333333,-0.18682724574199447,lewisfr02,Fred Lewis,180.0,2.6914401365133527,528.0,26.19,0.29891128499027864,0.0,San Francisco Giants,71,91,683.0,720.0
2007,TBA,AL,C,navardi01,Dioner Navarro,434.0,-17.553194004692386,-0.14748218405513427,pauljo01,Josh Paul,277.6666666666667,0.20397840438432424,casanra01,Raul Casanova,89.0,1.5784463907428048,434.0,25.250337078651683,0.3514605884394585,0.0,Tampa Bay Devil Rays,66,96,782.0,944.0
2007,COL,NL,C,torreyo01,Yorvit Torrealba,443.0,-8.557733441803235,0.09085959602657351,iannech01,Chris Iannetta,496.6666666666667,0.3093000557799214,spilbry01,Ryan Spilborghs,300.0,9.355733560855587,443.0,22.373033333333318,0.21844045975334792,0.0,Colorado Rockies,90,73,860.0,758.0
2007,DET,AL,SS,guillca01,Carlos Guillen,630.0,18.01439579964008,-0.9449413192473066,santira01,Ramon Santiago,186.0,0.5374474340163159,perezti01,Timo Perez,96.0,6.113717455183255,630.0,22.10687500000003,1.4823887532636224,0.0,Detroit Tigers,88,74,887.0,797.0
2007,KCA,AL,C,buckjo01,John Buck,399.0,-4.169549326894597,0.04018114881674528,larueja01,Jason LaRue,474.3333333333333,0.19288557495414124,sandere02,Reggie Sanders,85.0,3.778291496776841,399.0,21.905294117647063,0.15270442613739596,0.0,Kansas City Royals,69,93,706.0,778.0
2007,PHI,NL,C,ruizca01,Carlos Ruiz,429.0,-1.5704010079765123,0.751029485512027,barajro01,Rod Barajas,303.0,1.2136552397981342,werthja01,Jayson Werth,304.0,12.752210008333662,429.0,19.566118421052632,0.4626257542861072,0.0,Philadelphia Phillies,89,73,892.0,821.0
2007,WAS,NL,OF,kearnau01,Austin Kearns,674.0,3.151281400055554,0.6663311100483561,loganno01,Nook Logan,755.3333333333334,1.145870907297393,guzmacr01,Cristian Guzman,192.0,6.170869478947574,674.0,18.511041666666657,0.47953979724903684,0.0,Washington Nationals,73,89,673.0,783.0
2007,CIN,NL,SS,gonzaal02,Alex Gonzalez,430.0,2.7662181038930047,-0.7281820475307728,keppije01,Jeff Keppinger,390.6666666666667,0.462603039281865,hamiljo03,Josh Hamilton,337.0,16.05064070002777,430.0,17.71382789317507,1.1907850868126377,0.0,Cincinnati Reds,72,90,783.0,853.0
2007,SLN,NL,3B,rolensc01,Scott Rolen,441.0,-3.6509716655422864,0.6790193162761318,ryanbr01,Brendan Ryan,150.0,0.7286680312331564,ankieri01,Rick Ankiel,190.0,5.657631255208542,441.0,16.782631578947374,0.04964871495702461,0.0,St. Louis Cardinals,78,84,725.0,829.0
2007,TEX,AL,OF,byrdma01,Marlon Byrd,454.0,7.157580465137464,0.017542833428437217,bottsja01,Jason Botts,212.0,1.0454817119347104,teixema01,Mark Teixeira,335.0,17.327972369649906,454.0,16.325701492537334,1.027938878506273,0.0,Texas Rangers,75,87,816.0,844.0
2007,NYN,NL,2B,castilu01,Luis Castillo,231.0,1.0990148418588044,-0.7456823371629516,easleda01,Damion Easley,334.6666666666667,0.14339917766272686,castrra01,Ramon Castro,157.0,5.569200563514427,231.0,7.095159235668791,0.8890815148256785,0.0,New York Mets,88,74,804.0,750.0
2007,NYA,AL,OF,abreubo01,Bobby Abreu,699.0,15.312067720553081,-0.12421746162604004,cabreme01,Melky Cabrera,1249.6666666666667,0.9203323191454641,duncash01,Shelley Duncan,83.0,2.568214049793855,699.0,6.316626506024083,1.044549780771504,0.0,New York Yankees,94,68,968.0,777.0
2007,LAA,AL,2B,kendrho01,Howie Kendrick,353.0,2.1886693924967684,-0.31534571196748185,izturma01,Maicer Izturis,305.3333333333333,-0.17332261719193942,napolmi01,Mike Napoli,263.0,3.63518427826245,353.0,2.690494296577927,0.14202309477554242,0.0,Los Angeles Angels of Anaheim,94,68,822.0,731.0
2007,CHA,AL,3B,fieldjo02,Josh Fields,418.0,0.7961864194437389,0.30738752327563645,credejo01,Joe Crede,388.3333333333333,1.3555594030030886,mackoro01,Rob Mackowiak,268.0,1.5803778957199182,418.0,1.6687313432835962,1.0481718797274522,0.0,Chicago White Sox,72,90,693.0,839.0
2007,MIN,AL,2B,castilu01,Luis Castillo,384.0,-5.475130179266987,0.03884876767862938,puntoni01,Nick Punto,172.33333333333334,0.4633469320909248,cirilje01,Jeff Cirillo,174.0,-2.223262112480352,384.0,0.5686206896551758,0.42449816441229543,0.0,Minnesota Twins,79,83,718.0,725.0
2007,ARI,NL,3B,reynoma01,Mark Reynolds,414.0,10.2103123139807,-0.6881860340045728,tracych01,Chad Tracy,374.0,-0.1718892603613943,clarkto02,Tony Clark,245.0,3.5316824080320632,414.0,-4.242489795918356,0.5162967736431785,4.242489795918356,Arizona Diamondbacks,90,72,712.0,732.0
2007,BAL,AL,OF,markani01,Nick Markakis,710.0,20.10749367895946,-0.03435724372653559,redmati01,Tike Redman,289.3333333333333,0.9846918036734695,bynumfr01,Freddie Bynum,101.0,-0.42108892735928416,710.0,-23.06762376237621,1.0190490474000051,23.06762376237621,Baltimore Orioles,69,93,756.0,868.0
2007,TOR,AL,OF,riosal01,Alex Rios,711.0,20.94253240245097,-0.8776610783631377,wellsve01,Vernon Wells,1279.0,0.1879107786709266,lindad01,Adam Lind,311.0,-11.002956994145915,711.0,-46.097202572347264,1.0655718570340642,46.097202572347264,Toronto Blue Jays,83,79,753.0,699.0
2008,LAN,NL,OF,kempma01,Matt Kemp,657.0,12.338123006150298,0.2672917279279228,jonesan01,Andruw Jones,496.3333333333333,0.6196513423944436,ramirma02,Manny Ramirez,229.0,35.2240794039702,657.0,88.71960698689958,0.35235961446652087,0.0,Los Angeles Dodgers,84,78,700.0,648.0
2008,CIN,NL,SS,keppije01,Jeff Keppinger,502.0,-14.316472223611186,-0.48806015751998677,janispa01,Paul Janish,204.33333333333334,0.18434971398776615,dickech01,Chris Dickerson,122.0,10.158068503425172,502.0,56.114426229508204,0.6724098715077529,0.0,Cincinnati Reds,74,88,704.0,800.0
2008,LAA,AL,C,mathije01,Jeff Mathis,328.0,-17.41222234903388,-0.3913282461967169,napolmi01,Mike Napoli,625.0,-0.2609721957544396,teixema01,Mark Teixeira,234.0,24.716463324164852,328.0,52.05752136752137,0.13035605044227733,0.0,Los Angeles Angels of Anaheim,100,62,765.0,697.0
2008,SLN,NL,SS,izturce01,Cesar Izturis,454.0,-13.895056552827647,0.5327699430449129,ryanbr01,Brendan Ryan,255.33333333333334,0.8607035150481761,lopezfe01,Felipe Lopez,169.0,11.955848992449619,454.0,46.01313609467456,0.32793357200326323,0.0,St. Louis Cardinals,86,76,779.0,725.0
2008,ATL,NL,OF,francje02,Jeff Francoeur,652.0,-21.215896194809744,-0.18340739674063433,kotsama01,Mark Kotsay,696.0,0.6905517589875269,pradoma01,Martin Prado,254.0,8.064175408770437,652.0,41.91606299212599,0.8739591557281612,0.0,Atlanta Braves,72,90,753.0,778.0
2008,CHN,NL,SS,theriry01,Ryan Theriot,661.0,4.051338366918342,-0.8106325975476028,cedenro02,Ronny Cedeno,182.66666666666666,-0.4071871402038969,hoffpmi01,Micah Hoffpauir,80.0,5.064307215360766,661.0,37.79249999999999,0.40344545734370585,0.0,Chicago Cubs,97,64,855.0,671.0
2008,ARI,NL,OF,youngch04,Chris Young,699.0,1.3418842942147027,0.8172861966421237,burkech01,Chris Burke,179.0,1.2202971163960916,dunnad01,Adam Dunn,187.0,10.230318115905803,699.0,36.89871657754014,0.40301091975396797,0.0,Arizona Diamondbacks,82,80,720.0,706.0
2008,MIL,NL,3B,hallbi03,Bill Hall,448.0,-10.889879593979705,-0.41438133662805765,counscr01,Craig Counsell,268.3333333333333,0.5701262875242118,branyru01,Russell Branyan,152.0,7.952183709185464,448.0,34.327894736842126,0.9845076241522694,0.0,Milwaukee Brewers,90,72,750.0,689.0
2008,BAL,AL,1B,millake01,Kevin Millar,610.0,-7.5682793686300975,0.1728231556429106,huffau01,Aubrey Huff,194.33333333333334,1.4481657152336005,salazos01,Oscar Salazar,94.0,3.2713143268012677,610.0,28.79702127659577,1.27534255959069,0.0,Baltimore Orioles,68,93,782.0,869.0
2008,TEX,AL,3B,vazqura01,Ramon Vazquez,347.0,4.757405014894028,-1.0678443313007115,blaloha01,Hank Blalock,263.0,-0.31249317753312045,cruzne02,Nelson Cruz,133.0,11.587391547495407,347.0,25.474360902255643,0.7553511537675911,0.0,Texas Rangers,79,83,901.0,967.0
2008,PIT,NL,2B,sanchfr01,Freddy Sanchez,608.0,-17.52126516325817,0.6861121320413143,rivaslu01,Luis Rivas,191.66666666666666,1.3981771016268985,mientdo01,Doug Mientkiewicz,334.0,3.3884826241312043,608.0,23.68952095808384,0.7120649695855842,0.0,Pittsburgh Pirates,67,95,735.0,884.0
2008,COL,NL,SS,tulowtr01,Troy Tulowitzki,421.0,-3.9315832791639664,1.1487862189793991,barmecl01,Clint Barmes,285.0,1.253409592424351,spilbry01,Ryan Spilborghs,275.0,12.861056052802642,421.0,23.62069090909092,0.10462337344495176,0.0,Colorado Rockies,74,88,747.0,822.0
2008,FLO,NL,OF,hermije01,Jeremy Hermida,559.0,-2.7906533326666203,-0.06799869899046183,amezaal01,Alfredo Amezaga,457.3333333333333,1.3604587203615899,bakerjo01,John Baker,233.0,8.307294764738238,559.0,22.721030042918443,1.4284574193520516,0.0,Florida Marlins,84,77,770.0,767.0
2008,PHI,NL,C,ruizca01,Carlos Ruiz,373.0,-13.460167608380416,0.03795564269649764,costech01,Chris Coste,612.6666666666666,0.3530268467597866,dobbsgr01,Greg Dobbs,240.0,5.342921646082314,373.0,21.763958333333346,0.3150712040632889,0.0,Philadelphia Phillies,92,70,799.0,680.0
2008,WAS,NL,C,floreje02,Jesus Flores,324.0,-6.519555777788886,-0.44735862274763566,loducpa01,Paul Lo Duca,161.0,0.10724499951285231,dukesel01,Elijah Dukes,334.0,14.918482624131205,324.0,20.99137724550898,0.554603622260488,0.0,Washington Nationals,59,102,641.0,825.0
2008,DET,AL,SS,renteed01,Edgar Renteria,547.0,-10.938096417443695,-0.0930781376298453,santira01,Ramon Santiago,227.66666666666666,0.25687482957521685,joycema01,Matt Joyce,277.0,5.069830516212233,547.0,20.949638989169657,0.34995296720506214,0.0,Detroit Tigers,74,88,821.0,857.0
2008,SDN,NL,SS,greenkh01,Khalil Greene,423.0,-20.909975598779937,-0.17231512972948426,rodrilu01,Luis Rodriguez,391.3333333333333,0.44914700560293347,venabwi01,Will Venable,124.0,-0.5703238161908106,423.0,18.96443548387096,0.6214621353324177,0.0,San Diego Padres,63,99,637.0,764.0
2008,BOS,AL,SS,lugoju01,Julio Lugo,307.0,-3.665494698638427,-1.8774304796903516,coraal01,Alex Cora,386.0,0.5421451304645958,bayja01,Jason Bay,211.0,9.839545988883694,307.0,17.98180094786731,2.4195756101549475,0.0,Boston Red Sox,95,67,845.0,694.0
2008,NYN,NL,2B,castilu01,Luis Castillo,359.0,-3.4914213710685544,-0.3944529425681872,reyesar01,Argenis Reyes,193.33333333333334,1.0454587803177202,murphda08,Daniel Murphy,151.0,5.851379868993453,359.0,17.40298013245034,1.4399117228859075,0.0,New York Mets,89,73,799.0,715.0
2008,SFN,NL,1B,bowkejo01,John Bowker,350.0,-5.898655932796632,-0.8242264480839714,aurilri01,Rich Aurilia,477.0,-0.34727487878010316,sandopa01,Pablo Sandoval,154.0,4.953791389569475,350.0,17.157272727272712,0.47695156930386823,0.0,San Francisco Giants,72,90,640.0,759.0
2008,SEA,AL,C,johjike01,Kenji Johjima,409.0,-20.59960042913068,0.020948157642931935,burkeja02,Jamie Burke,246.0,0.6803903072579263,bloomwi01,Willie Bloomquist,192.0,-2.0900813750442326,409.0,16.14729166666666,0.6594421496149944,0.0,Seattle Mariners,61,101,671.0,811.0
2008,HOU,NL,C,ausmubr01,Brad Ausmus,250.0,-11.5790399519976,0.0010560299046346033,quinthu01,Humberto Quintero,447.0,1.098289551939273,loretma01,Mark Loretta,297.0,0.20874053702684847,250.0,11.754747474747472,1.0972335220346383,0.0,Houston Astros,86,75,712.0,743.0
2008,KCA,AL,C,buckjo01,John Buck,418.0,-12.988197993585862,-0.2044841750139693,olivomi01,Miguel Olivo,494.3333333333333,0.3548785797785317,callaal01,Alberto Callaspo,234.0,-1.2635366758351454,418.0,10.731111111111115,0.559362754792501,0.0,Kansas City Royals,75,87,691.0,781.0
2008,CHA,AL,C,pierzaj01,A. J. Pierzynski,570.0,-7.281179082162536,-0.11950820498227827,hallto02,Toby Hall,315.3333333333333,-0.014982373166601948,wisede01,Dewayne Wise,143.0,0.30561647587851715,570.0,8.499370629370611,0.10452583181567632,0.0,Chicago White Sox,89,74,811.0,729.0
2008,TOR,AL,SS,eckstda01,David Eckstein,303.0,-3.1127846699916644,-0.9527795439501796,scutama01,Marco Scutaro,472.3333333333333,0.3958725041066864,snidetr01,Travis Snider,80.0,1.1057994270649052,303.0,7.300999999999993,1.348652048056866,0.0,Toronto Blue Jays,86,76,714.0,610.0
2008,TBA,AL,OF,uptonbj01,B. J. Upton,640.0,12.966395416519232,0.7050296004669215,perezfe01,Fernando Perez,161.66666666666666,1.5586030026066693,zobribe01,Ben Zobrist,227.0,6.248705874296669,640.0,4.651101321585913,0.8535734021397478,0.0,Tampa Bay Rays,97,65,774.0,671.0
2008,MIN,AL,2B,casilal01,Alexi Casilla,437.0,-5.96857062965794,-0.9604638986793439,puntoni01,Nick Punto,215.66666666666666,0.6935103865861869,tolbema01,Matt Tolbert,123.0,-1.0308333808877101,437.0,2.3061788617885957,1.6539742852655308,0.0,Minnesota Twins,88,75,829.0,745.0
2008,OAK,AL,OF,sweenry01,Ryan Sweeney,433.0,-0.4358606010112158,0.7538591883909345,davisra01,Rajai Davis,465.0,1.2090186859493546,thomafr04,Frank Thomas,217.0,0.7804809459135607,433.0,1.9932258064516386,0.4551594975584201,0.0,Oakland Athletics,75,86,646.0,690.0
2008,NYA,AL,OF,abreubo01,Bobby Abreu,684.0,19.086585101404946,-0.14200335953648263,gardnbr01,Brett Gardner,306.0,0.8049402445402619,posadjo01,Jorge Posada,195.0,1.9003861034707104,684.0,-12.420615384615378,0.9469436040767445,12.420615384615378,New York Yankees,89,73,789.0,727.0
2008,CLE,AL,3B,blakeca01,Casey Blake,368.0,9.170677364498571,-0.9098148142945051,martean01,Andy Marte,581.3333333333334,0.945211297944976,martivi01,Victor Martinez,294.0,-4.654187105536473,368.0,-14.996326530612253,1.855026112239481,14.996326530612253,Cleveland Indians,81,81,805.0,761.0
2009,LAN,NL,C,martiru01,Russell Martin,588.0,-7.368268680109706,0.27285944714098403,ausmubr01,Brad Ausmus,244.66666666666666,0.3076186712701157,belliro01,Ronnie Belliard,83.0,7.716570917603558,588.0,62.03506024096383,0.03475922412913168,0.0,Los Angeles Dodgers,95,67,780.0,611.0
2009,TOR,AL,C,barajro01,Rod Barajas,460.0,-18.51390830467616,0.25672493933366125,chavera01,Raul Chavez,399.0,0.28876871444455204,ruizra01,Randy Ruiz,130.0,9.72693895737413,460.0,52.9323076923077,0.03204377511089079,0.0,Toronto Blue Jays,75,87,798.0,771.0
2009,FLO,NL,3B,bonifem01,Emilio Bonifacio,509.0,-20.22584822819021,-0.42788861220236146,helmswe01,Wes Helms,365.6666666666667,-0.4266099180403723,johnsni01,Nick Johnson,150.0,9.617176357114866,509.0,52.860133333333316,0.001278694161989169,0.0,Florida Marlins,87,75,772.0,766.0
2009,ATL,NL,OF,anderga01,Garret Anderson,534.0,-7.489652168671043,-0.8613413794375105,schafjo02,Jordan Schafer,432.0,1.1982025156081182,larocad01,Adam LaRoche,242.0,16.813977856145314,534.0,44.591570247933845,2.059543895045629,0.0,Atlanta Braves,86,76,735.0,641.0
2009,CIN,NL,OF,taverwi01,Willy Taveras,437.0,-24.13769287960535,0.9440042699138287,stubbdr01,Drew Stubbs,368.6666666666667,1.3029886456551725,gomesjo01,Jonny Gomes,314.0,12.47582250756044,437.0,41.50054140127386,0.3589843757413438,0.0,Cincinnati Reds,78,84,673.0,723.0
2009,SLN,NL,OF,ludwiry01,Ryan Ludwick,539.0,4.931587043232762,-0.1485960946933494,rasmuco01,Colby Rasmus,1035.3333333333333,0.0315452512949283,hollima01,Matt Holliday,270.0,23.206917442806777,539.0,41.39629629629633,0.1801413459882777,0.0,St. Louis Cardinals,91,71,730.0,640.0
2009,SFN,NL,SS,renteed01,Edgar Renteria,510.0,-16.293600385809427,-0.6807351523520625,uribeju01,Juan Uribe,318.6666666666667,0.04443706795571082,torrean02,Andres Torres,170.0,7.31213320473019,510.0,38.230000000000004,0.7251722203077733,0.0,San Francisco Giants,88,74,657.0,611.0
2009,NYN,NL,1B,murphda08,Daniel Murphy,556.0,-1.7101996362942078,-0.7354185642954141,tatisfe01,Fernando Tatis,296.6666666666667,0.665022293504763,delgaca01,Carlos Delgado,112.0,6.461758346645771,556.0,33.78821428571428,1.4004408578001772,0.0,New York Mets,70,92,671.0,757.0
2009,MIL,NL,C,kendaja01,Jason Kendall,526.0,-13.477634907717194,-0.37771171271189935,rivermi02,Mike Rivera,271.0,0.020616500233726038,lopezfe01,Felipe Lopez,297.0,11.307609187087433,526.0,33.50390572390571,0.39832821294562537,0.0,Milwaukee Brewers,80,82,785.0,818.0
2009,DET,AL,SS,everead01,Adam Everett,390.0,-19.12918312787761,-0.19778544795093317,santira01,Ramon Santiago,502.3333333333333,0.022854195514775716,raburry01,Ryan Raburn,291.0,10.179071050737464,390.0,32.771237113402044,0.22063964346570888,0.0,Detroit Tigers,86,77,743.0,745.0
2009,CHN,NL,2B,fontemi01,Mike Fontenot,419.0,-8.568154042459142,-0.5403828181247843,bakerje03,Jeff Baker,368.6666666666667,1.3825085583998635,ramirar01,Aramis Ramirez,342.0,18.058762094221898,419.0,30.692777777777778,1.9228913765246478,0.0,Chicago Cubs,83,78,707.0,672.0
2009,SDN,NL,OF,headlch01,Chase Headley,612.0,0.945679537028667,-0.24285063120254613,gerutjo01,Jody Gerut,220.66666666666666,1.093601422313581,hairssc01,Scott Hairston,216.0,10.795533954245407,612.0,29.641666666666648,1.336452053516127,0.0,San Diego Padres,75,87,638.0,769.0
2009,CLE,AL,3B,peraljh01,Jhonny Peralta,645.0,-16.42711055764375,0.28410739782720495,carroja01,Jamey Carroll,156.0,0.3274644360129534,garkory01,Ryan Garko,273.0,5.440571810485666,645.0,29.281208791208783,0.04335703818574843,0.0,Cleveland Indians,65,97,773.0,865.0
2009,BOS,AL,SS,greenni01,Nick Green,309.0,-11.122429709010722,-0.6735048639013641,gonzaal02,Alex Gonzalez,361.0,0.28751793197165704,martivi01,Victor Martinez,237.0,11.903573329982068,309.0,26.64227848101266,0.9610227958730211,0.0,Boston Red Sox,95,67,872.0,736.0
2009,TBA,AL,C,navardi01,Dioner Navarro,410.0,-25.591961749820058,0.17410855682917067,hernami01,Michel Hernandez,264.3333333333333,0.2187343786539292,iwamuak01,Akinori Iwamura,260.0,0.603877914748252,410.0,26.54423076923076,0.04462582182475852,0.0,Tampa Bay Rays,84,78,803.0,754.0
2009,WAS,NL,C,bardjo01,Josh Bard,301.0,-9.4733994433895,-0.3890848502325675,floreje02,Jesus Flores,205.66666666666666,0.252399683280584,morgany01,Nyjer Morgan,212.0,8.636542584722354,301.0,21.7356603773585,0.6414845335131515,0.0,Washington Nationals,59,103,710.0,874.0
2009,TEX,AL,C,saltaja01,Jarrod Saltalamacchia,310.0,-12.298068640107843,-0.07806324154620074,rodriiv01,Ivan Rodriguez,214.0,0.09536322800929435,borboju01,Julio Borbon,179.0,3.8806313336151446,310.0,19.018715083798877,0.1734264695554951,0.0,Texas Rangers,87,75,784.0,740.0
2009,OAK,AL,SS,cabreor01,Orlando Cabrera,448.0,-11.766241131510698,-0.09045886938111602,pennicl01,Cliff Pennington,533.6666666666666,0.2660501643183013,patteer01,Eric Patterson,110.0,1.6397175793165708,448.0,18.444363636363644,0.35650903369941733,0.0,Oakland Athletics,75,87,759.0,761.0
2009,COL,NL,3B,stewaia01,Ian Stewart,491.0,5.803690608956014,0.026311539887359403,atkinga01,Garrett Atkins,577.0,0.344165884823166,gonzaca01,Carlos Gonzalez,317.0,14.352566034702775,491.0,16.4269400630915,0.3178543449358066,0.0,Colorado Rockies,92,70,804.0,715.0
2009,MIN,AL,2B,casilal01,Alexi Casilla,256.0,-15.963566360863254,-0.019669189474117776,tolbema01,Matt Tolbert,285.0,1.5166096613203826,moraljo02,Jose Morales,134.0,-0.06561676701435948,256.0,15.83820895522388,1.5362788507945004,0.0,Minnesota Twins,87,76,817.0,765.0
2009,SEA,AL,C,johnsro07,Rob Johnson,290.0,-14.305290018165405,-0.0596477451989339,johjike01,Kenji Johjima,580.0,1.1670358683545687,sweenmi01,Mike Sweeney,266.0,0.6600443281655206,290.0,15.024887218045109,1.2266836135535026,0.0,Seattle Mariners,85,77,640.0,692.0
2009,PIT,NL,SS,wilsoja02,Jack Wilson,286.0,-5.587117079100974,0.6972279528334152,cedenro02,Ronny Cedeno,367.0,0.7907166892940479,mclouna01,Nate McLouth,195.0,6.308329264249325,286.0,14.839333333333318,0.09348873646063272,0.0,Pittsburgh Pirates,62,99,636.0,768.0
2009,KCA,AL,SS,betanyu01,Yuniesky Betancourt,263.0,-13.013038878543107,-0.08935755122417897,avilemi01,Mike Aviles,269.3333333333333,0.5584000090793998,buckjo01,John Buck,202.0,-0.49906408161866267,263.0,12.36326732673267,0.6477575603035788,0.0,Kansas City Royals,65,97,686.0,842.0
2009,NYA,AL,OF,cabreme01,Melky Cabrera,540.0,-1.2350227924459158,0.16824008131478216,gardnbr01,Brett Gardner,628.6666666666666,0.6814245912266275,hinsker01,Eric Hinske,98.0,1.7673847524820325,540.0,10.973673469387728,0.5131845099118453,0.0,New York Yankees,103,59,915.0,753.0
2009,HOU,NL,3B,blumge01,Geoff Blum,427.0,-8.090171303413012,0.1694246548403443,keppije01,Jeff Keppinger,507.6666666666667,0.17265453647711654,michaja01,Jason Michaels,152.0,-0.33832795812360006,427.0,7.139736842105267,0.003229881636772236,0.0,Houston Astros,74,88,643.0,770.0
2009,BAL,AL,1B,huffau01,Aubrey Huff,480.0,-8.726686926618619,0.2636294477513126,aubremi01,Michael Aubrey,191.0,1.346562026888218,zaungr01,Gregg Zaun,197.0,-1.1408694261330483,480.0,5.946903553299516,1.0829325791369053,0.0,Baltimore Orioles,64,98,741.0,876.0
2009,ARI,NL,1B,tracych01,Chad Tracy,288.0,-4.242621394339447,0.5581590120714024,whitejo03,Josh Whitesell,250.33333333333334,0.5685771505122995,snydech02,Chris Snyder,202.0,-2.105935839085313,288.0,1.2400990099009808,0.010418138440897118,0.0,Arizona Diamondbacks,70,92,720.0,782.0
2009,CHA,AL,OF,dyeje01,Jermaine Dye,574.0,3.843253550251921,-0.6438652008526565,wisede01,Dewayne Wise,371.3333333333333,0.40406322780189463,kotsama01,Mark Kotsay,127.0,0.6438557506654927,574.0,-0.933228346456702,1.0479284286545512,0.933228346456702,Chicago White Sox,79,83,724.0,732.0
2009,PHI,NL,OF,werthja01,Jayson Werth,676.0,33.039541449397696,0.13879275766503696,francbe01,Ben Francisco,181.33333333333334,1.066091389316247,stairma01,Matt Stairs,129.0,0.8299716671187847,676.0,-28.69023255813957,0.92729863165121,28.69023255813957,Philadelphia Phillies,93,69,820.0,709.0
2009,LAA,AL,C,napolmi01,Mike Napoli,432.0,9.253981766043255,-0.33997491785005135,mathije01,Jeff Mathis,657.0,-0.27439271345435773,quinlro01,Robb Quinlan,120.0,-6.806671731654651,432.0,-33.757999999999996,0.06558220439569362,33.757999999999996,Los Angeles Angels of Anaheim,97,65,883.0,761.0
2010,MIN,AL,OF,spande01,Denard Span,705.0,-8.050872297492056,0.8836861479532286,repkoja01,Jason Repko,306.0,1.1766717261480348,morneju01,Justin Morneau,348.0,35.38778218506774,705.0,79.74163793103448,0.2929855781948062,0.0,Minnesota Twins,94,68,781.0,671.0
2010,KCA,AL,C,kendaja01,Jason Kendall,490.0,-17.18266301527817,-0.22121163843048555,penabr01,Brayan Peña,337.3333333333333,0.33692186388300055,betemwi01,Wilson Betemit,315.0,15.41471663303545,490.0,41.1611111111111,0.5581335023134861,0.0,Kansas City Royals,67,95,676.0,845.0
2010,MIL,NL,SS,escobal02,Alcides Escobar,552.0,-20.024232388663957,-0.49759687127583935,counscr01,Craig Counsell,253.66666666666666,-0.18551247471603505,edmonji01,Jim Edmonds,240.0,9.072072874493927,552.0,40.889999999999986,0.3120843965598043,0.0,Milwaukee Brewers,77,85,750.0,804.0
2010,LAN,NL,OF,kempma01,Matt Kemp,668.0,3.470602834008103,0.1085071731101108,johnsre02,Reed Johnson,439.3333333333333,0.5125249850933935,ramirma02,Manny Ramirez,232.0,14.86967044534414,668.0,39.343793103448306,0.4040178119832827,0.0,Los Angeles Dodgers,80,82,667.0,692.0
2010,CLE,AL,2B,valbulu01,Luis Valbuena,310.0,-20.423929662727005,1.1592836203439576,nixja01,Jayson Nix,213.33333333333334,1.7222183269825717,santaca01,Carlos Santana,192.0,10.206017757278754,310.0,36.90239583333333,0.5629347066386141,0.0,Cleveland Indians,69,93,646.0,752.0
2010,CIN,NL,SS,cabreor01,Orlando Cabrera,537.0,-11.671236943319828,-0.145531495195579,janispa01,Paul Janish,416.3333333333333,0.47285373799381164,hanigry01,Ryan Hanigan,243.0,10.475473785425098,537.0,34.820740740740725,0.6183852331893906,0.0,Cincinnati Reds,91,71,790.0,685.0
2010,CHA,AL,OF,pierrju01,Juan Pierre,734.0,-9.262723782069767,0.1838673225242173,riosal01,Alex Rios,1257.6666666666667,0.8814660295221904,jonesan01,Andruw Jones,328.0,10.093197002017867,734.0,31.849329268292674,0.6975987069979731,0.0,Chicago White Sox,88,74,752.0,704.0
2010,SEA,AL,SS,wilsojo03,Josh Wilson,388.0,-20.503047448832522,-0.4359312899063053,wilsoja02,Jack Wilson,518.3333333333334,0.5345229214028084,sweenmi01,Mike Sweeney,110.0,2.390218506774283,388.0,28.933999999999994,0.9704542113091137,0.0,Seattle Mariners,61,101,513.0,698.0
2010,SFN,NL,3B,sandopa01,Pablo Sandoval,616.0,0.5849870445344081,0.027221747724031464,uribeju01,Juan Uribe,192.66666666666666,0.9900071988638774,burrepa01,Pat Burrell,341.0,15.43990354251013,616.0,27.30645161290325,0.9627854511398459,0.0,San Francisco Giants,92,70,697.0,583.0
2010,TBA,AL,SS,bartlja01,Jason Bartlett,532.0,-9.726034130873456,-0.6913631117263987,brignre01,Reid Brignac,340.6666666666667,0.030466536163486796,joycema01,Matt Joyce,261.0,8.463336638800808,532.0,26.976973180076637,0.7218296478898856,0.0,Tampa Bay Rays,96,66,802.0,649.0
2010,DET,AL,OF,jacksau01,Austin Jackson,675.0,5.127249927933123,0.7715197492617216,kellydo01,Don Kelly,347.0,0.7872787287146101,wellsca01,Casper Wells,99.0,4.519196656096857,675.0,25.685454545454537,0.01575897945288851,0.0,Detroit Tigers,81,81,751.0,743.0
2010,LAA,AL,C,mathije01,Jeff Mathis,218.0,-17.81702150475641,-0.6966031705394432,wilsobo02,Bobby Wilson,260.6666666666667,0.04156384957624407,moralke01,Kendrys Morales,211.0,5.626873681176127,218.0,23.63056872037914,0.7381670201156872,0.0,Los Angeles Angels of Anaheim,80,82,681.0,702.0
2010,TOR,AL,2B,hillaa01,Aaron Hill,580.0,-16.90702969155376,-0.1055215765766438,mcdonjo03,John McDonald,150.0,0.3537268114719202,gonzaal02,Alex Gonzalez,348.0,3.857782185067739,580.0,23.33666666666666,0.459248388048564,0.0,Toronto Blue Jays,85,77,755.0,728.0
2010,SLN,NL,2B,schumsk01,Skip Schumaker,529.0,-8.57363937246964,-0.33940400143359123,milesaa01,Aaron Miles,214.66666666666666,0.2445600425334561,ludwiry01,Ryan Ludwick,312.0,8.533694736842095,529.0,23.042628205128192,0.5839640439670473,0.0,St. Louis Cardinals,86,76,736.0,641.0
2010,ATL,NL,SS,escobyu01,Yunel Escobar,301.0,-7.422108603238867,0.6896943974075882,infanom01,Omar Infante,156.0,0.769331214197527,rossda01,David Ross,145.0,6.841044028340084,301.0,21.62317241379311,0.07963681678993884,0.0,Atlanta Braves,91,71,738.0,629.0
2010,WAS,NL,2B,kennead01,Adam Kennedy,389.0,-4.815681882591086,-0.0006931807091972164,espinda01,Danny Espinosa,211.33333333333334,1.7200582584607937,morsemi01,Mike Morse,293.0,12.455488967611338,389.0,21.352150170648457,1.720751439169991,0.0,Washington Nationals,69,93,655.0,742.0
2010,FLO,NL,C,pauliro01,Ronny Paulino,344.0,-6.406695546558698,-0.21664650645874972,hayesbr01,Brett Hayes,190.66666666666666,0.6487761734570602,morrilo01,Logan Morrison,287.0,11.368687145748986,344.0,20.033275261324032,0.8654226799158099,0.0,Florida Marlins,80,82,719.0,717.0
2010,BOS,AL,OF,drewjd01,J. D. Drew,546.0,9.916175497261444,-0.12432769974869035,ellsbja01,Jacoby Ellsbury,151.0,1.0554731965000705,lowrije01,Jed Lowrie,197.0,10.414664053041227,546.0,18.94883248730967,1.179800896248761,0.0,Boston Red Sox,89,73,818.0,744.0
2010,HOU,NL,C,quinthu01,Humberto Quintero,276.0,-14.857116194331985,0.1121282212162636,cashke01,Kevin Cash,156.66666666666666,0.218967679461427,michaja01,Jason Michaels,203.0,2.5434616396761096,276.0,18.315221674876845,0.1068394582451634,0.0,Houston Astros,76,86,611.0,729.0
2010,TEX,AL,1B,smoakju01,Justin Smoak,275.0,-4.664453733064288,-0.21623250597695398,cantujo01,Jorge Cantu,177.0,1.5391669675662953,morelmi01,Mitch Moreland,173.0,5.96516183338138,275.0,14.146647398843939,1.7553994735432492,0.0,Texas Rangers,90,72,787.0,687.0
2010,NYA,AL,C,cervefr01,Francisco Cervelli,317.0,-1.8778248486595475,-0.8553173520722587,posadjo01,Jorge Posada,678.3333333333334,-0.8548273207118132,thamema01,Marcus Thames,237.0,7.653834419140962,317.0,12.11523206751054,0.0004900313604454531,0.0,New York Yankees,95,67,859.0,693.0
2010,BAL,AL,1B,wiggity01,Ty Wigginton,649.0,-3.3197108100317134,-1.5449283770463933,atkinga01,Garrett Atkins,259.3333333333333,0.5496367624029191,roberbr01,Brian Roberts,261.0,3.233336638800812,649.0,11.359693486590054,2.0945651394493123,0.0,Baltimore Orioles,66,96,613.0,785.0
2010,NYN,NL,C,barajro01,Rod Barajas,267.0,-5.997318927125508,-0.2552047441857947,blanche01,Henry Blanco,361.0,0.7467509449684738,beltrca01,Carlos Beltran,255.0,4.419077429149799,267.0,10.624352941176472,1.0019556891542685,0.0,New York Mets,79,83,656.0,652.0
2010,PHI,NL,SS,rolliji01,Jimmy Rollins,394.0,-0.31668036437247427,-0.05560422797614689,valdewi01,Wilson Valdez,458.0,0.9129684449871522,gloadro01,Ross Gload,138.0,3.4664419028340037,394.0,10.213623188405789,0.9685726729632991,0.0,Philadelphia Phillies,97,65,772.0,640.0
2010,CHN,NL,2B,theriry01,Ryan Theriot,412.0,-9.826274898785435,-0.9178690917967962,bakerje03,Jeff Baker,174.33333333333334,1.5796643206496321,fontemi01,Mike Fontenot,185.0,-0.05694382591092806,412.0,9.699459459459478,2.4975334124464283,0.0,Chicago Cubs,75,87,685.0,767.0
2010,SDN,NL,SS,tejadmi01,Miguel Tejada,253.0,0.07347682186234517,0.3383424681908633,hairsje02,Jerry Hairston,489.6666666666667,0.4271413207005669,stairma01,Matt Stairs,111.0,1.925833704453439,253.0,4.316036036036034,0.0887988525097036,0.0,San Diego Padres,90,72,665.0,581.0
2010,OAK,AL,OF,davisra01,Rajai Davis,561.0,-2.407885615451139,0.06297582895730862,crispco01,Coco Crisp,625.0,0.6997988746898962,sweenry01,Ryan Sweeney,331.0,-0.9656152205246373,561.0,0.7712990936556059,0.6368230457325876,0.0,Oakland Athletics,81,81,663.0,626.0
2010,PIT,NL,1B,jonesga02,Garrett Jones,654.0,-2.1486014170040493,-0.8922765098801754,clemeje01,Jeff Clement,293.3333333333333,-0.09357294564803277,youngde04,Delwyn Young,207.0,-2.5153371457489895,654.0,-5.798405797101453,0.7987035642321426,5.798405797101453,Pittsburgh Pirates,57,105,587.0,866.0
2010,COL,NL,OF,gonzaca01,Carlos Gonzalez,636.0,50.9309931174089,0.23694741979176787,fowlede01,Dexter Fowler,948.3333333333334,0.6494941284882574,giambja01,Jason Giambi,222.0,6.551667408906881,636.0,-32.16135135135135,0.4125467086964895,32.16135135135135,Colorado Rockies,83,79,770.0,717.0
2011,MIN,AL,OF,reverbe01,Ben Revere,481.0,-14.64564007678608,0.5847359015913514,spande01,Denard Span,585.3333333333334,1.8489606682747743,parmech01,Chris Parmelee,88.0,8.722086638758467,481.0,62.3197727272727,1.264224766683423,0.0,Minnesota Twins,63,99,619.0,804.0
2011,CHA,AL,OF,pierrju01,Juan Pierre,711.0,-17.043368180030985,-0.9060779591496096,riosal01,Alex Rios,1230.0,0.7870870134051864,deazaal01,Alejandro De Aza,171.0,10.885645627587476,711.0,62.30473684210523,1.6931649725547961,0.0,Chicago White Sox,79,83,654.0,706.0
2011,PHI,NL,OF,ibanera01,Raul Ibanez,575.0,-3.214525439520366,-0.42593922538262186,victosh01,Shane Victorino,1150.6666666666667,0.7961653928160727,pencehu01,Hunter Pence,236.0,18.18655999351859,575.0,47.52499999999998,1.2221046181986945,0.0,Philadelphia Phillies,102,60,713.0,529.0
2011,SDN,NL,SS,bartlja01,Jason Bartlett,618.0,-16.855872559345393,0.1731512081544097,gonzaal03,Alberto Gonzalez,199.0,1.3910054983640343,guzmaje01,Jesus Guzman,271.0,12.83871931459127,618.0,46.1338376383764,1.2178542902096245,0.0,San Diego Padres,71,91,593.0,611.0
2011,SFN,NL,1B,huffau01,Aubrey Huff,579.0,-6.566278659969211,0.46861224293480147,beltbr01,Brandon Belt,203.0,0.472920341358326,beltrca01,Carlos Beltran,179.0,10.84904338491453,579.0,41.65899441340784,0.004308098423524531,0.0,San Francisco Giants,86,76,570.0,578.0
2011,SLN,NL,SS,theriry01,Ryan Theriot,483.0,-9.034201369197117,-0.3726644734357028,furcara01,Rafael Furcal,422.3333333333333,0.371885550748235,craigal01,Allen Craig,219.0,14.781511180426156,483.0,41.634520547945215,0.7445500241839378,0.0,St. Louis Cardinals,90,72,762.0,692.0
2011,TOR,AL,C,arencjp01,J. P. Arencibia,486.0,-4.787112426856629,-0.24972144343188293,molinjo01,Jose Molina,399.0,0.017862874262027557,lawribr01,Brett Lawrie,171.0,12.335645627587486,486.0,39.84631578947369,0.2675843176939105,0.0,Toronto Blue Jays,81,81,743.0,761.0
2011,PIT,NL,3B,alvarpe01,Pedro Alvarez,262.0,-12.519835939398847,0.5412786321578978,harrijo05,Josh Harrison,363.3333333333333,1.1190675534608052,leede02,Derrek Lee,113.0,9.71297152232034,262.0,35.040176991150425,0.5777889213029074,0.0,Pittsburgh Pirates,72,90,610.0,712.0
2011,NYN,NL,2B,turneju01,Justin Turner,487.0,-1.4659545896459463,-0.09230652507623802,tejadru01,Ruben Tejada,457.3333333333333,0.025808212640350214,davisik02,Ike Davis,149.0,10.197192538280802,487.0,34.795033557046956,0.11811473771658823,0.0,New York Mets,77,85,718.0,742.0
2011,TBA,AL,SS,brignre01,Reid Brignac,264.0,-25.463740083724588,0.16681298646428347,johnsel02,Elliot Johnson,337.6666666666667,0.28941286347791645,jennide01,Desmond Jennings,287.0,8.607487105950923,264.0,33.38142857142857,0.12259987701363298,0.0,Tampa Bay Rays,91,71,707.0,614.0
2011,SEA,AL,3B,figgich01,Chone Figgins,313.0,-25.904169114415886,-0.7265074397605013,seageky01,Kyle Seager,335.6666666666667,0.7211878832402688,carpmi01,Mike Carp,313.0,4.135830885584107,313.0,30.039999999999992,1.44769532300077,0.0,Seattle Mariners,67,95,556.0,675.0
2011,CIN,NL,OF,bruceja01,Jay Bruce,664.0,19.728965405492993,0.011125145147480614,stubbdr01,Drew Stubbs,1329.0,0.8489700594508753,alonsyo01,Yonder Alonso,98.0,7.2920460990034845,664.0,29.678367346938778,0.8378449143033947,0.0,Cincinnati Reds,79,83,735.0,720.0
2011,KCA,AL,2B,getzch01,Chris Getz,429.0,-15.282327636052445,0.4351758631855497,avilemi01,Mike Aviles,166.66666666666666,0.48249391605004094,perezsa02,Salvador Perez,158.0,5.171473737770884,429.0,29.32386075949364,0.047318052864491256,0.0,Kansas City Royals,71,91,730.0,762.0
2011,CLE,AL,OF,brantmi02,Michael Brantley,496.0,-4.200057126997722,0.08805097189088851,fukudko01,Kosuke Fukudome,529.3333333333334,0.4084139018458308,thomeji01,Jim Thome,82.0,3.8578534588431186,496.0,27.535365853658536,0.3203629299549423,0.0,Cleveland Indians,80,82,704.0,760.0
2011,HOU,NL,3B,johnsch05,Chris Johnson,405.0,-7.245013570444787,-0.8211122472298904,paredji01,Jimmy Paredes,390.6666666666667,-0.3772319960972658,downsma01,Matt Downs,222.0,10.227696265089527,405.0,25.90364864864866,0.4438802511326246,0.0,Houston Astros,56,106,615.0,796.0
2011,ARI,NL,OF,youngch04,Chris Young,659.0,10.258656931054048,0.9777418964852611,cowgico01,Collin Cowgill,198.0,1.4102084595856093,hillaa01,Aaron Hill,142.0,7.122760674066269,659.0,22.79697183098589,0.43246656310034814,0.0,Arizona Diamondbacks,94,68,731.0,662.0
2011,LAA,AL,C,mathije01,Jeff Mathis,281.0,-23.286746073964427,0.1366222641869316,wilsobo02,Bobby Wilson,317.0,0.7670482163735467,troutmi01,Mike Trout,135.0,-2.2997534519046194,281.0,18.499851851851847,0.6304259521866151,0.0,Los Angeles Angels of Anaheim,86,76,667.0,633.0
2011,FLO,NL,C,buckjo01,John Buck,530.0,-4.5073017094709655,-0.10359785084521404,hayesbr01,Brett Hayes,312.6666666666667,0.17575155879374346,peterbr01,Bryan Petersen,241.0,4.946868467957547,530.0,15.386307053941918,0.2793494096389575,0.0,Florida Marlins,72,90,625.0,702.0
2011,TEX,AL,C,torreyo01,Yorvit Torrealba,419.0,-5.929382935911368,-0.18384621683717572,napolmi01,Mike Napoli,506.3333333333333,0.9678466335898555,gentrcr01,Craig Gentry,153.0,2.462946087841435,419.0,12.6743137254902,1.1516928504270312,0.0,Texas Rangers,96,66,855.0,677.0
2011,CHN,NL,OF,soriaal01,Alfonso Soriano,508.0,4.137341002997653,-1.2384293354714335,byrdma01,Marlon Byrd,998.0,0.7621009634188836,johnsre02,Reed Johnson,266.0,8.478410840152318,508.0,12.054511278195497,2.0005302988903173,0.0,Chicago Cubs,71,91,654.0,756.0
2011,COL,NL,1B,heltoto01,Todd Helton,491.0,23.742292189905196,1.1043408108501767,wiggity01,Ty Wigginton,191.0,2.005167347325217,giambja01,Jason Giambi,152.0,11.07337762294418,491.0,12.027631578947389,0.9008265364750405,0.0,Colorado Rockies,73,89,735.0,774.0
2011,DET,AL,SS,peraljh01,Jhonny Peralta,576.0,15.75638527187361,0.5526510277877885,santira01,Ramon Santiago,195.0,1.3602248200229194,betemwi01,Wilson Betemit,133.0,5.808835488123596,576.0,9.400676691729332,0.8075737922351309,0.0,Detroit Tigers,95,67,787.0,711.0
2011,LAN,NL,SS,carroja01,Jamey Carroll,510.0,3.5014643927732303,-0.4472068106024976,selleju01,Justin Sellers,151.66666666666666,0.6613810889438475,ellisaj01,A. J. Ellis,103.0,2.492354573442436,510.0,8.83932038834951,1.1085878995463452,0.0,Los Angeles Dodgers,82,79,644.0,612.0
2011,OAK,AL,1B,bartoda02,Daric Barton,280.0,-9.442451603950317,-1.234984396042964,jacksco01,Conor Jackson,384.0,1.134141221632997,sweenry01,Ryan Sweeney,299.0,-2.98404653421837,280.0,6.648026755852848,2.369125617675961,0.0,Oakland Athletics,74,88,645.0,679.0
2011,BOS,AL,C,saltaja01,Jarrod Saltalamacchia,386.0,-1.557665425445789,-1.06754501087191,varitja01,Jason Varitek,574.6666666666666,-0.7144204725014115,reddijo01,Josh Reddick,278.0,3.5961373360779048,386.0,6.55086330935252,0.3531245383704985,0.0,Boston Red Sox,90,72,875.0,737.0
2011,ATL,NL,OF,heywaja01,Jason Heyward,454.0,1.1860094790569624,-0.5447843262642909,schafjo02,Jordan Schafer,440.0,0.6538723352000478,rossda01,David Ross,170.0,2.0804881309244108,454.0,4.370117647058817,1.1986566614643386,0.0,Atlanta Braves,89,73,641.0,605.0
2011,BAL,AL,OF,markani01,Nick Markakis,716.0,8.705159469898495,0.3127225581862667,jonesad01,Adam Jones,1281.0,0.6804137863043949,reimono01,Nolan Reimold,305.0,5.2801866456969675,716.0,3.690295081967171,0.36769122811812815,0.0,Baltimore Orioles,69,93,708.0,860.0
2011,NYA,AL,3B,rodrial01,Alex Rodriguez,428.0,13.74196683396164,0.19535248821876783,chaveer01,Eric Chavez,305.6666666666667,0.5961344262399766,jonesan01,Andruw Jones,222.0,8.29662765686796,428.0,2.2533333333333445,0.40078193802120876,0.0,New York Yankees,97,65,867.0,657.0
2011,WAS,NL,OF,werthja01,Jayson Werth,649.0,5.798039982176122,0.16527796699801772,ankieri01,Rick Ankiel,845.0,1.2437765141246646,hairsje02,Jerry Hairston,238.0,1.1706833832941776,649.0,-2.605714285714268,1.0784985471266468,2.605714285714268,Washington Nationals,80,81,624.0,643.0
2011,MIL,NL,2B,weeksri01,Rickie Weeks,515.0,18.541772867212195,-1.33257322262735,hairsje02,Jerry Hairston,188.0,-1.1492794879551425,kottage01,George Kottaras,123.0,1.4635884711982516,515.0,-12.413739837398376,0.18329373467220744,12.413739837398376,Milwaukee Brewers,96,66,721.0,638.0
2012,OAK,AL,2B,weeksje01,Jemile Weeks,511.0,-16.92727388860501,-0.7939244433594566,rosalad01,Adam Rosales,151.0,1.335001756289869,mossbr01,Brandon Moss,296.0,19.43721512519162,511.0,50.48273648648649,2.1289261996493254,0.0,Oakland Athletics,94,68,713.0,614.0
2012,BAL,AL,2B,andinro01,Robert Andino,431.0,-20.813277976494625,-0.3755001586603953,flahery01,Ryan Flaherty,172.33333333333334,0.42694253293350637,mclouna01,Nate McLouth,236.0,5.465212059274396,431.0,30.794237288135577,0.8024426915939017,0.0,Baltimore Orioles,93,69,712.0,705.0
2012,BOS,AL,SS,avilemi01,Mike Aviles,546.0,-14.227772100153295,0.2760471033993521,iglesjo01,Jose Iglesias,193.66666666666666,0.3240467337090764,middlwi01,Will Middlebrooks,286.0,8.570214614205414,546.0,30.589090909090903,0.04799963030972426,0.0,Boston Red Sox,69,93,734.0,806.0
2012,WAS,NL,C,floreje02,Jesus Flores,296.0,-15.860793896866845,-0.18978895605128207,ramoswi01,Wilson Ramos,216.66666666666666,-0.0969151129609928,werthja01,Jayson Werth,344.0,14.287726011749351,296.0,28.154883720930243,0.09287384309028927,0.0,Washington Nationals,98,64,731.0,594.0
2012,MIA,NL,1B,leeca01,Carlos Lee,338.0,-4.100838976827676,0.9007817532018721,sanchga01,Gaby Sanchez,445.3333333333333,0.941245772198302,ruggiju01,Justin Ruggiano,319.0,18.543705226011753,338.0,23.749028213166145,0.04046401899642982,0.0,Miami Marlins,69,93,609.0,724.0
2012,TBA,AL,SS,johnsel02,Elliot Johnson,331.0,-7.113283086356663,-0.9277687531369918,zobribe01,Ben Zobrist,392.0,-0.14159975143209858,longoev01,Evan Longoria,312.0,15.398415942769546,331.0,23.449423076923072,0.7861690017048932,0.0,Tampa Bay Rays,90,72,697.0,577.0
2012,SEA,AL,SS,ryanbr01,Brendan Ryan,470.0,-24.680975983648434,0.5250840472333648,kawasmu01,Munenori Kawasaki,246.0,0.667439442103734,gutiefr01,Franklin Gutierrez,163.0,-0.4808916709248865,470.0,23.294355828220848,0.1423553948703692,0.0,Seattle Mariners,75,87,619.0,651.0
2012,COL,NL,2B,scutama01,Marco Scutaro,415.0,-4.0892549567558625,0.4901199704010688,lemahdj01,DJ LeMahieu,509.0,1.3089898139986245,younger03,Eric Young,196.0,8.833122960182765,415.0,22.792040816326512,0.8188698435975557,0.0,Colorado Rockies,64,98,758.0,890.0
2012,LAN,NL,SS,gordode01,Dee Strange-Gordon,330.0,-14.498925628263704,-0.5639030004864702,cruzlu01,Luis Cruz,205.33333333333334,0.7054033908218061,gonzaad01,Adrian Gonzalez,157.0,3.642450534432112,330.0,22.155031847133746,1.2693063913082763,0.0,Los Angeles Dodgers,86,76,637.0,597.0
2012,ARI,NL,SS,bloomwi01,Willie Bloomquist,338.0,-2.9308389768276744,-0.00023004112697749823,mcdonjo03,John McDonald,426.3333333333333,1.0903809127940498,ransoco01,Cody Ransom,88.0,4.838953165796344,338.0,21.516818181818177,1.0906109539210274,0.0,Arizona Diamondbacks,81,81,734.0,688.0
2012,SLN,NL,OF,hollima01,Matt Holliday,688.0,35.07545202349873,-0.6734319519900522,jayjo02,Jon Jay,993.3333333333334,1.2967382179733944,kozmape01,Pete Kozma,82.0,6.420388177219319,688.0,18.79317073170727,1.9701701699634466,0.0,St. Louis Cardinals,88,74,765.0,648.0
2012,TOR,AL,OF,rasmuco01,Colby Rasmus,625.0,-11.0474680633623,0.028877102517627,sierrmo01,Moises Sierra,316.0,0.34968536210472023,coopeda01,David Cooper,145.0,1.546507409299947,625.0,17.713448275862074,0.32080825958709325,0.0,Toronto Blue Jays,73,89,716.0,784.0
2012,ATL,NL,SS,janispa01,Paul Janish,186.0,-12.384485354112272,1.1589600354138103,simmoan01,Andrelton Simmons,426.0,1.2229269314329758,rossda01,David Ross,196.0,3.0731229601827663,186.0,15.300816326530612,0.0639668960191655,0.0,Atlanta Braves,94,68,700.0,600.0
2012,DET,AL,2B,infanom01,Omar Infante,241.0,-5.626287685232498,-0.8725270971628655,santira01,Ramon Santiago,440.0,0.41119438638399747,dirksan01,Andy Dirks,344.0,13.470817577925398,241.0,15.063691860465116,1.2837214835468629,0.0,Detroit Tigers,88,74,726.0,670.0
2012,MIN,AL,SS,doziebr01,Brian Dozier,340.0,-14.361982626469084,0.11736105215421361,carroja01,Jamey Carroll,310.0,1.3122662751795096,mastrda01,Darin Mastroianni,186.0,0.34020950434338326,340.0,14.983870967741934,1.194905223025296,0.0,Minnesota Twins,66,96,701.0,832.0
2012,SDN,NL,2B,forsylo01,Logan Forsythe,350.0,3.076291000326368,-1.0677040097642545,hudsoor01,Orlando Hudson,288.0,0.01397088758705202,grandya01,Yasmani Grandal,226.0,11.515947903067884,350.0,14.758141592920357,1.0816748973513066,0.0,San Diego Padres,76,86,651.0,710.0
2012,CIN,NL,3B,rolensc01,Scott Rolen,330.0,-0.19892562826371396,-0.17090358374343773,frazito01,Todd Frazier,589.6666666666666,0.08647186054735764,paulxa01,Xavier Paul,96.0,3.957039817232374,330.0,13.80125,0.2573754442907954,0.0,Cincinnati Reds,97,65,669.0,588.0
2012,HOU,NL,OF,martijd02,J. D. Martinez,438.0,-5.674755833877281,-0.8362464075834535,barnebr02,Brandon Barnes,227.33333333333334,1.3578485268710305,mooresc02,Scott Moore,228.0,3.8254695659268974,438.0,13.02368421052632,2.1940949344544842,0.0,Houston Astros,55,107,583.0,794.0
2012,PIT,NL,C,barajro01,Rod Barajas,361.0,-10.906339853949087,-0.5900562210572405,mckenmi01,Michael McKenry,607.3333333333334,0.1747481635091429,martest01,Starling Marte,182.0,0.6764713201697123,361.0,12.248131868131868,0.7648043845663834,0.0,Pittsburgh Pirates,79,83,651.0,674.0
2012,PHI,NL,1B,howarry01,Ryan Howard,292.0,-0.9498372225848564,-0.29141115291811015,maybejo02,John Mayberry,185.66666666666666,0.648231930071268,frandke01,Kevin Frandsen,210.0,7.659774600195818,292.0,11.600571428571422,0.9396430829893782,0.0,Philadelphia Phillies,81,81,684.0,680.0
2012,SFN,NL,2B,theriry01,Ryan Theriot,384.0,-9.101840731070489,-1.156957102272572,scutama01,Marco Scutaro,379.3333333333333,-0.08558912177280925,schiena01,Nate Schierholtz,196.0,0.98312296018277,384.0,11.027959183673467,1.0713679804997627,0.0,San Francisco Giants,94,68,718.0,649.0
2012,MIL,NL,SS,segurje01,Jean Segura,163.0,-2.198984476990862,-1.515999637323138,ransoco01,Cody Ransom,288.6666666666667,0.23016056639053328,lucrojo01,Jonathan Lucroy,346.0,18.067247674608343,163.0,10.710433526011556,1.7461602037136712,0.0,Milwaukee Brewers,83,79,776.0,733.0
2012,NYA,AL,3B,rodrial01,Alex Rodriguez,529.0,12.365327031170139,-0.47149260004376514,nixja01,Jayson Nix,159.33333333333334,0.9424768571734672,chaveer01,Eric Chavez,313.0,11.014115993868161,529.0,6.249584664536753,1.4139694572172323,0.0,New York Yankees,95,67,804.0,668.0
2012,LAA,AL,2B,kendrho01,Howie Kendrick,594.0,-1.7241696474195365,-0.16307048810202837,izturma01,Maicer Izturis,190.33333333333334,0.42468856370632824,iannech01,Chris Iannetta,253.0,-0.627887072049059,594.0,0.2500000000000066,0.5877590518083566,0.0,Los Angeles Angels of Anaheim,89,73,767.0,699.0
2012,CLE,AL,C,santaca01,Carlos Santana,609.0,12.671331119059783,-0.4219507597724685,marsolo01,Lou Marson,555.6666666666666,0.07682391761207068,hafnetr01,Travis Hafner,263.0,5.279113438937149,609.0,-0.4470722433460037,0.4987746773845392,0.4470722433460037,Cleveland Indians,68,94,667.0,845.0
2012,CHN,NL,OF,soriaal01,Alfonso Soriano,615.0,17.752911329144908,0.2969526528891311,mathejo02,Joe Mather,321.6666666666667,1.1657880735943884,johnsre02,Reed Johnson,183.0,4.6562321515992116,615.0,-2.1049180327869013,0.8688354207052573,2.1049180327869013,Chicago Cubs,61,101,613.0,759.0
2012,CHA,AL,C,pierzaj01,A. J. Pierzynski,520.0,13.624026571282565,0.16805367449993938,flowety01,Tyler Flowers,360.6666666666667,0.8233153105262341,youklke01,Kevin Youkilis,344.0,5.310817577925401,520.0,-5.59604651162789,0.6552616360262947,5.59604651162789,Chicago White Sox,85,77,748.0,676.0
2012,TEX,AL,C,napolmi01,Mike Napoli,417.0,10.97692130812468,-0.5171026779201263,sotoge01,Geovany Soto,362.0,0.5077956163351557,gentrcr01,Craig Gentry,269.0,2.9433137455288776,417.0,-6.414237918215603,1.024898294255282,6.414237918215603,Texas Rangers,93,69,808.0,707.0
2012,KCA,AL,OF,gordoal01,Alex Gordon,721.0,22.27973684210527,0.3148114577213338,dysonja01,Jarrod Dyson,699.0,0.9930581847150426,perezsa02,Salvador Perez,305.0,5.508515585079201,721.0,-9.257967213114764,0.6782467269937088,9.257967213114764,Kansas City Royals,72,90,676.0,746.0
2013,MIL,NL,OF,aokino01,Nori Aoki,674.0,6.849412179842142,0.1690048955635769,gomezca01,Carlos Gomez,1242.0,1.1528503616858439,daviskh01,Khris Davis,153.0,11.775356177323214,674.0,45.02372549019607,0.983845466122267,0.0,Milwaukee Brewers,74,88,640.0,687.0
2013,LAN,NL,OF,ethiean01,Andre Ethier,553.0,15.61785598731854,0.16175718986185833,hairsje02,Jerry Hairston,158.33333333333334,0.32190532872277455,ramirha01,Hanley Ramirez,336.0,36.544899840396084,553.0,44.52895833333334,0.16014813886091622,0.0,Los Angeles Dodgers,92,70,649.0,582.0
2013,MIN,AL,3B,plouftr01,Trevor Plouffe,522.0,-4.926657933042208,0.005305234603018259,carroja01,Jamey Carroll,263.3333333333333,0.9761550201378999,pintojo01,Josmil Pinto,83.0,6.273366650493289,522.0,44.380843373493974,0.9708497855348817,0.0,Minnesota Twins,66,96,614.0,788.0
2013,CLE,AL,SS,cabreas01,Asdrubal Cabrera,562.0,-5.49142099304545,0.2123917867211368,avilemi01,Mike Aviles,339.6666666666667,0.28520073436729915,raburry01,Ryan Raburn,277.0,14.693765809477599,562.0,35.303321299638995,0.07280894764616236,0.0,Cleveland Indians,92,70,745.0,662.0
2013,PIT,NL,SS,barmecl01,Clint Barmes,330.0,-17.05393765675385,-0.23935212122194796,mercejo03,Jordy Mercer,594.0,-0.169936395398258,byrdma01,Marlon Byrd,115.0,5.022718695373655,330.0,31.46695652173912,0.06941572582368996,0.0,Pittsburgh Pirates,94,68,634.0,577.0
2013,TEX,AL,OF,martile01,Leonys Martin,508.0,-1.703490862041079,0.5965539878470159,gentrcr01,Craig Gentry,647.6666666666666,0.7393814010746358,bakerje03,Jeff Baker,175.0,9.805411612485855,508.0,30.167200000000015,0.14282741322761994,0.0,Texas Rangers,91,72,730.0,636.0
2013,BOS,AL,3B,middlwi01,Will Middlebrooks,374.0,-5.8960346110302515,-0.21610452619148512,iglesjo01,Jose Iglesias,279.0,0.08781056196336359,carpmi01,Mike Carp,243.0,12.384314410480359,374.0,24.956666666666692,0.3039150881548487,0.0,Boston Red Sox,97,65,853.0,656.0
2013,TOR,AL,2B,bonifem01,Emilio Bonifacio,282.0,-14.628079573022802,0.08404977235877553,goinsry01,Ryan Goins,262.3333333333333,0.9144603229291359,sierrmo01,Moises Sierra,122.0,4.460972666990134,282.0,24.93950819672131,0.8304105505703604,0.0,Toronto Blue Jays,74,88,712.0,756.0
2013,SDN,NL,C,hundlni01,Nick Hundley,408.0,-4.319050193804751,-0.31261891864383684,riverre01,Rene Rivera,180.0,0.9798066838771731,quentca01,Carlos Quentin,320.0,15.857999847996261,408.0,24.537999999999982,1.29242560252101,0.0,San Diego Padres,76,86,618.0,700.0
2013,MIA,NL,3B,polanpl01,Placido Polanco,416.0,-9.930600197604859,0.16949321335026413,lucased01,Ed Lucas,482.6666666666667,0.19217155962228682,yelicch01,Christian Yelich,273.0,8.882106120321819,416.0,23.465238095238107,0.022678346272022698,0.0,Miami Marlins,62,100,513.0,646.0
2013,KCA,AL,OF,gordoal01,Alex Gordon,700.0,5.871646449943398,0.4254722907386986,cainlo01,Lorenzo Cain,948.0,1.0904403732243253,maxweju01,Justin Maxwell,111.0,4.517032508491025,700.0,22.614144144144145,0.6649680824856268,0.0,Kansas City Royals,86,76,648.0,601.0
2013,NYN,NL,SS,quintom01,Omar Quintanilla,359.0,-11.054556420529195,-0.36535499227188706,tejadru01,Ruben Tejada,499.0,-0.007213679060506378,satinjo01,Josh Satin,221.0,6.652181145022418,359.0,21.86058823529412,0.35814131321138065,0.0,New York Mets,74,88,619.0,684.0
2013,ARI,NL,C,montemi01,Miguel Montero,475.0,-4.267031475630541,-0.002631011375959632,nievewi01,Wil Nieves,380.6666666666667,0.28032733821831063,chaveer01,Eric Chavez,253.0,8.515981129822052,475.0,20.255533596837953,0.28295834959427024,0.0,Arizona Diamondbacks,81,81,685.0,695.0
2013,NYA,AL,3B,nixja01,Jayson Nix,303.0,-7.167830179524495,0.77218029793673,rodrial01,Alex Rodriguez,233.0,1.3498841549828569,soriaal01,Alfonso Soriano,243.0,8.444314410480354,303.0,17.69716049382716,0.5777038570461268,0.0,New York Yankees,85,77,650.0,671.0
2013,SLN,NL,3B,freesda01,David Freese,521.0,3.84405600251893,-0.7335644925523044,carpema01,Matt Carpenter,253.0,-0.25601237561143664,adamsma01,Matt Adams,319.0,12.16319359847127,521.0,16.021222570532892,0.47755211694086774,0.0,St. Louis Cardinals,97,65,783.0,596.0
2013,CHN,NL,OF,schiena01,Nate Schierholtz,503.0,8.267543511069125,0.17700175662653783,sweenry01,Ryan Sweeney,428.6666666666667,1.3765203029232833,navardi01,Dioner Navarro,266.0,12.568462373646891,503.0,15.49913533834586,1.1995185462967455,0.0,Chicago Cubs,66,96,602.0,689.0
2013,BAL,AL,2B,roberbr01,Brian Roberts,296.0,-1.831246644023936,1.0332253140226046,casilal01,Alexi Casilla,299.6666666666667,1.2754764477791225,valenda01,Danny Valencia,170.0,7.167256994986257,296.0,14.31070588235295,0.24225113375651786,0.0,Baltimore Orioles,85,77,745.0,709.0
2013,LAA,AL,3B,callaal01,Alberto Callaspo,336.0,-5.2760097040271665,-0.1811276288448259,jimenlu02,Luis Jimenez,247.0,1.825260473908061,calhoko01,Kole Calhoun,222.0,5.814065016982051,336.0,14.075675675675676,2.006388102752887,0.0,Los Angeles Angels of Anaheim,78,84,733.0,737.0
2013,OAK,AL,OF,reddijo01,Josh Reddick,441.0,-3.9347627365356637,0.05058094308529415,crispco01,Coco Crisp,919.0,1.6182245377330298,jasojo01,John Jaso,249.0,5.200099951479867,441.0,13.14457831325302,1.5676435946477356,0.0,Oakland Athletics,96,66,767.0,625.0
2013,PHI,NL,C,ruizca01,Carlos Ruiz,341.0,-1.45106891197898,0.0812700034144964,kratzer01,Erik Kratz,478.3333333333333,0.3227952319995216,rufda01,Darin Ruf,293.0,9.998231110821576,341.0,13.087235494880542,0.24152522858502518,0.0,Philadelphia Phillies,73,89,610.0,749.0
2013,CIN,NL,C,mesorde01,Devin Mesoraco,352.0,-7.618200167204108,0.0645141377516455,hanigry01,Ryan Hanigan,589.6666666666666,0.952119889746696,paulxa01,Xavier Paul,239.0,2.958693636472206,352.0,11.975774058577398,0.8876057519950505,0.0,Cincinnati Reds,90,72,698.0,589.0
2013,CHA,AL,3B,gillaco01,Conor Gillaspie,452.0,-5.160822578036542,-0.32948786499262617,keppije01,Jeff Keppinger,325.0,0.44318955972810997,garciav01,Avisail Garcia,168.0,1.8619951479864167,452.0,10.170476190476187,0.7726774247207362,0.0,Chicago White Sox,63,99,598.0,723.0
2013,DET,AL,C,avilaal01,Alex Avila,379.0,-3.147879993530654,-0.3795454780684482,penabr01,Brayan Peña,520.0,0.03260718062636414,tuiasma01,Matt Tuiasosopo,191.0,3.0275063884845563,379.0,9.155340314136135,0.4121526586948123,0.0,Detroit Tigers,93,69,796.0,624.0
2013,SEA,AL,2B,frankni01,Nick Franklin,412.0,-4.946059518033309,0.03181704724555934,ackledu01,Dustin Ackley,440.6666666666667,0.906478728035674,gutiefr01,Franklin Gutierrez,151.0,1.1222694484877922,412.0,8.00814569536424,0.8746616807901146,0.0,Seattle Mariners,71,91,624.0,754.0
2013,HOU,AL,SS,villajo01,Jonathan Villar,241.0,-5.480947436519495,-0.9123303792988043,cedenro02,Ronny Cedeno,330.6666666666667,-0.05377815565588673,hoeslj01,L. J. Hoes,181.0,0.20119715348536227,241.0,5.74883977900553,0.8585522236429176,0.0,Houston Astros,51,111,610.0,848.0
2013,WAS,NL,2B,rendoan01,Anthony Rendon,394.0,3.1036623128453926,-0.7589418159336663,lombast02,Steve Lombardozzi,359.6666666666667,1.1853853867500326,ramoswi01,Wilson Ramos,303.0,5.056293606071466,394.0,3.471188118811893,1.9443272026836989,0.0,Washington Nationals,86,76,656.0,626.0
2013,COL,NL,C,rosarwi01,Wilin Rosario,466.0,12.299712278644545,-0.7059371926127124,torreyo01,Yorvit Torrealba,422.0,0.013276824108042892,blackch02,Charlie Blackmon,258.0,8.67001237744698,466.0,3.3600775193798467,0.7192140167207552,0.0,Colorado Rockies,74,88,706.0,760.0
2013,SFN,NL,3B,sandopa01,Pablo Sandoval,584.0,10.956849722593192,-1.0032202531239078,ariasjo01,Joaquin Arias,218.0,0.30328485513877296,paganan01,Angel Pagan,305.0,4.555906105121441,584.0,-2.2334098360655825,1.3065051082626808,2.2334098360655825,San Francisco Giants,76,86,629.0,691.0
2013,ATL,NL,C,mccanbr01,Brian McCann,402.0,11.182112309045305,0.11830151991751718,lairdge01,Gerald Laird,294.3333333333333,0.860287605276874,penara02,Ramiro Peña,107.0,1.4342686991737494,402.0,-5.793551401869163,0.7419860853593568,5.793551401869163,Atlanta Braves,96,66,688.0,548.0
2014,TEX,AL,OF,martile01,Leonys Martin,583.0,-2.0602947494033472,0.9578012195163241,adducji02,Jim Adduci,206.33333333333334,1.066382938927458,smolija01,Jake Smolinski,92.0,5.829764807984377,583.0,39.00326086956521,0.10858171941113381,0.0,Texas Rangers,67,95,637.0,773.0
2014,ARI,NL,2B,hillaa01,Aaron Hill,541.0,-8.914398316725903,0.7095287032585358,owingch01,Chris Owings,152.66666666666666,0.8239779913256412,polloaj01,AJ Pollock,287.0,15.355762815341329,541.0,37.86027874564457,0.11444928806710541,0.0,Arizona Diamondbacks,64,98,615.0,742.0
2014,BOS,AL,SS,bogaexa01,Xander Bogaerts,594.0,-10.260866348448674,0.19892489413405,drewst01,Stephen Drew,338.6666666666667,1.5048231306563014,bettsmo01,Mookie Betts,213.0,7.7634772184855745,594.0,31.911126760563373,1.3058982365222513,0.0,Boston Red Sox,71,91,634.0,715.0
2014,HOU,AL,C,castrja01,Jason Castro,512.0,-10.214787155565205,-0.10131847762321082,corpoca01,Carlos Corporan,431.6666666666667,0.225394655834617,springe01,George Springer,345.0,10.736618029941422,512.0,26.148550724637694,0.3267131334578278,0.0,Houston Astros,70,92,629.0,723.0
2014,NYN,NL,OF,grandcu01,Curtis Granderson,654.0,6.751947321370167,0.42612988042764477,lagarju01,Juan Lagares,945.0,1.123986785084765,nieuwki01,Kirk Nieuwenhuis,130.0,6.41818524736716,654.0,25.53646153846154,0.6978569046571201,0.0,New York Mets,79,83,629.0,618.0
2014,TBA,AL,C,molinjo01,Jose Molina,247.0,-22.53465317856368,0.46053492699124904,hanigry01,Ryan Hanigan,603.6666666666666,0.6082735183204948,dejesda01,David DeJesus,273.0,3.048541223692773,247.0,25.29285714285714,0.14773859132924577,0.0,Tampa Bay Rays,77,85,612.0,625.0
2014,TOR,AL,C,navardi01,Dioner Navarro,520.0,0.9238880451290874,0.1270803577803006,kratzer01,Erik Kratz,167.0,0.6894731755385318,lindad01,Adam Lind,318.0,15.919839227598171,520.0,25.108553459119495,0.5623928177582312,0.0,Toronto Blue Jays,83,79,723.0,686.0
2014,COL,NL,OF,blackch02,Charlie Blackmon,648.0,17.435415694568594,0.3061129748508804,cuddymi01,Michael Cuddyer,279.3333333333333,0.4364209479925788,mckenmi01,Michael McKenry,192.0,12.34901205764996,648.0,24.242500000000014,0.1303079731416984,0.0,Colorado Rockies,66,96,755.0,818.0
2014,CHN,NL,SS,castrst01,Starlin Castro,569.0,13.542749275014726,-0.4431716813110358,baezja01,Javier Baez,255.0,0.10668690566266892,solerjo01,Jorge Soler,97.0,6.182261299958571,569.0,22.722268041237093,0.5498585869737047,0.0,Chicago Cubs,73,89,614.0,707.0
2014,SDN,NL,SS,cabreev01,Everth Cabrera,391.0,-15.597688986764929,-0.4401134699953104,amarial01,Alexi Amarista,626.0,0.2826484360485783,riverre01,Rene Rivera,329.0,5.371484202952271,391.0,21.98142857142857,0.7227619060438888,0.0,San Diego Padres,77,85,535.0,577.0
2014,BAL,AL,1B,davisch02,Chris Davis,525.0,-0.598189954436974,0.8485306858433783,pearcst01,Steve Pearce,415.6666666666667,1.2388406875477502,deazaal01,Alejandro De Aza,89.0,3.589011607724019,525.0,21.769325842696635,0.3903100017043719,0.0,Baltimore Orioles,96,66,705.0,593.0
2014,NYA,AL,OF,gardnbr01,Brett Gardner,636.0,10.589678455196358,0.010633088877881558,ellsbja01,Jacoby Ellsbury,1237.0,1.1401282620895412,pradoma01,Martin Prado,137.0,6.93106281188978,636.0,21.58664233576642,1.1294951732116596,0.0,New York Yankees,84,78,633.0,664.0
2014,KCA,AL,3B,moustmi01,Mike Moustakas,500.0,-13.797799956606628,0.056190430233128905,valenda01,Danny Valencia,208.0,0.10274814781084551,willijo03,Josh Willingham,86.0,1.3382584074636554,500.0,21.57837209302323,0.04655771757771661,0.0,Kansas City Royals,89,73,651.0,624.0
2014,SEA,AL,OF,ackledu01,Dustin Ackley,542.0,-4.997255152961605,-0.11060418994087787,jacksau01,Austin Jackson,457.0,0.48618592313313286,saundmi01,Michael Saunders,263.0,6.0126972228249045,542.0,17.388441064638783,0.5967901130740108,0.0,Seattle Mariners,87,75,634.0,554.0
2014,LAN,NL,SS,ramirha01,Hanley Ramirez,512.0,22.24069882039989,-1.3379634132485079,rojasmi02,Miguel Rojas,283.6666666666667,0.2286535061788147,turneju01,Justin Turner,322.0,22.83719730501712,512.0,14.071863354037273,1.5666169194273225,0.0,Los Angeles Dodgers,94,68,718.0,617.0
2014,WAS,NL,C,ramoswi01,Wilson Ramos,361.0,-0.9803471207727443,0.5284168864414774,leonsa01,Sandy Leon,157.0,1.2790163765125049,zimmery01,Ryan Zimmerman,240.0,7.581265072062445,361.0,12.383833333333339,0.7505994900710274,0.0,Washington Nationals,96,66,686.0,555.0
2014,SFN,NL,3B,sandopa01,Pablo Sandoval,638.0,8.637862983232665,0.3434545987377833,ariasjo01,Joaquin Arias,168.33333333333334,0.41383505515514446,susacan01,Andrew Susac,95.0,2.646750757691381,638.0,9.13715789473682,0.07038045641736118,0.0,San Francisco Giants,88,74,665.0,614.0
2014,MIN,AL,SS,escobed01,Eduardo Escobar,465.0,0.4967460403558164,0.8594839323260194,floripe01,Pedro Florimon,224.66666666666666,1.0711138493939913,willijo03,Josh Willingham,278.0,5.7564632241267155,465.0,9.131870503597144,0.21162991706797196,0.0,Minnesota Twins,70,92,715.0,777.0
2014,MIL,NL,3B,ramirar01,Aramis Ramirez,531.0,10.348048971938157,-0.4785316296746298,reynoma01,Mark Reynolds,273.3333333333333,0.13355870562835281,weeksri01,Rickie Weeks,286.0,9.87800754420776,531.0,7.991888111888138,0.6120903353029826,0.0,Milwaukee Brewers,82,80,650.0,657.0
2014,OAK,AL,OF,crispco01,Coco Crisp,536.0,3.2112384465176897,-0.42700480789074574,fuldsa01,Sam Fuld,425.0,1.271944971717013,jasojo01,John Jaso,344.0,7.123033629854646,536.0,7.887441860465131,1.6989497796077588,0.0,Oakland Athletics,88,74,729.0,572.0
2014,MIA,NL,C,saltaja01,Jarrod Saltalamacchia,435.0,-0.3464570568868188,-0.6873526332692648,mathije01,Jeff Mathis,473.6666666666667,0.5638699096667511,bourju01,Justin Bour,83.0,1.2636875040882622,435.0,6.969397590361446,1.251222542936016,0.0,Miami Marlins,77,85,645.0,674.0
2014,CIN,NL,3B,frazito01,Todd Frazier,660.0,21.30847894817175,0.11868969902928961,negrokr01,Kristopher Negron,193.33333333333334,0.8132976780657046,vottojo01,Joey Votto,272.0,11.549433748337444,660.0,6.715882352941169,0.694607979036415,0.0,Cincinnati Reds,76,86,595.0,612.0
2014,PHI,NL,3B,ascheco01,Cody Asche,434.0,-0.6842123280204158,-0.5131656979495561,brignre01,Reid Brignac,154.66666666666666,0.1359526245671181,maybejo02,John Mayberry,138.0,0.9402274164359072,434.0,3.641159420289863,0.6491183225166742,0.0,Philadelphia Phillies,73,89,619.0,687.0
2014,LAA,AL,3B,freesda01,David Freese,511.0,-1.1883715556519947,-0.5041007991869153,mcdonjo03,John McDonald,198.66666666666666,1.0066420839001253,croncj01,C. J. Cron,253.0,0.7168532219570374,511.0,2.6362450592885405,1.5107428830870406,0.0,Los Angeles Angels of Anaheim,98,64,773.0,630.0
2014,CLE,AL,2B,kipnija01,Jason Kipnis,555.0,-7.850657951833375,-0.011709103924142539,avilemi01,Mike Aviles,266.3333333333333,0.5072321349093235,perezro02,Roberto Perez,95.0,-1.16948199175526,555.0,1.018421052631594,0.518941238833466,0.0,Cleveland Indians,85,77,669.0,653.0
2014,PIT,NL,3B,alvarpe01,Pedro Alvarez,445.0,3.041095654449127,-0.1827918692267324,harrijo05,Josh Harrison,518.6666666666666,1.2776124068666088,stewach01,Chris Stewart,154.0,0.5543117545734058,445.0,-1.4393506493506496,1.4604042760933411,1.4393506493506496,Pittsburgh Pirates,88,74,682.0,631.0
2014,SLN,NL,2B,wongko01,Kolten Wong,433.0,-1.4619675991539962,0.010439410141798555,ellisma01,Mark Ellis,392.3333333333333,0.4448887683298665,bourjpe01,Peter Bourjos,294.0,-4.609950286723505,433.0,-5.32751700680273,0.43444935818806796,5.32751700680273,St. Louis Cardinals,90,72,619.0,603.0
2014,CHA,AL,OF,eatonad02,Adam Eaton,538.0,10.59840724669127,0.7716144807127061,danksjo02,Jordan Danks,306.6666666666667,0.8223470304771452,sierrmo01,Moises Sierra,135.0,0.6738940117162069,538.0,-7.912814814814832,0.05073254976443908,7.912814814814832,Chicago White Sox,73,89,660.0,758.0
2014,DET,AL,OF,hunteto01,Torii Hunter,586.0,8.810458450857027,-0.8454549542921066,carreez01,Ezequiel Carrera,160.33333333333334,1.4071779479859265,suareeu01,Eugenio Suarez,277.0,-4.4571211759600775,586.0,-18.23960288808665,2.252632902278033,18.23960288808665,Detroit Tigers,90,72,757.0,705.0
2014,ATL,NL,OF,uptonju01,Justin Upton,640.0,27.753373525499857,-0.758395873163961,heywaja01,Jason Heyward,1317.0,1.2137137720076843,penara02,Ramiro Peña,165.0,-2.0603802629570724,640.0,-35.745151515151534,1.972109645171645,35.745151515151534,Atlanta Braves,79,83,573.0,597.0
2015,SEA,AL,C,zuninmi01,Mike Zunino,386.0,-26.691327720842096,0.21824756313995164,sucreje01,Jesus Sucre,379.3333333333333,0.493181684551187,gutiefr01,Franklin Gutierrez,189.0,13.80543798124571,386.0,54.886560846560855,0.27493412141123535,0.0,Seattle Mariners,76,86,656.0,726.0
2015,TBA,AL,C,riverre01,Rene Rivera,319.0,-26.805371872923907,-0.3536467456388699,wilsobo02,Bobby Wilson,151.66666666666666,0.8801052472602785,mahtomi01,Mikie Mahtook,115.0,7.710822052080724,319.0,48.19452173913044,1.2337519928991485,0.0,Tampa Bay Rays,80,82,644.0,642.0
2015,MIN,AL,C,suzukku01,Kurt Suzuki,479.0,-17.689445539594207,-0.011336126984410444,herrmch01,Chris Herrmann,278.0,0.3095168091638756,sanomi01,Miguel Sano,335.0,20.220220760409052,479.0,46.601343283582075,0.320852936148286,0.0,Minnesota Twins,83,79,696.0,700.0
2015,LAN,NL,OF,pederjo01,Joc Pederson,585.0,10.137752680439327,-0.04777710919196409,puigya01,Yasiel Puig,638.0,0.12058570856554507,seageco01,Corey Seager,113.0,10.541018893828449,585.0,44.43300884955751,0.16836281775750916,0.0,Los Angeles Dodgers,92,70,667.0,595.0
2015,CHA,AL,OF,cabreme01,Melky Cabrera,683.0,-4.115639464598829,-1.1201738516533184,shuckja01,JB Shuck,297.0,0.8169705608192257,thomptr01,Trayce Thompson,135.0,7.175312843746935,683.0,40.417407407407396,1.937144412472544,0.0,Chicago White Sox,76,86,622.0,701.0
2015,NYN,NL,SS,florewi01,Wilmer Flores,510.0,-4.4322156119247005,-0.6745411016511593,tejadru01,Ruben Tejada,618.0,-0.4197221821714277,cespeyo01,Yoenis Cespedes,249.0,17.031094730648523,510.0,39.315180722891554,0.2548189194797316,0.0,New York Mets,90,72,683.0,613.0
2015,ARI,NL,2B,owingch01,Chris Owings,552.0,-23.15263336820084,-0.1287441705237411,hillaa01,Aaron Hill,342.3333333333333,0.07915330616651872,castiwe01,Welington Castillo,303.0,8.556271901150627,552.0,38.74029702970297,0.20789747669025982,0.0,Arizona Diamondbacks,79,83,720.0,713.0
2015,MIA,NL,C,realmjt01,J. T. Realmuto,467.0,-4.763930766213392,-0.35606695677376216,mathije01,Jeff Mathis,246.0,0.733970082628321,stantmi03,Giancarlo Stanton,318.0,22.35826555962342,467.0,37.59823899371068,1.090037039402083,0.0,Miami Marlins,71,91,613.0,678.0
2015,CLE,AL,C,gomesya01,Yan Gomes,389.0,-10.659654102092171,0.26283355003129166,perezro02,Roberto Perez,538.3333333333334,0.35758732078625205,raburry01,Ryan Raburn,201.0,13.552132456245445,389.0,36.887412935323404,0.09475377075496039,0.0,Cleveland Indians,81,80,669.0,640.0
2015,OAK,AL,2B,sogarer01,Eric Sogard,401.0,-16.322959627092427,0.9639151695198742,zobribe01,Ben Zobrist,290.0,1.5039781088011055,valenda01,Danny Valencia,205.0,9.551030614578684,401.0,35.00570731707317,0.5400629392812313,0.0,Oakland Athletics,68,94,694.0,729.0
2015,SDN,NL,C,norride01,Derek Norris,557.0,-1.8319688153765847,-0.24668651822996399,hedgeau01,Austin Hedges,350.6666666666667,0.02028238746816154,wallabr01,Brett Wallace,107.0,6.17822143043933,557.0,33.993364485981324,0.26696890569812554,0.0,San Diego Padres,74,88,650.0,731.0
2015,BOS,AL,3B,sandopa01,Pablo Sandoval,505.0,-12.921607510428123,-0.4788104243335707,holtbr01,Brock Holt,227.0,-0.21428338182969486,bradlja02,Jackie Bradley,255.0,8.642257593744214,505.0,30.03666666666666,0.2645270425038758,0.0,Boston Red Sox,78,84,748.0,753.0
2015,SFN,NL,OF,paganan01,Angel Pagan,551.0,-13.004766278765675,0.17904651463754057,byrdma01,Marlon Byrd,314.6666666666667,0.45796908351575216,pencehu01,Hunter Pence,223.0,6.235639055962339,551.0,28.41210762331836,0.2789225688782116,0.0,San Francisco Giants,84,78,696.0,627.0
2015,PHI,NL,C,ruizca01,Carlos Ruiz,320.0,-13.447468619246854,-0.864517961725079,ruppca01,Cameron Rupp,701.3333333333334,0.04228016229051048,blancan01,Andres Blanco,261.0,11.896689657426782,320.0,28.033448275862067,0.9067981240155895,0.0,Philadelphia Phillies,63,99,626.0,809.0
2015,NYA,AL,OF,gardnbr01,Brett Gardner,656.0,6.649297966651771,-0.06434224320608603,ellsbja01,Jacoby Ellsbury,948.0,0.6296243648053583,birdgr01,Greg Bird,178.0,7.6159680458292955,656.0,21.418539325842712,0.6939666080114444,0.0,New York Yankees,87,75,764.0,698.0
2015,SLN,NL,1B,reynoma01,Mark Reynolds,432.0,-0.6585826359832674,-0.4854157374962778,mossbr01,Brandon Moss,215.66666666666666,1.0373451315364355,grichra01,Randal Grichuk,350.0,16.436518697698745,432.0,20.945942857142864,1.5227608690327132,0.0,St. Louis Cardinals,100,62,647.0,525.0
2015,MIL,NL,2B,gennesc01,Scooter Gennett,391.0,-7.62603196914227,0.28164150043155034,herreel01,Elian Herrera,254.33333333333334,0.5813838764147962,rogerja02,Jason Rogers,169.0,5.50046188546025,391.0,20.3519526627219,0.2997423759832458,0.0,Milwaukee Brewers,68,94,655.0,737.0
2015,TEX,AL,2B,odorro01,Rougned Odor,470.0,4.9955336041560034,0.04967303978222021,alberha01,Hanser Alberto,190.0,1.0881867125289038,napolmi01,Mike Napoli,91.0,4.657433102081265,470.0,19.05934065934064,1.0385136727466835,0.0,Texas Rangers,88,74,751.0,733.0
2015,TOR,AL,SS,reyesjo01,Jose Reyes,311.0,0.06683181040961728,-0.8737509738831479,tulowtr01,Troy Tulowitzki,340.0,1.1275704570962257,travide01,Devon Travis,238.0,10.04944042082793,311.0,13.064999999999987,2.001321430979374,0.0,Toronto Blue Jays,93,69,891.0,670.0
2015,ATL,NL,OF,markani01,Nick Markakis,686.0,11.203176647489549,0.36430157218595394,younger03,Eric Young,153.0,1.3296511083811868,uribeju01,Juan Uribe,167.0,5.7461960643305465,686.0,12.400958083832336,0.9653495361952329,0.0,Atlanta Braves,67,95,573.0,760.0
2015,CHN,NL,C,montemi01,Miguel Montero,403.0,6.649562957635991,-0.42335749410995377,rossda01,David Ross,402.3333333333333,-0.08623406205123607,schwaky01,Kyle Schwarber,273.0,10.852284584205014,403.0,9.370476190476172,0.3371234320587177,0.0,Chicago Cubs,97,65,689.0,608.0
2015,CIN,NL,C,penabr01,Brayan Peña,367.0,-4.717221822698749,-0.02387966544985698,barnhtu01,Tucker Barnhart,598.0,0.18332091891495148,cozarza01,Zack Cozart,214.0,2.586442860878658,367.0,9.152850467289717,0.20720058436480845,0.0,Cincinnati Reds,64,98,640.0,754.0
2015,COL,NL,1B,paulsbe01,Ben Paulsen,354.0,7.015050339958171,0.25561838442400175,morneju01,Justin Morneau,361.0,0.5622958005988795,dickeco01,Corey Dickerson,234.0,10.13910107217573,354.0,8.323589743589729,0.30667741617487776,0.0,Colorado Rockies,68,94,737.0,844.0
2015,WAS,NL,1B,zimmery01,Ryan Zimmerman,390.0,7.0218351202928915,0.08602683081424399,moorety01,Tyler Moore,232.0,1.0373451315364355,spande01,Denard Span,275.0,10.316550405334725,390.0,7.608909090909083,0.9513183007221915,0.0,Washington Nationals,83,79,703.0,635.0
2015,HOU,AL,1B,cartech02,Chris Carter,459.0,0.32606366873959836,-0.6483265423886614,valbulu01,Luis Valbuena,217.0,0.36357474499790854,villajo01,Jonathan Villar,128.0,1.6747410666637614,459.0,5.679453124999984,1.01190128738657,0.0,Houston Astros,86,76,729.0,618.0
2015,PIT,NL,1B,alvarpe01,Pedro Alvarez,491.0,10.797259087343095,-2.99405742145304,rodrise01,Sean Rodriguez,326.6666666666667,0.552347123511182,morsemi01,Mike Morse,82.0,2.554898666317991,491.0,4.500975609756095,3.546404544964222,0.0,Pittsburgh Pirates,98,64,697.0,596.0
2015,LAA,AL,C,iannech01,Chris Iannetta,317.0,-9.469820952090526,-0.09180058660363866,perezca02,Carlos Perez,665.0,-0.0871811174504485,murphda07,David Murphy,160.0,-3.844073666670294,317.0,1.8537500000000056,0.004619469153190156,0.0,Los Angeles Angels of Anaheim,85,77,661.0,675.0
2015,DET,AL,SS,iglesjo01,Jose Iglesias,454.0,-1.5800590291769678,0.19719968645164504,rominan01,Andrew Romine,212.0,0.8419205828239074,collity01,Tyler Collins,207.0,-0.31452030625469796,454.0,0.8902415458937173,0.6447208963722624,0.0,Detroit Tigers,74,87,689.0,803.0
2015,BAL,AL,2B,schoojo01,Jonathan Schoop,321.0,4.759077206242717,0.24713725412125354,flahery01,Ryan Flaherty,448.3333333333333,0.40915930301854786,reimono01,Nolan Reimold,195.0,1.2487852187455708,321.0,-2.703384615384623,0.16202204889729432,2.703384615384623,Baltimore Orioles,81,81,713.0,693.0
2016,NYA,AL,OF,gardnbr01,Brett Gardner,634.0,-0.4444621704449023,-0.2154894873605858,hicksaa01,Aaron Hicks,845.6666666666666,0.21790332632543724,sanchga02,Gary Sanchez,229.0,20.060754200265162,634.0,55.9838427947598,0.433392813686023,0.0,New York Yankees,84,78,680.0,702.0
2016,MIA,NL,SS,hechaad01,Adeiny Hechavarria,547.0,-25.639556641194975,0.12076203662250538,rojasmi02,Miguel Rojas,208.66666666666666,0.9457688146533345,bourju01,Justin Bour,321.0,9.274720874179916,547.0,41.44414330218069,0.8250067780308291,0.0,Miami Marlins,79,82,655.0,682.0
2016,SDN,NL,SS,ramiral03,Alexei Ramirez,444.0,-22.908049631975434,-0.16476098131269865,sardilu01,Luis Sardinas,264.3333333333333,0.017422372749932857,schimry01,Ryan Schimpf,330.0,12.82915230055879,444.0,40.1690909090909,0.1821833540626315,0.0,San Diego Padres,68,94,686.0,770.0
2016,CHN,NL,OF,heywaja01,Jason Heyward,592.0,-18.007399509300576,0.3031201291985294,almoral01,Albert Almora,237.0,1.7710417630883433,contrwi01,Willson Contreras,283.0,9.477121518357997,592.0,37.83233215547702,1.467921633889814,0.0,Chicago Cubs,103,58,808.0,556.0
2016,CLE,AL,C,gomesya01,Yan Gomes,264.0,-21.078955856462862,0.416913851381016,perezro02,Roberto Perez,451.6666666666667,0.9196317154080792,guyerbr01,Brandon Guyer,96.0,5.677652415831683,264.0,36.69249999999999,0.5027178640270632,0.0,Cleveland Indians,94,67,777.0,676.0
2016,PIT,NL,2B,harrijo05,Josh Harrison,522.0,-4.652977270025187,0.8532511701996532,rodrise01,Sean Rodriguez,165.66666666666666,1.704432300910688,joycema01,Matt Joyce,293.0,14.22648976989008,522.0,29.99846416382253,0.8511811307110349,0.0,Pittsburgh Pirates,78,83,729.0,758.0
2016,TBA,AL,OF,souzast01,Steven Souza,468.0,-6.752694472820542,0.13322930436175137,kiermke01,Kevin Kiermaier,872.3333333333334,1.3691601890961382,pearcst01,Steve Pearce,232.0,11.358493338259898,468.0,29.6655172413793,1.2359308847343868,0.0,Tampa Bay Rays,68,94,672.0,713.0
2016,WAS,NL,OF,harpebr03,Bryce Harper,627.0,20.445389371061694,0.03266987115839626,taylomi02,Michael Taylor,458.6666666666667,1.0531081202540096,turnetr01,Trea Turner,324.0,24.50953134963953,627.0,26.985092592592586,1.0204382490956134,0.0,Washington Nationals,95,67,763.0,612.0
2016,SEA,AL,SS,marteke01,Ketel Marte,466.0,-20.527853898150372,-1.0283153969052337,omallsh01,Shawn O'Malley,274.3333333333333,0.3840838747091974,gutiefr01,Franklin Gutierrez,283.0,3.5600586841704915,466.0,26.39000000000002,1.4123992716144311,0.0,Seattle Mariners,86,76,768.0,707.0
2016,OAK,AL,2B,lowrije01,Jed Lowrie,369.0,-11.738086026646961,0.36144594061935176,wendljo01,Joey Wendle,210.66666666666666,0.5501861629009,healyry01,Ryon Healy,283.0,9.440058684170488,369.0,24.046855123674913,0.1887402222815483,0.0,Oakland Athletics,69,93,653.0,761.0
2016,TEX,AL,OF,desmoia01,Ian Desmond,677.0,9.396465474146334,-0.6017249334734955,mazarno01,Nomar Mazara,1169.3333333333333,0.7221115903878457,gomezca01,Carlos Gomez,130.0,6.2153626464387415,677.0,22.971230769230807,1.3238365238613412,0.0,Texas Rangers,95,67,765.0,757.0
2016,ATL,NL,OF,markani01,Nick Markakis,684.0,4.016788404794598,0.2308320227723692,inciaen01,Ender Inciarte,1127.6666666666667,1.4995273148398893,reckean01,Anthony Recker,112.0,4.292924417159348,684.0,22.200714285714277,1.26869529206752,0.0,Atlanta Braves,68,93,649.0,779.0
2016,MIL,NL,2B,gennesc01,Scooter Gennett,541.0,-0.9891775921142383,-0.2201095014047198,hillaa01,Aaron Hill,150.0,0.9112104841386195,broxtke01,Keon Broxton,244.0,7.544585337382864,541.0,17.717131147541,1.1313199855433393,0.0,Milwaukee Brewers,73,89,671.0,733.0
2016,LAA,AL,2B,giavojo01,Johnny Giavotella,367.0,-11.47324545197679,-0.5133721136945599,pennicl01,Cliff Pennington,335.0,0.3645759584500739,sotoge01,Geovany Soto,86.0,1.3718552891825488,367.0,17.327558139534876,0.8779480721446338,0.0,Los Angeles Angels of Anaheim,74,88,717.0,727.0
2016,NYN,NL,C,darnatr01,Travis d'Arnaud,276.0,-9.117436257714465,0.4338505711621137,riverre01,Rene Rivera,481.6666666666667,0.5622387095679404,rivertj01,T. J. Rivera,113.0,3.217861242312555,276.0,16.976991150442476,0.12838813840582675,0.0,New York Mets,87,75,671.0,617.0
2016,HOU,AL,C,castrja01,Jason Castro,376.0,-6.890028037992569,-0.06926412849837192,gattiev01,Evan Gattis,445.3333333333333,0.6728005885496627,valbulu01,Luis Valbuena,342.0,8.392261731400389,376.0,16.116608187134517,0.7420647170480347,0.0,Houston Astros,84,78,724.0,701.0
2016,MIN,AL,C,suzukku01,Kurt Suzuki,373.0,-5.577767175987304,-0.10148346046764134,murphjr01,J. R. Murphy,207.33333333333334,0.2787323810728424,vargake01,Kennys Vargas,177.0,4.746609141689668,373.0,15.580508474576266,0.3802158415404837,0.0,Minnesota Twins,59,103,722.0,889.0
2016,BAL,AL,C,wietema01,Matt Wieters,464.0,-5.563013323480192,-0.0004685695023600722,josepca01,Caleb Joseph,355.3333333333333,0.24938712470786153,kimhy01,Hyun Soo Kim,346.0,7.322580582060027,464.0,15.382890173410402,0.2498556942102216,0.0,Baltimore Orioles,89,73,744.0,715.0
2016,KCA,AL,OF,gordoal01,Alex Gordon,506.0,-6.494665391553847,-0.15161301251082837,cainlo01,Lorenzo Cain,874.3333333333334,1.0157744775988218,buterdr01,Drew Butera,133.0,2.2131017844334817,506.0,14.914436090225589,1.1673874901096501,0.0,Kansas City Royals,81,81,675.0,712.0
2016,CHA,AL,C,navardi01,Dioner Navarro,298.0,-14.391245625855806,-0.5955724818695539,avilaal01,Alex Avila,453.0,-0.02256504790302451,morneju01,Justin Morneau,218.0,-1.557622639048879,298.0,12.262018348623853,0.5730074339665294,0.0,Chicago White Sox,78,84,686.0,715.0
2016,COL,NL,C,hundlni01,Nick Hundley,317.0,1.6749735735670859,-1.0857478058794447,garnedu01,Dustin Garneau,168.0,1.0626524005237485,dahlda01,David Dahl,237.0,9.99002756131041,317.0,11.687215189873422,2.1484002064031933,0.0,Colorado Rockies,75,87,845.0,860.0
2016,ARI,NL,OF,tomasya01,Yasmany Tomas,563.0,10.809432561256386,-1.4031524298145917,peralda01,David Peralta,385.0,0.9512733635011352,herrmch01,Chris Herrmann,166.0,6.429512975432598,563.0,10.996686746987903,2.354425793315727,0.0,Arizona Diamondbacks,69,93,752.0,890.0
2016,SLN,NL,2B,wongko01,Kolten Wong,361.0,-2.9378061196917367,0.7405256540548877,gyorkje01,Jedd Gyorko,337.6666666666667,1.1382101573124737,garcigr01,Greg Garcia,257.0,4.968764064374572,361.0,9.917276264591427,0.397684503257586,0.0,St. Louis Cardinals,86,76,779.0,712.0
2016,LAN,NL,C,grandya01,Yasmani Grandal,457.0,10.546129095016276,0.1577755099057323,ellisaj01,A. J. Ellis,373.6666666666667,0.6808444121498528,tolesan01,Andrew Toles,115.0,4.74773489261897,457.0,8.320956521739108,0.5230689022441205,0.0,Los Angeles Dodgers,91,71,725.0,638.0
2016,PHI,NL,C,ruppca01,Cameron Rupp,419.0,0.32852973919434714,0.21670110790079442,ruizca01,Carlos Ruiz,418.0,0.9706201992862348,josepto01,Tommy Joseph,347.0,6.903078328163333,419.0,8.006887608069158,0.7539190913854403,0.0,Philadelphia Phillies,71,91,610.0,796.0
2016,CIN,NL,SS,cozarza01,Zack Cozart,508.0,-1.3420928221701116,0.7076421439241682,dejesiv02,Ivan De Jesus,215.33333333333334,1.3743584732286684,perazjo01,Jose Peraza,256.0,2.7238272392213725,508.0,6.747187500000022,0.6667163293045002,0.0,Cincinnati Reds,68,94,716.0,854.0
2016,DET,AL,OF,uptonju01,Justin Upton,626.0,4.164900128235789,-0.3682981510925368,gosean01,Anthony Gose,238.0,0.8360860042154177,moyast01,Steven Moya,100.0,0.4179712664913391,626.0,-1.5484000000000062,1.2043841553079544,1.5484000000000062,Detroit Tigers,86,75,750.0,721.0
2016,TOR,AL,1B,smoakju01,Justin Smoak,341.0,-3.71031798126453,0.6869920345086807,encared01,Edwin Encarnacion,636.3333333333334,0.8331166875196062,barneda01,Darwin Barney,306.0,-4.900607924536496,341.0,-1.7508169934640496,0.14612465301092548,1.7508169934640496,Toronto Blue Jays,89,73,759.0,666.0
2016,BOS,AL,1B,ramirha01,Hanley Ramirez,620.0,24.89942185224632,0.6733692288115429,shawtr01,Travis Shaw,289.6666666666667,1.5939230776223918,leonsa01,Sandy Leon,283.0,9.500058684170483,620.0,-4.086572438162578,0.9205538488108489,4.086572438162578,Boston Red Sox,93,69,878.0,694.0
2017,ARI,NL,OF,peralda01,David Peralta,577.0,9.08512987923982,0.23527617372635984,polloaj01,AJ Pollock,873.3333333333334,0.8114471361124619,martijd02,J. D. Martinez,257.0,27.34926928763369,577.0,52.31770428015566,0.576170962386102,0.0,Arizona Diamondbacks,93,69,812.0,659.0
2017,LAA,AL,C,maldoma01,Martin Maldonado,471.0,-18.96849690567994,0.811504480244519,grateju01,Juan Graterol,245.0,0.976445698518383,uptonju01,Justin Upton,115.0,5.4922353627320755,471.0,41.46278260869566,0.164941218273864,0.0,Los Angeles Angels of Anaheim,80,82,710.0,709.0
2017,DET,AL,C,mccanja02,James McCann,391.0,-2.5843997667109466,0.16997653635330368,avilaal01,Alex Avila,405.3333333333333,0.8733402121300334,martijd02,J. D. Martinez,232.0,19.243118296989923,391.0,35.015689655172416,0.7033636757767298,0.0,Detroit Tigers,64,98,735.0,894.0
2017,PHI,NL,C,ruppca01,Cameron Rupp,331.0,-4.05775045055739,-0.6069887612267187,knappan01,Andrew Knapp,448.3333333333333,-0.33107206630513225,hoskirh01,Rhys Hoskins,212.0,17.573132641939075,331.0,31.495047169811325,0.2759166949215865,0.0,Philadelphia Phillies,66,96,690.0,782.0
2017,OAK,AL,OF,joycema01,Matt Joyce,544.0,9.902139455010847,-0.44434134763413774,powelbo02,Boog Powell,197.33333333333334,1.0040233710104007,olsonma02,Matt Olson,216.0,15.413937724783718,544.0,28.91814814814814,1.4483647186445385,0.0,Oakland Athletics,75,87,739.0,826.0
2017,CHN,NL,2B,zobribe01,Ben Zobrist,496.0,-8.361916083010467,-0.14833105473193262,baezja01,Javier Baez,503.6666666666667,-0.14489006449996508,lasteto01,Tommy La Stella,149.0,6.16654133796661,496.0,28.88946308724831,0.0034409902319675334,0.0,Chicago Cubs,92,70,822.0,695.0
2017,SLN,NL,C,molinya01,Yadier Molina,543.0,-0.6646178086183152,0.6240690659985045,kellyca02,Carson Kelly,162.0,1.3037014420187276,martijo08,Jose Martinez,307.0,15.54831000507215,543.0,28.165374592833878,0.6796323760202231,0.0,St. Louis Cardinals,83,79,761.0,705.0
2017,CIN,NL,OF,duvalad01,Adam Duvall,647.0,3.9357868836536714,-0.17126192388871278,hamilbi02,Billy Hamilton,1175.3333333333333,0.8745308097233362,winkeje01,Jesse Winker,137.0,6.439571565781382,647.0,26.47591240875913,1.045792733612049,0.0,Cincinnati Reds,68,94,753.0,869.0
2017,CHA,AL,2B,sanchca01,Carlos Sanchez,534.0,-6.281098402618015,0.19974593814513278,saladty01,Tyler Saladino,217.66666666666666,1.9867739228986028,delmoni01,Nick Delmonico,166.0,6.21774843663934,534.0,26.282771084337337,1.78702798475347,0.0,Chicago White Sox,67,95,706.0,820.0
2017,TEX,AL,1B,napolmi01,Mike Napoli,484.0,-8.337287690762398,-0.2962565318873427,gallojo01,Joey Gallo,458.3333333333333,0.5792705577782407,chiriro01,Robinson Chirinos,309.0,11.281049800732271,484.0,26.007281553398062,0.8755270896655833,0.0,Texas Rangers,78,84,799.0,816.0
2017,TBA,AL,2B,millebr02,Brad Miller,407.0,-8.445219194504746,-1.3296718336472453,roberda10,Daniel Robertson,319.3333333333333,-0.1037946194663002,rasmuco01,Colby Rasmus,129.0,5.232768363412499,407.0,24.954806201550383,1.225877214180945,0.0,Tampa Bay Rays,80,82,694.0,704.0
2017,MIL,NL,SS,arciaor01,Orlando Arcia,548.0,-3.67171373687448,0.9672068638327089,sogarer01,Eric Sogard,159.66666666666666,1.776901457925652,walkene01,Neil Walker,149.0,5.516541337966611,548.0,23.96073825503356,0.809694594092943,0.0,Milwaukee Brewers,86,76,732.0,697.0
2017,CLE,AL,2B,kipnija01,Jason Kipnis,373.0,-6.34222791044292,-0.8344227121732244,gonzaer01,Erik Gonzalez,201.0,0.751916909224865,jacksau01,Austin Jackson,318.0,13.18496387259825,373.0,21.80761006289307,1.5863396213980894,0.0,Cleveland Indians,102,60,818.0,564.0
2017,NYN,NL,C,darnatr01,Travis d'Arnaud,376.0,-3.461613804862777,0.1654185191004578,riverre01,Rene Rivera,421.3333333333333,0.8625553308708085,cespeyo01,Yoenis Cespedes,321.0,13.376441405954898,376.0,19.129968847352004,0.6971368117703507,0.0,New York Mets,70,92,735.0,863.0
2017,BOS,AL,C,vazquch01,Christian Vazquez,345.0,-1.783293911803776,0.01610104156433112,leonsa01,Sandy Leon,699.3333333333334,0.24346086709851344,nunezed02,Eduardo Nunez,173.0,7.533014936979555,345.0,16.805780346820807,0.22735982553418232,0.0,Boston Red Sox,93,69,785.0,668.0
2017,SDN,NL,3B,spangco01,Cory Spangenberg,486.0,-3.417724226498173,-0.2994508179917843,solarya01,Yangervis Solarte,156.66666666666666,0.620040951171587,pireljo01,Jose Pirela,344.0,8.819800135976605,486.0,15.87825581395349,0.9194917691633713,0.0,San Diego Padres,71,91,604.0,816.0
2017,ATL,NL,3B,garciad01,Adonis Garcia,183.0,-7.623710974175237,-0.7172810546302969,ruizri01,Rio Ruiz,337.3333333333333,0.8477356654430603,suzukku01,Kurt Suzuki,309.0,12.759471633769689,183.0,15.180291262135928,1.5650167200733573,0.0,Atlanta Braves,72,90,732.0,821.0
2017,SEA,AL,OF,gamelbe01,Ben Gamel,550.0,-3.5119178304118197,-0.4336700738516398,heredgu01,Guillermo Heredia,937.0,0.9591144187757392,alonsyo01,Yonder Alonso,150.0,2.3685678644331394,550.0,12.196666666666664,1.3927844926273791,0.0,Seattle Mariners,78,84,750.0,772.0
2017,WAS,NL,OF,taylomi02,Michael Taylor,432.0,6.78091179866831,0.9173722585622484,eatonad02,Adam Eaton,200.66666666666666,1.0857381210449055,lindad01,Adam Lind,301.0,12.52482511897952,432.0,11.194916943521564,0.16836586248265717,0.0,Washington Nationals,97,65,819.0,672.0
2017,NYA,AL,1B,cartech02,Chris Carter,208.0,-6.790652561319381,-0.45559950276797145,birdgr01,Greg Bird,360.6666666666667,1.3828847388727854,frazito01,Todd Frazier,241.0,4.417032368855911,208.0,10.602863070539419,1.838484241640757,0.0,New York Yankees,91,71,858.0,660.0
2017,SFN,NL,OF,pencehu01,Hunter Pence,539.0,-9.276941066013404,0.8144000912384779,nunezed02,Eduardo Nunez,163.66666666666666,0.9637701871315516,slateau01,Austin Slater,127.0,-0.31623657770631297,539.0,7.934803149606296,0.1493700958930737,0.0,San Francisco Giants,64,98,639.0,776.0
2017,MIN,AL,SS,polanjo01,Jorge Polanco,544.0,-5.207860544989153,-0.6829241298470006,adriaeh01,Ehire Adrianza,212.33333333333334,0.5022606997496553,gimench01,Chris Gimenez,225.0,0.07785179664971498,544.0,5.396088888888909,1.1851848295966558,0.0,Minnesota Twins,85,77,815.0,788.0
2017,PIT,NL,C,cervefr01,Francisco Cervelli,304.0,-2.9734324379741635,-0.5566619106366434,diazel01,Elias Diaz,407.3333333333333,-0.06119413802526108,martest01,Starling Marte,339.0,-0.8731039357672401,304.0,2.1904719764011813,0.4954677726113823,0.0,Pittsburgh Pirates,75,87,668.0,731.0
2017,LAN,NL,C,grandya01,Yasmani Grandal,482.0,0.5299525161067553,-0.09555032581668922,barneau01,Austin Barnes,438.3333333333333,0.05532552941986026,tolesan01,Andrew Toles,102.0,-0.10075693642554273,482.0,-1.0060784313725553,0.15087585523654948,1.0060784313725553,Los Angeles Dodgers,104,58,770.0,580.0
2017,MIA,NL,3B,dietrde01,Derek Dietrich,464.0,1.639497857828914,-0.5726738612070289,pradoma01,Martin Prado,280.0,0.8735177550280826,rojasmi02,Miguel Rojas,306.0,0.2977291907233699,464.0,-1.188039215686288,1.4461916162351116,1.188039215686288,Miami Marlins,77,85,778.0,822.0
2017,TOR,AL,3B,donaljo02,Josh Donaldson,496.0,29.504597738392256,-0.10974753342053153,barneda01,Darwin Barney,294.6666666666667,0.26163530911270594,hernate01,Teoscar Hernandez,95.0,3.4757596474743235,496.0,-11.357473684210524,0.3713828425332375,11.357473684210524,Toronto Blue Jays,76,86,693.0,784.0
2017,HOU,AL,SS,correca01,Carlos Correa,481.0,29.15474095194893,-0.1154890101432964,gonzama01,Marwin Gonzalez,281.3333333333333,0.4178477314625902,marisja01,Jake Marisnick,259.0,4.22486051258788,481.0,-21.30857142857144,0.5333367416058866,21.30857142857144,Houston Astros,101,61,896.0,700.0
2017,KCA,AL,3B,moustmi01,Mike Moustakas,598.0,12.595623886206795,0.06956021866763165,cuthbch01,Cheslor Cuthbert,281.0,0.11803304202552989,cabreme01,Melky Cabrera,238.0,-5.120938988432746,598.0,-25.462521008403357,0.04847282335789824,25.462521008403357,Kansas City Royals,80,82,702.0,791.0
2018,NYA,AL,OF,gardnbr01,Brett Gardner,609.0,-4.173434054317786,-0.11123560273490964,hicksaa01,Aaron Hicks,1138.3333333333333,0.11579035855772615,voitlu01,Luke Voit,148.0,16.373566108310296,609.0,71.54844594594596,0.2270259612926358,0.0,New York Yankees,100,62,851.0,669.0
2018,TBA,AL,3B,duffyma01,Matt Duffy,560.0,1.6305204098227275,0.3655882479357971,wendljo01,Joey Wendle,154.33333333333334,1.6574984231585028,phamth01,Tommy Pham,174.0,19.56473312733778,560.0,61.336436781609216,1.2919101752227058,0.0,Tampa Bay Rays,90,72,716.0,646.0
2018,KCA,AL,SS,escobal02,Alcides Escobar,531.0,-23.926935111400226,0.22004309779368336,mondera02,Adalberto Mondesi,518.6666666666666,1.2875684771687748,ohearry01,Ryan O'Hearn,170.0,10.783015124410472,531.0,57.60799999999999,1.0675253793750914,0.0,Kansas City Royals,58,104,638.0,833.0
2018,PHI,NL,SS,kingesc01,Scott Kingery,484.0,-19.43085405382123,-0.2031975695327763,cabreas01,Asdrubal Cabrera,204.33333333333334,0.13475442489884715,ramoswi01,Wilson Ramos,101.0,5.555049050752183,484.0,46.0510891089109,0.33795199443162344,0.0,Philadelphia Phillies,80,82,677.0,728.0
2018,BOS,AL,2B,nunezed02,Eduardo Nunez,502.0,-11.044390632623195,-1.100071160724292,holtbr01,Brock Holt,445.3333333333333,0.09432147051615525,pearcst01,Steve Pearce,165.0,9.475867620751337,502.0,39.873999999999995,1.1943926312404471,0.0,Boston Red Sox,108,54,876.0,647.0
2018,TOR,AL,3B,solarya01,Yangervis Solarte,506.0,-15.822672629695887,-0.22971380563226818,donaljo02,Josh Donaldson,217.0,0.30629802587466065,pearcst01,Steve Pearce,86.0,3.4469370629370624,506.0,36.10348837209302,0.5360118315069289,0.0,Toronto Blue Jays,73,89,709.0,832.0
2018,MIN,AL,OF,keplema01,Max Kepler,611.0,-1.962575052854124,0.5605328770206552,buxtoby01,Byron Buxton,232.0,1.139431578940794,astudwi01,Willians Astudillo,97.0,4.736661570987151,611.0,31.798659793814426,0.5788987019201388,0.0,Minnesota Twins,78,84,738.0,775.0
2018,SDN,NL,2B,pireljo01,Jose Pirela,473.0,-12.3783346435071,-0.6578138597039926,asuajca01,Carlos Asuaje,409.3333333333333,0.7382807138951206,reyesfr01,Franmil Reyes,285.0,9.725633460043289,473.0,28.51947368421052,1.3960945735991133,0.0,San Diego Padres,66,96,617.0,767.0
2018,CLE,AL,1B,alonsyo01,Yonder Alonso,574.0,0.2865334200683112,-0.6199747355992079,encared01,Edwin Encarnacion,190.0,0.08131387038133109,chiselo01,Lonnie Chisenhall,95.0,3.9658025695234977,574.0,23.67526315789472,0.701288605980539,0.0,Cleveland Indians,91,71,818.0,648.0
2018,HOU,AL,1B,gourryu01,Yuli Gurriel,573.0,2.831103919336485,0.3503757853583535,gonzama01,Marwin Gonzalez,176.0,1.352399468721058,whitety01,Tyler White,237.0,10.726791673442836,573.0,23.1032911392405,1.0020236833627045,0.0,Houston Astros,103,59,797.0,534.0
2018,BAL,AL,C,josepca01,Caleb Joseph,280.0,-15.909739795088637,-0.2859318153167294,siscoch01,Chance Sisco,385.3333333333333,0.6632536265712402,nunezre01,Renato Nunez,220.0,3.204490161001793,280.0,19.988181818181825,0.9491854418879696,0.0,Baltimore Orioles,47,115,622.0,892.0
2018,CHN,NL,SS,russead02,Addison Russell,465.0,-8.139229617824114,0.28955226465904044,baezja01,Javier Baez,462.6666666666667,0.4036847090343552,murphda08,Daniel Murphy,146.0,3.543833281285329,465.0,19.42609589041095,0.11413244437531478,0.0,Chicago Cubs,95,68,761.0,645.0
2018,MIA,NL,OF,brinsle01,Lewis Brinson,405.0,-21.930941925201644,0.5241875715769689,gallois01,Isaac Galloway,155.33333333333334,1.5021174746950796,maybica01,Cameron Maybin,287.0,-2.6366427963774637,405.0,18.21024390243902,0.9779299031181107,0.0,Miami Marlins,63,98,589.0,809.0
2018,NYN,NL,1B,florewi01,Wilmer Flores,429.0,2.081742997749358,0.5539378234307327,gonzaad01,Adrian Gonzalez,396.6666666666667,1.0578739113666147,mcneije01,Jeff McNeil,248.0,11.457744203827149,429.0,17.738306451612928,0.503936087935882,0.0,New York Mets,77,85,676.0,707.0
2018,PIT,NL,2B,harrijo05,Josh Harrison,374.0,-7.965659950680024,-0.05129186035827314,fraziad01,Adam Frazier,392.3333333333333,-0.004527806410255075,meadoau01,Austin Meadows,165.0,3.802208845288221,374.0,16.583999999999993,0.04676405394801807,0.0,Pittsburgh Pirates,82,79,692.0,693.0
2018,LAA,AL,3B,valbulu01,Luis Valbuena,288.0,-14.17630378923402,-0.8398233503327371,fletcda02,David Fletcher,216.66666666666666,1.264250885093169,riverre01,Rene Rivera,87.0,-0.7576334363311126,288.0,11.668275862068956,2.104074235425906,0.0,Los Angeles Angels of Anaheim,80,82,721.0,722.0
2018,ARI,NL,3B,lambja01,Jake Lamb,238.0,-4.9108745140691035,0.34546937560571533,marrede01,Deven Marrero,188.66666666666666,1.2981698022669423,escobed01,Eduardo Escobar,223.0,3.4261974090865075,238.0,8.56753363228699,0.952700426661227,0.0,Arizona Diamondbacks,82,80,693.0,644.0
2018,SLN,NL,OF,ozunama01,Marcell Ozuna,627.0,6.596393612095222,-0.2525071033086824,baderha01,Harrison Bader,915.0,1.0164331125517796,oneilty01,Tyler O'Neill,142.0,3.298385794126831,627.0,7.967605633802829,1.2689402158604621,0.0,St. Louis Cardinals,88,74,759.0,691.0
2018,MIL,NL,2B,villajo01,Jonathan Villar,279.0,-0.8875377706944647,-0.8672609659343149,shawtr01,Travis Shaw,268.0,0.512077791982221,thameer01,Eric Thames,278.0,5.5036003575159125,279.0,6.4109352517985645,1.379338757916536,0.0,Milwaukee Brewers,96,67,754.0,659.0
2018,OAK,AL,OF,piscost01,Stephen Piscotty,605.0,15.844847942754917,-0.3060612282867226,laurera01,Ramon Laureano,385.6666666666667,0.6945158433259548,martini02,Nick Martini,179.0,5.9518806309969055,605.0,4.2718435754189805,1.0005770716126774,0.0,Oakland Athletics,97,65,813.0,674.0
2018,SFN,NL,3B,longoev01,Evan Longoria,512.0,-7.242721643711724,-0.35867344896476205,sandopa01,Pablo Sandoval,256.0,0.6020396604824533,duggast01,Steven Duggar,152.0,-1.2329954879769076,512.0,3.089473684210562,0.9607131094472153,0.0,San Francisco Giants,73,89,603.0,699.0
2018,DET,AL,OF,casteni01,Nick Castellanos,678.0,25.221201496178235,0.06351488813651056,martile01,Leonys Martin,638.3333333333334,1.6707308400598115,cabremi01,Miguel Cabrera,157.0,6.472431614896729,678.0,2.7298089171974502,1.607215951923301,0.0,Detroit Tigers,64,98,630.0,796.0
2018,LAN,NL,OF,puigya01,Yasiel Puig,444.0,13.294671074593765,-1.5515639570629842,bellico01,Cody Bellinger,507.6666666666667,0.5858517412664237,machama01,Manny Machado,296.0,9.893114049729176,444.0,1.5449999999999982,2.137415698329408,0.0,Los Angeles Dodgers,92,71,804.0,610.0
2018,CHA,AL,1B,abreujo02,Jose Abreu,553.0,10.712513904699962,-0.3217132705556558,davidma02,Matt Davidson,376.3333333333333,0.17573737197228217,narvaom01,Omar Narvaez,322.0,6.478299235648082,553.0,0.41326086956522257,0.49745064252793797,0.0,Chicago White Sox,62,100,656.0,848.0
2018,WAS,NL,1B,zimmery01,Ryan Zimmerman,323.0,9.652384588049047,0.8885217125085944,adamsma01,Matt Adams,377.6666666666667,0.9664283612838062,reynoma01,Mark Reynolds,235.0,5.752539870562009,323.0,-1.7457021276595626,0.0779066487752118,1.7457021276595626,Washington Nationals,82,80,771.0,682.0
2018,SEA,AL,OF,hanigmi01,Mitch Haniger,683.0,29.088348999837365,-0.20832389312543004,maybica01,Cameron Maybin,215.66666666666666,0.8604726726369648,canoro01,Robinson Cano,348.0,13.10946625467555,683.0,-3.3591379310344918,1.0687965657623948,3.3591379310344918,Seattle Mariners,89,73,677.0,711.0
2018,ATL,NL,OF,markani01,Nick Markakis,705.0,21.07761961168601,0.3043721703370641,inciaen01,Ender Inciarte,1341.0,0.9350301342428289,culbech01,Charlie Culberson,322.0,6.2435227162594344,705.0,-7.407795031055882,0.6306579639057648,7.407795031055882,Atlanta Braves,90,72,759.0,657.0
2018,TEX,AL,1B,guzmaro01,Ronald Guzman,428.0,-2.3661736867783327,0.07737862085086739,profaju01,Jurickson Profar,173.66666666666666,1.352399468721058,calhowi01,Willie Calhoun,108.0,-4.76361392096276,428.0,-16.511851851851866,1.2750208478701908,16.511851851851866,Texas Rangers,67,95,737.0,848.0
2019,TEX,AL,C,mathije01,Jeff Mathis,244.0,-26.853490761295028,-0.48706335968029135,trevijo01,Jose Trevino,297.6666666666667,1.01771065565675,gallojo01,Joey Gallo,297.0,20.43587395039089,244.0,43.642558922558926,1.5047740153370412,0.0,Texas Rangers,78,84,810.0,878.0
2019,TOR,AL,OF,grichra01,Randal Grichuk,628.0,-8.804886057759324,0.1571351484116216,hernate01,Teoscar Hernandez,992.0,0.5539776013948503,bichebo01,Bo Bichette,212.0,10.037458846743661,628.0,38.538490566037716,0.39684245298322873,0.0,Toronto Blue Jays,67,95,726.0,828.0
2019,SEA,AL,OF,smithma05,Mallex Smith,566.0,-16.768671192184357,0.49398317679629444,hanigmi01,Mitch Haniger,539.3333333333334,1.1414080013397083,encared01,Edwin Encarnacion,289.0,11.05861135240056,566.0,38.42671280276815,0.6474248245434139,0.0,Seattle Mariners,68,94,758.0,893.0
2019,COL,NL,2B,mcmahry01,Ryan McMahon,539.0,4.40000611542051,0.21854252551501901,hampsga01,Garrett Hampson,359.3333333333333,0.2729005874495105,hillisa01,Sam Hilliard,87.0,6.7570510798545165,539.0,37.462643678160916,0.0543580619344915,0.0,Colorado Rockies,71,91,835.0,958.0
2019,CHN,NL,OF,heywaja01,Jason Heyward,589.0,5.123828575107019,-0.32727624508071396,almoral01,Albert Almora,765.3333333333334,0.6591682109535962,casteni01,Nick Castellanos,225.0,16.247201068589266,589.0,37.407733333333326,0.9864444560343102,0.0,Chicago Cubs,84,78,814.0,717.0
2019,CIN,NL,2B,perazjo01,Jose Peraza,403.0,-17.901590974926776,-0.38634280562405554,dietrde01,Derek Dietrich,355.3333333333333,0.6006209575281138,aquinar01,Aristides Aquino,225.0,9.737201068589268,403.0,35.342000000000006,0.9869637631521694,0.0,Cincinnati Reds,75,87,701.0,711.0
2019,PIT,NL,2B,fraziad01,Adam Frazier,608.0,-1.1799188902121056,0.32415060956361225,newmake01,Kevin Newman,157.66666666666666,0.9330239823214896,dickeco01,Corey Dickerson,142.0,7.897255785509676,608.0,34.99352112676058,0.6088733727578775,0.0,Pittsburgh Pirates,69,93,758.0,911.0
2019,HOU,AL,OF,reddijo01,Josh Reddick,547.0,-5.534669862411398,-0.4121223098239668,marisja01,Jake Marisnick,733.0,0.7417740573830665,correca01,Carlos Correa,321.0,16.347661744361865,547.0,33.39190031152648,1.1538963672070333,0.0,Houston Astros,107,55,920.0,640.0
2019,WAS,NL,2B,doziebr01,Brian Dozier,482.0,2.541248511377903,-0.45526914979271504,kendrho01,Howie Kendrick,165.66666666666666,0.17529275615036036,cabreas01,Asdrubal Cabrera,146.0,10.344361582284591,482.0,31.609315068493142,0.6305619059430754,0.0,Washington Nationals,93,69,873.0,724.0
2019,PHI,NL,3B,francma02,Maikel Franco,428.0,-7.639679745083532,0.23012255409133836,kingesc01,Scott Kingery,306.3333333333333,0.9553695441944103,millebr02,Brad Miller,130.0,6.9959383951849095,428.0,30.67246153846154,0.725246990103072,0.0,Philadelphia Phillies,81,81,774.0,794.0
2019,SFN,NL,2B,panikjo01,Joe Panik,388.0,-14.170737712832722,0.6028195673524133,solando01,Donovan Solano,251.0,1.2690053999655224,dickeal01,Alex Dickerson,171.0,6.32627281212785,388.0,28.52508771929825,0.6661858326131092,0.0,San Francisco Giants,77,85,678.0,773.0
2019,LAN,NL,C,barneau01,Austin Barnes,242.0,-8.22509929511732,-0.2266288202886649,smithwi05,Will Smith,403.0,0.5503916010988091,freesda01,David Freese,186.0,14.545419550033795,242.0,27.149784946236558,0.7770204213874741,0.0,Los Angeles Dodgers,106,56,886.0,613.0
2019,CLE,AL,OF,mercaos01,Oscar Mercado,482.0,0.30007152891721844,-0.13148703918932333,naquity01,Tyler Naquin,649.6666666666666,0.96094029443398,luplojo01,Jordan Luplow,261.0,12.998192259434418,482.0,23.704252873563203,1.0924273336233032,0.0,Cleveland Indians,93,69,769.0,657.0
2019,ATL,NL,SS,swansda01,Dansby Swanson,545.0,-0.7143351894171044,0.4300436264668913,camarjo01,Johan Camargo,192.66666666666666,1.0823218484494732,joycema01,Matt Joyce,238.0,9.697794908107756,545.0,22.921470588235287,0.6522782219825819,0.0,Atlanta Braves,97,65,855.0,743.0
2019,SLN,NL,C,molinya01,Yadier Molina,452.0,-5.577044964434009,0.6342977602703627,wietema01,Matt Wieters,386.6666666666667,0.7713513576296749,edmanto01,Tommy Edman,349.0,12.577480768611803,452.0,21.866504297994283,0.13705359735931222,0.0,St. Louis Cardinals,91,71,764.0,662.0
2019,ARI,NL,OF,jonesad01,Adam Jones,527.0,-5.331311274904241,-0.6790066236600789,peralda01,David Peralta,806.0,0.6364041233672791,florewi01,Wilmer Flores,285.0,8.543788020213078,527.0,21.12982456140351,1.3154107470273582,0.0,Arizona Diamondbacks,85,77,813.0,743.0
2019,LAA,AL,SS,simmoan01,Andrelton Simmons,424.0,-11.405082306512668,0.5504303654488939,fletcda02,David Fletcher,246.33333333333334,0.8707134713390355,lasteto01,Tommy La Stella,315.0,6.674714795869115,424.0,20.3894603174603,0.32028310589014164,0.0,Los Angeles Angels of Anaheim,72,90,769.0,868.0
2019,NYN,NL,2B,canoro01,Robinson Cano,423.0,-3.5960619910521707,-0.05148186038652894,hechaad01,Adeiny Hechavarria,184.0,0.33688842971117916,smithdo02,Dominic Smith,197.0,6.997460491164833,423.0,18.62106598984772,0.38837029009770807,0.0,New York Mets,86,76,791.0,737.0
2019,MIL,NL,3B,moustmi01,Mike Moustakas,584.0,15.44744632913837,-0.3288102893619349,shawtr01,Travis Shaw,513.0,0.5004676963796265,hiurake01,Keston Hiura,348.0,20.218204319418064,584.0,18.481954022988493,0.8292779857415614,0.0,Milwaukee Brewers,89,73,769.0,766.0
2019,SDN,NL,C,hedgeau01,Austin Hedges,347.0,-21.811072129775656,0.11593479342246,mejiafr01,Francisco Mejia,463.0,0.2100992956476975,naylojo01,Josh Naylor,279.0,-3.5318706749492987,347.0,17.4183870967742,0.09416450222523749,0.0,San Diego Padres,70,92,682.0,789.0
2019,OAK,AL,C,phegljo01,Josh Phegley,342.0,-9.042023935913525,-0.1265302789937395,hundlni01,Nick Hundley,195.33333333333334,0.6873467334733947,brownse01,Seth Brown,83.0,1.754099454149641,342.0,16.269759036144578,0.8138770124671342,0.0,Oakland Athletics,97,65,845.0,680.0
2019,DET,AL,C,greingr01,Grayson Greiner,224.0,-15.436647256270845,-0.2975201551575618,hicksjo02,John Hicks,494.3333333333333,0.6478380106979097,reyesvi01,Victor Reyes,292.0,0.8800848266469252,224.0,16.1117808219178,0.9453581658554715,0.0,Detroit Tigers,47,114,582.0,915.0
2019,BAL,AL,1B,davisch02,Chris Davis,352.0,-17.380445688425617,0.40354215383422215,mancitr01,Trey Mancini,449.3333333333333,1.567623214058091,severpe01,Pedro Severino,341.0,-2.109181760662305,352.0,15.203225806451625,1.164081060223869,0.0,Baltimore Orioles,54,108,729.0,981.0
2019,NYA,AL,OF,gardnbr01,Brett Gardner,550.0,11.366803611834987,0.4885759198382092,judgeaa01,Aaron Judge,775.3333333333334,0.5660591322028813,fordmi01,Mike Ford,163.0,7.096725434052906,550.0,12.5792024539877,0.0774832123646721,0.0,New York Yankees,103,59,943.0,739.0
2019,MIA,NL,OF,ramirha02,Harold Ramirez,445.0,-5.071980108790106,1.1216642954875469,puellce01,Cesar Puello,213.66666666666666,2.009279799980565,bertijo01,Jon Berti,287.0,3.0923409186005273,445.0,9.86672473867594,0.8876155044930183,0.0,Miami Marlins,57,105,615.0,808.0
2019,MIN,AL,1B,croncj01,C. J. Cron,499.0,1.1817545496466444,-0.09668545035836396,gonzama01,Marwin Gonzalez,160.33333333333334,0.13861336081775544,buxtoby01,Byron Buxton,295.0,6.2415583008933115,499.0,9.376000000000008,0.2352988111761194,0.0,Minnesota Twins,101,61,939.0,754.0
2019,KCA,AL,C,maldoma01,Martin Maldonado,263.0,-9.137492091068003,0.39523049073658806,vilorme01,Meibrys Viloria,345.3333333333333,0.6592259607398359,mcbrory01,Ryan McBroom,83.0,-0.6159005458503564,263.0,7.185903614457837,0.2639954700032478,0.0,Kansas City Royals,59,103,691.0,869.0
2019,TBA,AL,3B,diazya01,Yandy Diaz,347.0,5.683765187830433,-0.522177995827343,roberda10,Daniel Robertson,284.3333333333333,0.37490206398416803,lowebr01,Brandon Lowe,327.0,9.35060869285461,347.0,4.238746177370024,0.8970800598115111,0.0,Tampa Bay Rays,96,66,769.0,656.0
2019,CHA,AL,OF,garcile02,Leury Garcia,618.0,-14.86646430524724,-0.9635207951396982,engelad01,Adam Engel,608.3333333333334,0.18517851207231698,goinsry01,Ryan Goins,163.0,-3.9232745659470867,618.0,-0.008282208588955155,1.1486993072120153,0.008282208588955155,Chicago White Sox,72,89,708.0,832.0
2020,PIT,NL,OF,reynobr01,Bryan Reynolds,207.0,-8.443654443004792,-0.29800280640877375,tuckeco01,Cole Tucker,247.66666666666666,0.3232731998657069,hayeske01,Ke'Bryan Hayes,95.0,11.485037816012293,207.0,33.46894736842105,0.6212760062744807,0.0,Pittsburgh Pirates,19,41,219.0,298.0
2020,WAS,NL,1B,thameer01,Eric Thames,140.0,-5.3483653237713575,-0.3521865074377673,cabreas01,Asdrubal Cabrera,198.66666666666666,0.8885118027292782,sotoju01,Juan Soto,196.0,27.222288546720108,140.0,24.792857142857148,1.2406983101670455,0.0,Washington Nationals,26,34,293.0,301.0
2020,ATL,NL,OF,duvalad01,Adam Duvall,209.0,4.097083195227043,-0.9253277857229381,acunaro01,Ronald Acuña,376.6666666666667,0.9188815490485479,freemfr01,Freddie Freeman,262.0,29.99663060837076,209.0,19.831526717557267,1.8442093347714859,0.0,Atlanta Braves,35,25,348.0,288.0
2020,CLE,AL,OF,naquity01,Tyler Naquin,141.0,-6.070511957697391,0.34220220043553945,deshide02,Delino DeShields,285.0,1.2536676480699596,ramirjo01,Jose Ramirez,254.0,20.956099026559304,141.0,17.703622047244092,0.9114654476344202,0.0,Cleveland Indians,35,25,248.0,209.0
2020,LAA,AL,1B,pujolal01,Albert Pujols,163.0,-4.5882514120898925,-0.7077411433915558,walshja01,Jared Walsh,203.0,0.24662342100373502,troutmi01,Mike Trout,241.0,19.159763249609423,163.0,17.546929460580913,0.9543645643952908,0.0,Los Angeles Angels of Anaheim,26,34,294.0,321.0
2020,NYN,NL,SS,rosaram01,Amed Rosario,147.0,-6.525783589959925,-0.37879786553674116,gimenan01,Andres Gimenez,182.0,0.5971924130964628,smithdo02,Dominic Smith,199.0,14.863395004067861,147.0,17.505276381909553,0.975990278633204,0.0,New York Mets,26,34,286.0,308.0
2020,KCA,AL,OF,merriwh01,Whit Merrifield,265.0,3.0222292993630564,-0.11808299196602469,gordoal01,Alex Gordon,391.0,0.08572599252787783,perezsa02,Salvador Perez,156.0,11.976029323398627,265.0,17.321666666666662,0.2038089844939025,0.0,Kansas City Royals,26,34,248.0,272.0
2020,MIN,AL,OF,rosared01,Eddie Rosario,231.0,3.6687357288787474,-0.911836694073553,buxtoby01,Byron Buxton,313.3333333333333,1.5902499887379808,cruzne02,Nelson Cruz,214.0,17.191988943636577,231.0,14.888971962616813,2.502086682811534,0.0,Minnesota Twins,36,24,269.0,215.0
2020,SFN,NL,C,bartjo01,Joey Bart,111.0,-5.219061078133003,-0.3720807308247076,trompch01,Chadwick Tromp,160.33333333333334,-0.20077180093155853,beltbr01,Brandon Belt,179.0,15.276018621749479,111.0,14.69189944134078,0.17130892989314908,0.0,San Francisco Giants,29,31,299.0,297.0
2020,DET,AL,OF,reyesvi01,Victor Reyes,213.0,-1.793113808436483,0.4441861292266961,jonesja07,JaCoby Jones,233.0,0.6533493024465504,castrwi01,Willi Castro,140.0,8.364385290229539,213.0,14.518928571428567,0.20916317321985434,0.0,Detroit Tigers,23,35,249.0,318.0
2020,BAL,AL,C,severpe01,Pedro Severino,178.0,-1.2217101309938712,-0.745615341324839,siscoch01,Chance Sisco,184.0,0.04916907088999193,iglesjo01,Jose Iglesias,150.0,10.795412810960222,178.0,14.032266666666668,0.7947844122148309,0.0,Baltimore Orioles,25,35,274.0,294.0
2020,CIN,NL,OF,casteni01,Nick Castellanos,242.0,0.48925422605237934,-1.6372155412369875,akiyash01,Shogo Akiyama,381.0,0.4989344781463403,winkeje01,Jesse Winker,183.0,10.937493898213157,242.0,13.974535519125675,2.1361500193833276,0.0,Cincinnati Reds,31,29,243.0,243.0
2020,MIA,NL,OF,dickeco01,Corey Dickerson,209.0,-3.172916804772946,-1.1565598569567417,brinsle01,Lewis Brinson,263.0,-0.03559990776348401,rojasmi02,Miguel Rojas,143.0,7.282741133576397,209.0,13.816923076923064,1.1209599491932576,0.0,Miami Marlins,31,29,263.0,304.0
2020,NYA,AL,OF,hicksaa01,Aaron Hicks,211.0,6.146680687417377,-0.1724539188092914,tauchmi01,Mike Tauchman,248.0,0.657109479902809,lemahdj01,DJ LeMahieu,216.0,19.99219444778272,211.0,13.382731481481484,0.8295633987121004,0.0,New York Yankees,33,27,315.0,270.0
2020,HOU,AL,OF,reddijo01,Josh Reddick,209.0,-2.4435248167287567,-0.7636186570901029,brantmi02,Michael Brantley,158.33333333333334,0.6168567220264803,springe01,George Springer,220.0,10.562605456074994,209.0,12.478000000000002,1.3804753791165831,0.0,Houston Astros,29,31,279.0,275.0
2020,COL,NL,1B,murphda08,Daniel Murphy,131.0,-6.41168469581463,-1.1689648544438964,fuentjo01,Joshua Fuentes,196.33333333333334,1.0974129531831773,storytr01,Trevor Story,259.0,11.585524151022986,131.0,12.271544401544402,2.266377807627074,0.0,Colorado Rockies,26,34,275.0,353.0
2020,ARI,NL,C,kellyca02,Carson Kelly,129.0,-5.0824223340464645,-0.46511049390593584,vogtst01,Stephen Vogt,170.0,0.7933497788678044,locasti01,Tim Locastro,82.0,4.020243167505351,129.0,11.406951219512198,1.2584602727737404,0.0,Arizona Diamondbacks,25,35,269.0,295.0
2020,TOR,AL,1B,guerrvl02,Vladimir Guerrero,243.0,3.9899687537555577,-0.6272436966941488,tellero01,Rowdy Tellez,152.66666666666666,1.4144642695400775,hernate01,Teoscar Hernandez,206.0,11.831166927052042,243.0,9.966213592233014,2.0417079662342266,0.0,Toronto Blue Jays,32,28,302.0,312.0
2020,CHA,AL,2B,madrini01,Nick Madrigal,109.0,0.7361999759644269,-1.253324227975027,mendida01,Danny Mendick,226.0,0.7076420234076306,abreujo02,Jose Abreu,262.0,20.06692104314385,109.0,7.612251908396945,1.9609662513826576,0.0,Chicago White Sox,35,25,306.0,246.0
2020,CHN,NL,C,contrwi01,Willson Contreras,225.0,1.68298430108175,0.740506000974034,caratvi01,Victor Caratini,180.0,0.7995184002545068,heywaja01,Jason Heyward,181.0,7.416756259981317,225.0,7.53674033149171,0.05901239928047286,0.0,Chicago Cubs,34,26,265.0,240.0
2020,MIL,NL,1B,smoakju01,Justin Smoak,126.0,-4.823528791394222,-0.7697529657386537,gyorkje01,Jedd Gyorko,209.33333333333334,0.8362718738801396,yelicch01,Christian Yelich,247.0,4.131098321631969,126.0,6.930890688259112,1.6060248396187933,0.0,Milwaukee Brewers,29,31,247.0,264.0
2020,SEA,AL,OF,lewisky01,Kyle Lewis,242.0,6.754866001682482,0.34045018555332673,mooredy01,Dylan Moore,185.33333333333334,0.34158714957724756,nolaau01,Austin Nola,110.0,5.911302728037496,242.0,6.250000000000009,0.0011369640239208278,0.0,Seattle Mariners,27,33,254.0,303.0
2020,PHI,NL,3B,bohmal01,Alec Bohm,180.0,8.2163874408654,-0.22805161055813003,segurje01,Jean Segura,179.66666666666666,-0.1051971621207138,harpebr03,Bryce Harper,244.0,18.179991864284215,180.0,5.195081967213118,0.12285444843741623,0.0,Philadelphia Phillies,28,32,306.0,311.0
2020,TEX,AL,C,mathije01,Jeff Mathis,68.0,-3.7430128590313685,-0.14679157856929856,trevijo01,Jose Trevino,151.0,0.07339861330537865,guzmaro01,Ronald Guzman,86.0,0.3888366782838584,68.0,4.05046511627907,0.2201901918746772,0.0,Texas Rangers,22,38,224.0,312.0
2020,TBA,AL,3B,diazya01,Yandy Diaz,138.0,5.3541797860833995,0.2908608535807547,wendljo01,Joey Wendle,161.0,0.3280923196436849,brossmi01,Mike Brosseau,98.0,6.610069703160675,138.0,3.953877551020408,0.03723146606293021,0.0,Tampa Bay Rays,40,20,289.0,229.0
2020,LAN,NL,OF,bettsmo01,Mookie Betts,246.0,14.570729502516045,-0.5230206214951644,bellico01,Cody Bellinger,336.6666666666667,0.982406396125098,smithwi05,Will Smith,137.0,10.060528218880886,246.0,3.494160583941606,1.5054270176202622,0.0,Los Angeles Dodgers,43,17,349.0,213.0
2021,LAA,AL,SS,iglesjo01,Jose Iglesias,447.0,-10.321497841980083,-0.9723745463044033,rengilu01,Luis Rengifo,227.0,0.6334190562643027,troutmi01,Mike Trout,146.0,17.32425350127719,447.0,63.362191780821895,1.605793602568706,0.0,Los Angeles Angels of Anaheim,77,85,723.0,804.0
2021,MIN,AL,1B,sanomi01,Miguel Sano,532.0,6.224951114242926,-1.6046705151637177,astudwi01,Willians Astudillo,200.66666666666666,1.244541135330108,buxtoby01,Byron Buxton,254.0,22.053153351537027,532.0,39.9651181102362,2.8492116504938254,0.0,Minnesota Twins,73,89,729.0,834.0
2021,CHA,AL,OF,vaughan01,Andrew Vaughn,469.0,-4.085240465075309,-0.9671451957646395,hamilbi02,Billy Hamilton,322.6666666666667,0.658191424836656,roberlu01,Luis Robert,296.0,20.723281071082535,469.0,36.92043918918919,1.6253366206012956,0.0,Chicago White Sox,93,69,796.0,636.0
2021,NYN,NL,C,mccanja02,James McCann,412.0,-12.005754189944128,-0.12267833630894319,nidoto01,Tomas Nido,365.6666666666667,0.6000917778672157,baezja01,Javier Baez,186.0,9.552402234636874,412.0,33.16483870967742,0.7227701141761589,0.0,New York Mets,77,85,636.0,668.0
2021,BOS,AL,OF,renfrhu01,Hunter Renfroe,572.0,12.362691799524347,-1.5660827882260229,duranja01,Jarren Duran,223.0,0.241114821453549,schwaky01,Kyle Schwarber,168.0,13.090510878181975,572.0,32.20738095238095,1.8071976096795719,0.0,Boston Red Sox,92,70,829.0,749.0
2021,MIA,NL,2B,chishja01,Jazz Chisholm,507.0,-0.18458100558659396,-0.9881894852564748,bertijo01,Jon Berti,181.33333333333334,-0.199487214266514,martest01,Starling Marte,275.0,16.36865921787709,507.0,30.36243636363636,0.7887022709899607,0.0,Miami Marlins,67,95,623.0,701.0
2021,CHN,NL,SS,baezja01,Javier Baez,360.0,4.654972067039104,0.5488058299018836,alcanse01,Sergio Alcantara,388.3333333333333,0.8167793338328831,schwifr01,Frank Schwindel,239.0,20.43916201117319,360.0,26.132050209205033,0.2679735039309995,0.0,Chicago Cubs,71,91,705.0,839.0
2021,OAK,AL,2B,lowrije01,Jed Lowrie,512.0,-2.1489192283977916,-0.6573298144729418,kempto01,Tony Kemp,520.3333333333334,0.19804249453417289,martest01,Starling Marte,251.0,11.644572800140939,512.0,25.901992031872535,0.8553723090071147,0.0,Oakland Athletics,86,76,743.0,687.0
2021,SFN,NL,OF,yastrmi01,Mike Yastrzemski,532.0,6.332569832402231,0.6364918139404199,duggast01,Steven Duggar,614.6666666666666,0.7003544464962416,rufda01,Darin Ruf,312.0,18.435642458100563,532.0,25.102564102564116,0.0638626325558217,0.0,San Francisco Giants,107,55,804.0,594.0
2021,DET,AL,2B,castrwi01,Willi Castro,450.0,-16.772917290583987,0.16279896085385592,schoojo01,Jonathan Schoop,313.3333333333333,1.107982306695903,rogerja03,Jake Rogers,127.0,2.2565766757685175,450.0,24.768661417322825,0.945183345842047,0.0,Detroit Tigers,77,85,697.0,756.0
2021,BAL,AL,3B,francma02,Maikel Franco,403.0,-18.294012595789656,-0.237451649745683,gutieke01,Kelvin Gutierrez,358.6666666666667,1.2166681725830082,uriasra01,Ramon Urias,296.0,4.443281071082535,403.0,24.34347972972973,1.4541198223286913,0.0,Baltimore Orioles,52,110,659.0,956.0
2021,ATL,NL,OF,heredgu01,Guillermo Heredia,347.0,-6.112346368715079,0.5208302296454359,inciaen01,Ender Inciarte,173.33333333333334,2.016388186578644,rosared01,Eddie Rosario,106.0,5.353519553072625,347.0,23.637547169811317,1.4955579569332083,0.0,Atlanta Braves,88,73,790.0,656.0
2021,KCA,AL,3B,doziehu01,Hunter Dozier,543.0,-10.776920197304676,-0.9900366936406693,mondera02,Adalberto Mondesi,175.0,0.1651050115804797,isbelky01,Kyle Isbel,83.0,1.4040619219589545,543.0,19.962530120481933,1.155141705221149,0.0,Kansas City Royals,74,88,686.0,788.0
2021,LAN,NL,OF,bettsmo01,Mookie Betts,550.0,23.487318435754197,-0.22947626339223867,mckinbi01,Billy McKinney,176.66666666666666,0.40177874981876993,turnetr01,Trea Turner,226.0,17.401843575419,550.0,18.86230088495576,0.6312550132110086,0.0,Los Angeles Dodgers,106,56,830.0,561.0
2021,WAS,NL,1B,belljo02,Josh Bell,568.0,17.27206703910614,0.08777999114271728,zimmery01,Ryan Zimmerman,400.6666666666667,1.274755299802039,adamsri03,Riley Adams,90.0,5.413743016759776,568.0,16.894666666666666,1.1869753086593218,0.0,Washington Nationals,65,97,724.0,820.0
2021,COL,NL,OF,blackch02,Charlie Blackmon,582.0,8.666871508379892,-0.21348698639625574,hampsga01,Garrett Hampson,649.3333333333334,1.2468457677404627,joeco01,Connor Joe,211.0,9.129553072625702,582.0,16.51511848341233,1.4603327541367186,0.0,Colorado Rockies,74,87,739.0,796.0
2021,PHI,NL,SS,gregodi01,Didi Gregorius,408.0,-11.88569832402236,-0.37387046851480804,torrero01,Ronald Torreyes,333.3333333333333,-0.0867830410603091,jankotr01,Travis Jankowski,156.0,1.6778212290502788,408.0,16.273846153846165,0.28708742745449894,0.0,Philadelphia Phillies,82,80,734.0,745.0
2021,TEX,AL,C,trevijo01,Jose Trevino,302.0,-13.709557826125252,-0.2987234146274602,heimjo01,Jonah Heim,641.0,0.2587934490186678,ibanean01,Andy Ibanez,272.0,1.4046366599136766,302.0,15.26911764705882,0.5575168636461281,0.0,Texas Rangers,60,102,625.0,815.0
2021,PIT,NL,1B,moranco01,Colin Moran,359.0,0.8074860335195657,-0.4678254724850504,nogowjo01,John Nogowski,230.66666666666666,1.274755299802039,tsutsyo01,Yoshi Tsutsugo,144.0,6.347988826815645,359.0,15.018402777777773,1.7425807722870894,0.0,Pittsburgh Pirates,61,101,609.0,833.0
2021,NYA,AL,SS,torregl01,Gleyber Torres,516.0,-3.774145159869657,-1.0721271102136334,velazan01,Andrew Velazquez,180.33333333333334,-0.1825263649597517,rizzoan01,Anthony Rizzo,200.0,3.2087034264071166,516.0,12.05260000000002,0.8896007452538817,0.0,New York Yankees,92,70,711.0,669.0
2021,ARI,NL,2B,vanmejo01,Josh VanMeter,310.0,-7.5093296089385495,-0.48419353268329357,escobed01,Eduardo Escobar,284.3333333333333,0.15909724005584644,youngan02,Andrew Young,104.0,1.3385474860335205,310.0,11.499230769230774,0.64329077273914,0.0,Arizona Diamondbacks,52,110,679.0,893.0
2021,SEA,AL,C,murphto04,Tom Murphy,322.0,-6.80568748348454,-0.48222703806388884,torrelu01,Luis Torrens,284.6666666666667,0.1846379545723826,fraleja01,Jake Fraley,265.0,2.821282039989435,322.0,10.23381132075472,0.6668649926362714,0.0,Seattle Mariners,90,72,697.0,748.0
2021,SDN,NL,C,caratvi01,Victor Caratini,356.0,-9.014972067039114,0.10673153588882338,rivaswe01,Webster Rivas,168.66666666666666,1.0228203898588,nolaau01,Austin Nola,194.0,-0.38770949720670433,356.0,8.303505154639183,0.9160888539699766,0.0,San Diego Padres,79,83,729.0,708.0
2021,MIL,NL,C,narvaom01,Omar Narvaez,445.0,3.831284916201124,0.0019343975980726212,pinama01,Manny Pina,452.3333333333333,0.22487591693323294,tellero01,Rowdy Tellez,174.0,4.462569832402236,445.0,7.581609195402297,0.22294151933516032,0.0,Milwaukee Brewers,95,67,738.0,623.0
2021,CLE,AL,SS,rosaram01,Amed Rosario,588.0,1.5017880736369307,-0.18743827606337718,gimenan01,Andres Gimenez,322.3333333333333,0.6306508385829968,strawmy01,Myles Straw,268.0,4.099862591385541,588.0,7.493432835820899,0.8180891146463739,0.0,Cleveland Indians,80,82,717.0,727.0
2021,TOR,AL,OF,hernate01,Teoscar Hernandez,595.0,25.3851426935612,-0.3253729325834699,davisjo05,Jonathan Davis,205.33333333333334,0.53955866647641,springe01,George Springer,341.0,18.32198934202412,595.0,6.584310850439831,0.8649315990598799,0.0,Toronto Blue Jays,91,71,846.0,663.0
2021,HOU,AL,3B,bregmal01,Alex Bregman,400.0,7.627406852814227,-0.39393718532721866,diazal02,Aledmys Diaz,248.0,1.1211606574102964,castrja01,Jason Castro,179.0,4.328639566634367,400.0,2.0455307262569846,1.515097842737515,0.0,Houston Astros,95,67,863.0,658.0
2021,TBA,AL,OF,arozara01,Randy Arozarena,604.0,17.29088434774949,-0.07496669648720272,kiermke01,Kevin Kiermaier,894.6666666666666,0.5832520363910947,francwa01,Wander Franco,308.0,7.587603276666957,604.0,-2.411298701298702,0.6582187328782974,2.411298701298702,Tampa Bay Rays,100,62,857.0,651.0
2021,SLN,NL,OF,carlsdy01,Dylan Carlson,619.0,11.70385474860334,0.30776234244623063,baderha01,Harrison Bader,886.6666666666666,1.549249442922409,rondojo02,Jose Rondon,90.0,0.7537430167597758,619.0,-6.519777777777771,1.2414871004761785,6.519777777777771,St. Louis Cardinals,90,72,706.0,672.0
2021,CIN,NL,OF,casteni01,Nick Castellanos,585.0,38.06932960893853,-0.05707047133021004,akiyash01,Shogo Akiyama,350.0,-0.00823219833232347,schroma01,Max Schrock,134.0,1.6331284916201108,585.0,-30.939626865671624,0.04883827299788657,30.939626865671624,Cincinnati Reds,83,79,786.0,760.0
2022,NYA,AL,3B,donaljo02,Josh Donaldson,546.0,-2.9091981500853312,0.32891372557738435,lemahdj01,DJ LeMahieu,385.6666666666667,1.0633787271786623,carpema01,Matt Carpenter,154.0,20.057662060232342,546.0,74.02272727272728,0.7344650016012779,0.0,New York Yankees,99,63,807.0,567.0
2022,COL,NL,OF,grichra01,Randal Grichuk,538.0,0.09343681098691725,-0.22375797911213807,hampsga01,Garrett Hampson,201.33333333333334,1.120167737459036,bouchse01,Sean Bouchard,97.0,8.444690280047826,538.0,46.7441237113402,1.343925716571174,0.0,Colorado Rockies,68,94,698.0,873.0
2022,LAN,NL,OF,bellico01,Cody Bellinger,550.0,-11.54618913374944,0.5566897989685018,bettsmo01,Mookie Betts,1154.3333333333333,0.6579657638876997,thomptr01,Trayce Thompson,239.0,14.775783267334333,550.0,45.549037656903764,0.10127596491919788,0.0,Los Angeles Dodgers,111,51,847.0,513.0
2022,KCA,AL,2B,lopezni01,Nicky Lopez,480.0,-21.35676760447063,0.8121766314734474,massemi02,Michael Massey,401.6666666666667,0.8136193661112764,pasquvi01,Vinnie Pasquantino,298.0,14.03963177889116,480.0,43.97093959731545,0.0014427346378289574,0.0,Kansas City Royals,65,97,640.0,810.0
2022,WAS,NL,3B,francma02,Maikel Franco,388.0,-16.931238879808696,-0.02707658118947353,vargail01,Ildemaro Vargas,372.0,0.7923440202353247,menesjo01,Joey Meneses,240.0,16.257481105272973,388.0,43.214166666666664,0.8194206014247982,0.0,Washington Nationals,55,107,603.0,855.0
2022,MIA,NL,SS,rojasmi02,Miguel Rojas,507.0,-18.16919616511085,0.9491431928543177,wendljo01,Joey Wendle,233.33333333333334,1.0440946524658563,chishja01,Jazz Chisholm,240.0,10.55748110527297,507.0,40.471875,0.09495145961153861,0.0,Miami Marlins,69,93,586.0,676.0
2022,CIN,NL,OF,senzeni01,Nick Senzel,411.0,-14.91218860722004,0.5006262784708241,friedtj01,TJ Friedl,466.3333333333333,0.6983585665041175,faircst01,Stuart Fairchild,99.0,4.958085955925099,411.0,35.495757575757565,0.19773228803329346,0.0,Cincinnati Reds,62,100,648.0,815.0
2022,SEA,AL,2B,fraziad01,Adam Frazier,602.0,-16.31732103727358,-0.17158129437210157,toroab01,Abraham Toro,367.3333333333333,0.29299638633010827,mooredy01,Dylan Moore,254.0,7.484585475967627,602.0,34.05637795275591,0.46457768070220984,0.0,Seattle Mariners,90,72,690.0,623.0
2022,BOS,AL,OF,verdual01,Alex Verdugo,644.0,5.206586797335246,-1.0612871323639603,hernaen02,Enrique Hernandez,669.0,1.0679432432709348,refsnro01,Rob Refsnyder,177.0,10.52575444585146,644.0,33.09050847457628,2.1292303756348954,0.0,Boston Red Sox,78,84,735.0,787.0
2022,CHA,AL,C,grandya01,Yasmani Grandal,376.0,-13.365967956835313,-0.9649987335244251,mcguire01,Reese McGuire,399.0,0.38063031392167773,jimenel02,Eloy Jimenez,327.0,16.301139569454385,376.0,32.1097859327217,1.3456290474461028,0.0,Chicago White Sox,81,81,686.0,717.0
2022,PHI,NL,SS,stottbr01,Bryson Stott,466.0,-9.178807520594965,-0.018896014928332178,camarjo01,Johan Camargo,186.0,0.9045375840909101,matonni01,Nick Maton,85.0,3.7743162247841786,466.0,29.87094117647058,0.9234335990192423,0.0,Philadelphia Phillies,87,75,747.0,685.0
2022,NYN,NL,C,nidoto01,Tomas Nido,313.0,-12.248576725206489,0.10546465291440077,mazeipa01,Patrick Mazeika,161.66666666666666,0.4014594242169856,vogelda01,Dan Vogelbach,183.0,8.180704342770637,313.0,26.24071038251364,0.29599477130258484,0.0,New York Mets,101,61,772.0,606.0
2022,TOR,AL,2B,espinsa01,Santiago Espinal,491.0,-2.425506028739744,-0.04503296063871093,merriwh01,Whit Merrifield,157.0,1.0565410348325162,janseda01,Danny Jansen,248.0,11.961170071023513,491.0,26.106693548387103,1.1015739954712271,0.0,Toronto Blue Jays,92,70,775.0,679.0
2022,HOU,AL,C,maldoma01,Martin Maldonado,379.0,-14.359260254363264,0.08088541300811632,vazquch01,Christian Vazquez,226.66666666666666,0.10392104346365755,brantmi02,Michael Brantley,277.0,8.392677861586755,379.0,25.842382671480156,0.02303563045554123,0.0,Houston Astros,106,56,737.0,518.0
2022,SFN,NL,2B,estrath01,Thairo Estrada,541.0,3.338530324802826,0.1762593140721736,florewi01,Wilmer Flores,441.0,0.5099526566684289,davisjd01,J. D. Davis,158.0,7.208258394304703,541.0,21.342911392405053,0.3336933425962553,0.0,San Francisco Giants,81,81,716.0,697.0
2022,LAA,AL,SS,velazan01,Andrew Velazquez,349.0,-16.896337279083852,-0.09890536880117504,fletcda02,David Fletcher,207.33333333333334,1.2029659395734233,rendoan01,Anthony Rendon,193.0,1.4048621923691007,349.0,19.436735751295334,1.3018713083745983,0.0,Los Angeles Angels of Anaheim,73,89,623.0,668.0
2022,CLE,AL,C,hedgeau01,Austin Hedges,338.0,-22.057598854814728,0.2739150588697165,mailelu01,Luke Maile,513.3333333333334,0.7964762480917802,jonesno01,Nolan Jones,94.0,-0.7464919892088291,338.0,19.37340425531915,0.5225611892220636,0.0,Cleveland Guardians,92,70,698.0,634.0
2022,ARI,NL,OF,varshda01,Daulton Varsho,591.0,4.733422221734697,0.9729833557047005,thomaal01,Alek Thomas,907.3333333333334,1.5593271090663834,garrest01,Stone Garrett,81.0,3.167524873029632,591.0,18.3777777777778,0.5863437533616829,0.0,Arizona Diamondbacks,74,88,702.0,740.0
2022,SLN,NL,C,kniznan01,Andrew Knizner,293.0,-10.132533483979241,-0.03798825672900943,molinya01,Yadier Molina,628.3333333333334,1.102028239841536,nootbla01,Lars Nootbaar,347.0,9.539149764707162,293.0,18.187204610950992,1.1400164965705455,0.0,St. Louis Cardinals,93,69,772.0,637.0
2022,SDN,NL,OF,profaju01,Jurickson Profar,658.0,3.947177363623398,-0.5969022686492628,grishtr01,Trent Grisham,1143.0,1.1258752598247377,sotoju01,Juan Soto,227.0,7.105409212070683,658.0,16.64911894273127,1.7227775284740003,0.0,San Diego Padres,89,73,705.0,660.0
2022,PIT,NL,C,delayja01,Jason Delay,167.0,-10.75646106424756,-0.6458390906864903,perezmi03,Michael Perez,294.6666666666667,0.46689567647512265,vogelda01,Dan Vogelbach,278.0,5.4019989469411875,167.0,14.001546762589928,1.112734767161613,0.0,Pittsburgh Pirates,62,100,591.0,817.0
2022,DET,AL,OF,greenri02,Riley Greene,418.0,-3.27206012222649,0.7112770415837629,hillde01,Derek Hill,235.66666666666666,1.6956786327297566,carpeke01,Kerry Carpenter,113.0,2.8793234597808692,418.0,13.923008849557492,0.9844015911459937,0.0,Detroit Tigers,66,96,557.0,713.0
2022,TBA,AL,C,mejiafr01,Francisco Mejia,299.0,-7.804798986951497,0.03732825402141182,bethach01,Christian Bethancourt,295.0,0.769168760862679,francwa01,Wander Franco,344.0,6.435816550129379,299.0,13.398720930232555,0.7318405068412672,0.0,Tampa Bay Rays,86,76,666.0,614.0
2022,BAL,AL,1B,mountry01,Ryan Mountcastle,609.0,4.301663601827894,0.17377087035614072,mancitr01,Trey Mancini,239.0,1.1274588831724073,hendegu01,Gunnar Henderson,132.0,3.6051389087705794,609.0,12.33113636363637,0.9536880128162666,0.0,Baltimore Orioles,83,79,674.0,688.0
2022,CHN,NL,2B,madrini01,Nick Madrigal,228.0,-8.722892949990673,0.9600891694524851,mckinza01,Zach McKinstry,156.0,1.0523598860412773,boteda01,David Bote,127.0,1.2456254182069455,228.0,10.959133858267709,0.09227071658879216,0.0,Chicago Cubs,74,88,657.0,731.0
2022,ATL,NL,2B,albieoz01,Ozzie Albies,269.0,-3.123281594506543,-0.27267633695518917,arciaor01,Orlando Arcia,398.6666666666667,-0.11233735480712051,grissva01,Vaughn Grissom,156.0,4.304862718427434,269.0,10.546410256410258,0.16033898214806866,0.0,Atlanta Braves,101,61,789.0,609.0
2022,OAK,AL,3B,machivi01,Vimael Machin,253.0,-8.230983758189724,-0.061418033842962835,smithke05,Kevin Smith,312.3333333333333,1.0994817603583136,bethach01,Christian Bethancourt,182.0,-1.3263993833617782,253.0,6.387142857142858,1.1608997942012764,0.0,Oakland Athletics,60,102,568.0,770.0
2022,TEX,AL,3B,duranez01,Ezequiel Duran,220.0,-4.964768485382372,-0.7865775427965385,ibanean01,Andy Ibanez,196.66666666666666,0.914960534992281,garvemi01,Mitch Garver,215.0,-0.3526146561691328,220.0,4.603953488372097,1.7015380777888196,0.0,Texas Rangers,68,94,707.0,743.0
2022,MIN,AL,OF,keplema01,Max Kepler,446.0,-3.426121565820625,0.17729161530961474,buxtoby01,Byron Buxton,445.3333333333333,1.2071650271569103,larnatr01,Trevor Larnach,180.0,0.4624621483235136,446.0,4.571999999999998,1.0298734118472956,0.0,Minnesota Twins,78,84,696.0,684.0
2022,MIL,NL,2B,wongko01,Kolten Wong,497.0,10.803825455502775,-1.177799035690427,uriaslu01,Luis Urias,285.3333333333333,0.09933727419865704,brossmi01,Mike Brosseau,160.0,3.1416540701819775,497.0,-1.0450625000000078,1.2771363098890842,1.0450625000000078,Milwaukee Brewers,86,76,725.0,688.0
2023,TOR,AL,1B,guerrvl02,Vladimir Guerrero,682.0,12.684583923165746,-0.8797600485874371,beltbr01,Brandon Belt,242.66666666666666,0.08045978227197083,schneda03,Davis Schneider,141.0,12.273792277370042,682.0,46.68226950354609,0.9602198308594079,0.0,Toronto Blue Jays,89,73,746.0,671.0
2023,MIN,AL,C,vazquch01,Christian Vazquez,355.0,-15.82591306052225,0.15339346396969436,jeffery01,Ryan Jeffers,658.3333333333334,0.18772561125613896,lewisro02,Royce Lewis,239.0,14.786357122634321,355.0,37.788912133891216,0.0343321472864446,0.0,Minnesota Twins,87,75,778.0,659.0
2023,CIN,NL,C,stephty01,Tyler Stephenson,517.0,-8.578696053116936,0.3913959540383902,casalcu01,Curt Casali,236.0,0.7341150069447688,bensowi01,Will Benson,329.0,14.95992069347104,517.0,32.08714285714285,0.3427190529063786,0.0,Cincinnati Reds,82,80,783.0,821.0
2023,MIA,NL,3B,segurje01,Jean Segura,326.0,-19.914090741423827,-0.15450059026203983,bertijo01,Jon Berti,271.0,1.1241327441625075,burgeja01,Jake Burger,217.0,7.660160457395796,326.0,31.42198156682028,1.2786333344245473,0.0,Miami Marlins,84,78,666.0,723.0
2023,NYN,NL,3B,batybr01,Brett Baty,386.0,-18.73386204352638,-0.41000761067944047,escobed01,Eduardo Escobar,215.0,0.356339435342558,phamth01,Tommy Pham,264.0,8.233006270748799,386.0,30.771515151515153,0.7663470460219985,0.0,New York Mets,75,87,717.0,729.0
2023,OAK,AL,C,langesh01,Shea Langeliers,490.0,-11.197175773678598,0.21002789530446994,perezca02,Carlos Perez,255.0,0.5275601330380395,gelofza01,Zack Gelof,300.0,11.502749526319244,490.0,29.985000000000028,0.31753223773356953,0.0,Oakland Athletics,50,112,585.0,924.0
2023,MIL,NL,2B,turanbr02,Brice Turang,448.0,-19.300959055698986,-0.044357287440337734,monasan01,Andruw Monasterio,197.0,0.36111279467737045,canhama01,Mark Canha,204.0,4.812777572851345,448.0,29.87019607843135,0.4054700821177082,0.0,Milwaukee Brewers,92,70,728.0,647.0
2023,BOS,AL,SS,hernaen02,Enrique Hernandez,323.0,-14.192873009996294,-0.7594552255696744,reyespa01,Pablo Reyes,208.33333333333334,1.1139166890158787,abreuwi02,Wilyer Abreu,85.0,3.96661236579045,323.0,29.266000000000005,1.8733719145855532,0.0,Boston Red Sox,78,84,772.0,776.0
2023,SEA,AL,2B,wongko01,Kolten Wong,216.0,-18.398020341050156,-0.010408524152463794,cabaljo01,José Caballero,467.0,0.4692462985426185,murphto04,Tom Murphy,158.0,6.543114750528129,216.0,27.343037974683547,0.4796548226950823,0.0,Seattle Mariners,88,74,758.0,659.0
2023,KCA,AL,OF,melenmj01,MJ Melendez,602.0,-3.7528159505194036,-0.8349548451097649,blancda02,Dairon Blanco,356.6666666666667,1.0513088953807732,velazne01,Nelson Velazquez,147.0,5.53884726789642,602.0,26.435714285714266,1.8862637404905382,0.0,Kansas City Royals,56,106,676.0,859.0
2023,DET,AL,SS,baezja01,Javier Baez,546.0,-24.149995862099004,0.10291717914856008,shortza01,Zack Short,173.66666666666666,0.7348032650465606,meadopa01,Parker Meadows,145.0,0.3171622710542952,546.0,25.34427586206897,0.6318860858980004,0.0,Detroit Tigers,78,84,661.0,740.0
2023,PIT,NL,2B,baeji01,Ji Hwan Bae,371.0,-14.853919218000737,-1.9089917880347875,pegueli01,Liover Peguero,208.66666666666666,1.3419881008803725,triolja01,Jared Triolo,209.0,5.019463297676136,371.0,23.76406698564594,3.25097988891516,0.0,Pittsburgh Pirates,76,86,692.0,790.0
2023,BAL,AL,SS,mateojo01,Jorge Mateo,349.0,-10.680968051048632,0.18423580952794855,hendegu01,Gunnar Henderson,584.6666666666666,0.26054928231687285,hicksaa01,Aaron Hicks,236.0,8.308829627371132,349.0,22.968177966101702,0.07631347278892431,0.0,Baltimore Orioles,101,61,807.0,678.0
2023,COL,NL,C,diazel01,Elias Diaz,526.0,-4.246661748432318,-0.05813645814814864,wynnsau01,Austin Wynns,332.3333333333333,0.22539453068514115,grichra01,Randal Grichuk,263.0,9.181669125783849,526.0,22.610000000000014,0.2835309888332898,0.0,Colorado Rockies,59,103,721.0,957.0
2023,WAS,NL,1B,smithdo02,Dominic Smith,586.0,-9.30643305053486,-0.10896231298960474,menesjo01,Joey Meneses,156.0,1.4681842608960396,garrest01,Stone Garrett,268.0,5.2683548506086355,586.0,20.826044776119414,1.5771465738856443,0.0,Washington Nationals,71,91,700.0,845.0
2023,CLE,AL,OF,kwanst01,Steven Kwan,718.0,0.694913866324022,0.24875673506809742,strawmy01,Myles Straw,1234.6666666666667,0.9509543538659391,naylobo01,Bo Naylor,230.0,6.573774636844741,718.0,19.826695652173907,0.7021976187978416,0.0,Cleveland Guardians,76,86,662.0,697.0
2023,CHA,AL,OF,beninan01,Andrew Benintendi,621.0,-7.0718084805191825,-0.38753822044477226,roberlu01,Luis Robert,1207.6666666666667,1.0152983081073148,burgeja01,Jake Burger,323.0,4.5171269900036926,621.0,15.756439628482937,1.4028365285520872,0.0,Chicago White Sox,61,101,641.0,841.0
2023,SDN,NL,3B,machama01,Manny Machado,601.0,5.203624123939495,0.5041095361279255,kimha01,Ha-Seong Kim,253.33333333333334,0.6589852071357996,campulu01,Luis Campusano,174.0,5.422663223902614,601.0,13.526379310344822,0.15487567100787403,0.0,San Diego Padres,82,80,752.0,648.0
2023,SFN,NL,C,bailepa01,Patrick Bailey,353.0,-12.537987827369967,-0.5635830479133034,bartjo01,Joey Bart,230.0,-0.014744083125138504,slateau01,Austin Slater,207.0,0.1867890077462171,353.0,12.856521739130425,0.5488389647881649,0.0,San Francisco Giants,79,83,674.0,719.0
2023,SLN,NL,SS,dejonpa01,Paul DeJong,306.0,-5.380833640722988,0.4903885389790733,edmanto01,Tommy Edman,396.6666666666667,1.6220731891684679,palacri01,Richie Palacios,102.0,2.2763887864256698,306.0,12.209999999999997,1.1316846501893947,0.0,St. Louis Cardinals,71,91,719.0,829.0
2023,HOU,AL,C,maldoma01,Martin Maldonado,407.0,-18.022103142626918,-0.6448389745940124,diazya02,Yainer Diaz,399.0,0.343079673174411,meyerja02,Jake Meyers,341.0,-6.367708038417135,407.0,10.421935483870984,0.9879186477684234,0.0,Houston Astros,90,72,827.0,698.0
2023,LAA,AL,C,thaisma01,Matt Thaiss,307.0,-5.036352984733327,-0.3688019310174991,wallach01,Chad Wallach,414.3333333333333,0.34327961883800934,moniami01,Mickey Moniak,323.0,5.047126990003694,307.0,9.83346749226006,0.7120815498555084,0.0,Los Angeles Angels of Anaheim,73,89,739.0,829.0
2023,PHI,NL,3B,bohmal01,Alec Bohm,611.0,3.3769955735890846,-0.015214211541801581,sosaed01,Edmundo Sosa,583.0,0.19161309781090435,rojasjo03,Johan Rojas,164.0,3.3492917742530404,611.0,9.101158536585352,0.20682730935270593,0.0,Philadelphia Phillies,90,72,796.0,715.0
2023,ARI,NL,3B,riverem01,Emmanuel Rivera,283.0,-6.081587974917001,-0.29133830737318955,longoev01,Evan Longoria,300.0,0.39134174522388004,fletcdo01,Dominic Fletcher,102.0,0.5463887864256693,283.0,7.597549019607829,0.6826800525970695,0.0,Arizona Diamondbacks,84,78,746.0,761.0
2023,NYA,AL,OF,baderha01,Harrison Bader,310.0,-7.338825489470133,0.038722368970749765,cordefr02,Franchy Cordero,161.0,0.209161640052554,mckinbi01,Billy McKinney,147.0,0.06884726789642093,310.0,7.484013605442177,0.17043927108180423,0.0,New York Yankees,82,80,673.0,698.0
2023,CHN,NL,C,gomesya01,Yan Gomes,419.0,-3.0397362596827566,0.655668834572383,barnhtu01,Tucker Barnhart,312.6666666666667,0.6610613025926498,candeje01,Jeimer Candelario,157.0,1.189931759498338,419.0,6.215414012738831,0.005392468020266827,0.0,Chicago Cubs,83,79,819.0,723.0
2023,LAN,NL,2B,vargami01,Miguel Vargas,303.0,-6.354845075617848,-0.47845707581638647,rosaram01,Amed Rosario,190.0,0.26188783535475135,hernaen02,Enrique Hernandez,185.0,-0.9126281814828476,303.0,4.860108108108103,0.7403449111711378,0.0,Los Angeles Dodgers,100,62,906.0,699.0
2023,TBA,AL,2B,lowebr01,Brandon Lowe,436.0,6.897329311583954,-0.190024617018935,wallsta01,Taylor Walls,291.6666666666667,0.6522342868462672,arandjo01,Jonathan Aranda,103.0,-0.13822266263039773,436.0,-7.482427184466027,0.8422589038652022,7.482427184466027,Tampa Bay Rays,99,63,860.0,665.0
2023,ATL,NL,OF,acunaro01,Ronald Acuña,735.0,71.60280154924382,-0.4159552535224638,harrimi04,Michael Harris,1205.0,0.5276627643334723,darnatr01,Travis d'Arnaud,292.0,-6.81955367023239,735.0,-88.7684589041096,0.9436180178559361,88.7684589041096,Atlanta Braves,104,58,947.0,716.0
2024,WAS,NL,OF,youngja03,Jacob Young,521.0,-9.383621827078514,0.532353674500178,crewsdy01,Dylan Crews,273.6666666666667,0.578993491174625,callal01,Alex Call,113.0,9.208350736161476,521.0,51.83982300884957,0.04663981667444694,0.0,Washington Nationals,71,91,660.0,764.0
2024,LAA,AL,2B,drurybr01,Brandon Drury,360.0,-27.079992950998417,-0.11983756928674896,stefami01,Michael Stefanic,256.3333333333333,1.403570720263459,troutmi01,Mike Trout,126.0,6.562002467150554,360.0,45.82857142857143,1.5234082895502081,0.0,Los Angeles Angels of Anaheim,63,99,635.0,797.0
2024,SEA,AL,3B,rojasjo01,Josh Rojas,474.0,-8.698657385481253,0.07713077146039915,mooredy01,Dylan Moore,228.33333333333334,1.4004739562670077,roblevi01,Victor Robles,262.0,19.336227352328926,474.0,43.68099236641221,1.3233431848066086,0.0,Seattle Mariners,85,77,676.0,607.0
2024,DET,AL,2B,keithco01,Colt Keith,556.0,-2.972433557653113,-0.14549245903293465,ibanean01,Andy Ibanez,233.33333333333334,1.4492563901642936,carpeke01,Kerry Carpenter,293.0,18.887116848215168,556.0,38.81283276450511,1.5947488491972284,0.0,Detroit Tigers,86,76,682.0,642.0
2024,HOU,AL,1B,singljo02,Jon Singleton,405.0,0.9200079301267778,-1.422191724400144,abreujo02,Jose Abreu,275.3333333333333,-1.010792360246639,tuckeky01,Kyle Tucker,336.0,32.8386732457348,405.0,38.662321428571424,0.411399364153505,0.0,Houston Astros,88,73,740.0,649.0
2024,MIL,NL,3B,ortizjo06,Joey Ortiz,511.0,1.5833382847655963,0.5983449818558066,dunnol01,Oliver Dunn,153.0,1.1747667280703669,yelicch01,Christian Yelich,314.0,23.49745248809472,511.0,36.656146496815296,0.5764217462145602,0.0,Milwaukee Brewers,93,69,777.0,641.0
2024,MIA,NL,C,forteni01,Nick Fortes,335.0,-17.28816374677792,0.09563687987994851,sanchal04,Ali Sanchez,244.0,0.7352363585016818,edwarxa01,Xavier Edwards,303.0,16.086108611123258,335.0,35.07313531353135,0.6395994786217333,0.0,Miami Marlins,62,100,637.0,841.0
2024,BOS,AL,SS,rafaece01,Ceddanne Rafaela,571.0,-11.579099930611392,0.022346707883306116,storytr01,Trevor Story,227.66666666666666,0.5925824823512882,refsnro01,Rob Refsnyder,306.0,11.972005991651342,571.0,33.91901960784315,0.570235774467982,0.0,Boston Red Sox,81,81,751.0,747.0
2024,TOR,AL,2B,schneda03,Davis Schneider,454.0,-10.193102221536895,0.6154652108715533,kineris01,Isiah Kiner-Falefa,246.66666666666666,1.4637107611734994,lukesna01,Nathan Lukes,91.0,3.944224004053175,454.0,29.87087912087911,0.8482455503019461,0.0,Toronto Blue Jays,74,88,671.0,743.0
2024,MIN,AL,OF,keplema01,Max Kepler,398.0,-3.6595477624927018,0.07256746450348345,buxtoby01,Byron Buxton,767.0,0.7919583118660973,wallnma01,Matt Wallner,261.0,16.312005110526144,398.0,28.533793103448275,0.7193908473626138,0.0,Minnesota Twins,82,80,742.0,735.0
2024,KCA,AL,3B,garcima01,Maikel Garcia,626.0,-13.166876631458354,-0.13576577270611156,dejonpa01,Paul DeJong,239.66666666666666,0.9968416480074711,blancda02,Dairon Blanco,131.0,2.893113676164461,626.0,26.991984732824406,1.1326074207135828,0.0,Kansas City Royals,86,76,735.0,644.0
2024,ARI,NL,OF,carroco02,Corbin Carroll,684.0,9.819928349862373,0.7089847971288421,grichra01,Randal Grichuk,381.0,0.7192141132459566,smithpa04,Pavin Smith,158.0,8.46203023286295,684.0,26.813164556962047,0.010229316117114529,0.0,Arizona Diamondbacks,89,73,886.0,788.0
2024,ATL,NL,OF,kelenja01,Jarred Kelenic,449.0,-7.591509021800854,-0.0559477703956792,harrimi04,Michael Harris,960.6666666666666,0.19949702612422646,solerjo01,Jorge Soler,180.0,7.224717986805888,449.0,25.613166666666654,0.25544479651990565,0.0,Atlanta Braves,89,73,704.0,607.0
2024,PHI,NL,OF,casteni01,Nick Castellanos,659.0,2.0723286294726604,-0.44740485267601926,rojasjo03,Johan Rojas,903.3333333333334,0.2609939585593733,wilsowe01,Weston Wilson,98.0,4.00379090392765,659.0,24.8511224489796,0.7083988112353925,0.0,Philadelphia Phillies,95,67,784.0,671.0
2024,SLN,NL,2B,gormano01,Nolan Gorman,402.0,-8.001796496133526,-1.1258940306501881,donovbr01,Brendan Donovan,421.3333333333333,1.0818919015019757,herreiv01,Ivan Herrera,258.0,8.312429114421773,402.0,20.95372093023257,2.207785932152164,0.0,St. Louis Cardinals,83,79,672.0,719.0
2024,NYN,NL,OF,nimmobr01,Brandon Nimmo,663.0,5.0255445847350275,-0.33594817124476806,stewadj01,DJ Stewart,201.0,0.4546330398657228,iglesjo01,Jose Iglesias,291.0,10.916460745336195,663.0,19.845979381443314,0.7905812111104908,0.0,New York Mets,89,73,768.0,697.0
2024,CLE,AL,C,naylobo01,Bo Naylor,389.0,-12.96754793871774,-0.04475058552659696,hedgeau01,Austin Hedges,396.6666666666667,0.458060578031634,noeljh01,Jhonkensy Noel,198.0,3.0060038769508584,389.0,18.87328282828281,0.502811163558231,0.0,Cleveland Guardians,92,69,708.0,621.0
2024,CHA,AL,C,leeko01,Korey Lee,394.0,-17.916436729703832,0.07355434254596183,robinch03,Chuckie Robinson,193.0,0.5604163133293398,phamth01,Tommy Pham,297.0,0.564005815426301,394.0,18.664646464646466,0.486861970783378,0.0,Chicago White Sox,41,121,507.0,813.0
2024,TBA,AL,OF,sirijo01,Jose Siri,446.0,-14.21688015595916,0.5349043700155327,rosaram01,Amed Rosario,152.33333333333334,0.8000768748069933,arandjo01,Jonathan Aranda,143.0,1.143780577797847,446.0,17.7841958041958,0.2651725047914606,0.0,Tampa Bay Rays,80,82,604.0,663.0
2024,SFN,NL,OF,yastrmi01,Mike Yastrzemski,474.0,0.3360906985888379,-0.5868634144163387,leeju01,Jung Hoo Lee,306.6666666666667,0.7605266047853361,fitzgty01,Tyler Fitzgerald,341.0,12.33166018611561,474.0,16.805278592375384,1.3473900192016748,0.0,San Francisco Giants,80,82,693.0,699.0
2024,PIT,NL,1B,tellero01,Rowdy Tellez,421.0,-4.954020708637337,0.6855450566137982,joeco01,Connor Joe,454.3333333333333,0.6950400372195419,bartjo01,Joey Bart,282.0,6.431724845995891,421.0,14.555992907801414,0.00949498060574372,0.0,Pittsburgh Pirates,76,86,665.0,739.0
2024,OAK,AL,SS,schuema01,Max Schuemann,459.0,-7.9419910125229976,-0.16769307045022683,wilsoja04,Jacob Wilson,236.0,1.1571470881833763,soderty01,Tyler Soderstrom,213.0,2.259337503992601,459.0,12.810704225352124,1.3248401586336032,0.0,Oakland Athletics,69,93,643.0,764.0
2024,CHN,NL,C,amayami01,Miguel Amaya,363.0,-9.905652059941467,0.017160245649751975,bethach01,Christian Bethancourt,154.0,1.1351422054755627,tauchmi01,Mike Tauchman,350.0,2.766396085455896,363.0,12.774800000000011,1.1179819598258107,0.0,Chicago Cubs,83,79,736.0,669.0
2024,SDN,NL,2B,bogaexa01,Xander Bogaerts,463.0,-4.58525317838263,-0.9396207410859734,croneja01,Jake Cronenworth,578.0,0.66495609107662,solando01,Donovan Solano,309.0,3.675932544016783,463.0,10.093203883495155,1.6045768321625933,0.0,San Diego Padres,93,69,760.0,669.0
2024,CIN,NL,OF,bensowi01,Will Benson,388.0,-9.79805233955174,0.40883563047615923,faircst01,Stuart Fairchild,526.0,1.4871203582218462,friedtj01,TJ Friedl,341.0,-1.7983398138844002,388.0,7.751847507331366,1.0782847277456868,0.0,Cincinnati Reds,77,85,699.0,694.0
2024,COL,NL,1B,toglimi01,Michael Toglia,457.0,6.7449228887238455,-1.0542971039053386,monteel01,Elehuris Montero,426.0,-0.38607398093381967,stallja01,Jacob Stallings,281.0,8.183420857180305,457.0,6.564056939501776,0.668223122971519,0.0,Colorado Rockies,61,101,682.0,929.0
2024,LAN,NL,OF,hernate01,Teoscar Hernandez,651.0,23.515896718947992,-0.41595577217998386,kiermke01,Kevin Kiermaier,172.0,2.01881622718025,muncyma01,Max Muncy,293.0,12.843068722967368,651.0,5.0193856655289935,2.4347719993602337,0.0,Los Angeles Dodgers,98,64,842.0,686.0
2024,BAL,AL,3B,uriasra01,Ramon Urias,301.0,3.2408947826374326,-0.3910678497243966,westbjo01,Jordan Westburg,542.6666666666666,0.1829006704684611,kjershe01,Heston Kjerstad,114.0,2.081335565517164,301.0,2.254561403508763,0.5739685201928577,0.0,Baltimore Orioles,91,71,786.0,699.0
2024,TEX,AL,3B,smithjo09,Josh Smith,592.0,7.559567147247053,0.5138139865435417,duranez01,Ezequiel Duran,229.0,0.6141921440441424,grossro01,Robbie Grossman,122.0,0.5551134999394208,592.0,-4.8659016393442895,0.10037815750060064,4.8659016393442895,Texas Rangers,78,84,683.0,738.0
2024,NYA,AL,OF,sotoju01,Juan Soto,713.0,65.31045840538368,-0.010009829116338187,judgeaa01,Aaron Judge,1010.0,0.9581126457094253,chishja01,Jazz Chisholm,191.0,9.276448184331388,713.0,-30.681623036649242,0.9681224748257635,30.681623036649242,New York Yankees,94,68,815.0,668.0
2025,DET,AL,SS,sweentr01,Trey Sweeney,326.0,-18.264932350941827,0.1170450190838699,mckinza01,Zach McKinstry,248.0,0.7652484744796839,jonesja08,Jahmai Jones,150.0,10.656503519505293,326.0,41.42506666666666,0.648203455395814,0.0,Detroit Tigers,87,75,758.0,691.0
2025,CIN,NL,3B,espinsa01,Santiago Espinal,328.0,-15.493175309935394,0.4374254400823104,hayeske01,Ke'Bryan Hayes,421.3333333333333,0.6269332005149602,andujmi01,Miguel Andujar,110.0,7.821252182643618,328.0,38.814727272727275,0.18950776043264977,0.0,Cincinnati Reds,83,79,716.0,681.0
2025,KCA,AL,2B,indiajo01,Jonathan India,567.0,-8.921216696269981,0.3122057477383836,massemi02,Michael Massey,495.0,1.1769540341336924,yastrmi01,Mike Yastrzemski,186.0,7.141664364186569,567.0,30.691774193548394,0.8647482863953088,0.0,Kansas City Royals,82,80,651.0,637.0
2025,LAA,AL,2B,rengilu01,Luis Rengifo,541.0,-19.083277306317562,-0.02678810287307154,parisky01,Kyren Paris,154.0,1.8218673897286501,moncayo01,Yoan Moncada,289.0,5.970596780913539,541.0,30.26006920415225,1.8486554926017216,0.0,Los Angeles Angels of Anaheim,72,90,673.0,837.0
2025,MIA,NL,1B,wagamer01,Eric Wagaman,514.0,-9.04851252837437,-1.6661852971522466,hicksli01,Liam Hicks,206.33333333333334,0.162875881849506,marseja01,Jakob Marsee,234.0,9.381027370350974,514.0,29.65470085470087,1.8290611790017526,0.0,Miami Marlins,79,83,709.0,798.0
2025,BOS,AL,OF,duranja01,Jarren Duran,696.0,13.849776330504564,-0.6881715733787145,rafaece01,Ceddanne Rafaela,1167.3333333333333,0.2786140454575242,deverra01,Rafael Devers,334.0,20.83954783676512,696.0,29.576347305389223,0.9667856188362387,0.0,Boston Red Sox,89,73,786.0,676.0
2025,ATH,AL,OF,butlela01,Lawrence Butler,630.0,-2.0846852180777518,0.8544850292354484,clarkde02,Denzel Clarke,383.6666666666667,2.2569032491027343,corteca01,Carlos Cortes,99.0,4.1316923228734925,630.0,28.3772727272727,1.4024182198672859,0.0,Athletics,76,86,733.0,817.0
2025,WAS,NL,C,adamsri03,Riley Adams,286.0,-16.058744325126582,0.33456756214693656,ruizke01,Keibert Ruiz,557.0,0.34884450039640996,lileda01,Daylen Lile,350.0,12.123075126593314,286.0,25.965028571428547,0.014276938249473403,0.0,Washington Nationals,66,96,687.0,899.0
2025,MIN,AL,3B,lewisro02,Royce Lewis,403.0,-6.70806054426243,-0.3972901545398865,leebr02,Brooks Lee,284.6666666666667,0.4442565204467152,keasclu01,Luke Keaschall,207.0,9.467174856917307,403.0,25.13932367149757,0.8415466749866016,0.0,Minnesota Twins,70,92,678.0,773.0
2025,CHA,AL,SS,meidrch01,Chase Meidroth,505.0,-8.488438150998826,-0.7009349930087923,amayaja01,Jacob Amaya,206.33333333333334,0.6956933112502809,montgco01,Colson Montgomery,283.0,8.99473664013332,505.0,24.53911660777383,1.3966283042590732,0.0,Chicago White Sox,60,102,647.0,742.0
2025,BAL,AL,OF,cowseco01,Colton Cowser,360.0,-6.608391553187295,0.40857023267360615,mullice01,Cedric Mullins,754.3333333333334,0.4369959386612063,laurera01,Ramon Laureano,290.0,14.209906804376907,360.0,24.248275862068972,0.028425705987600136,0.0,Baltimore Orioles,75,87,677.0,788.0
2025,PHI,NL,OF,casteni01,Nick Castellanos,589.0,-6.803567858390085,-0.0939658240259677,rojasjo03,Johan Rojas,418.6666666666667,0.01791775490950101,baderha01,Harrison Bader,194.0,5.3523902130260215,589.0,23.053865979381456,0.11188357893546871,0.0,Philadelphia Phillies,96,66,778.0,648.0
2025,ATL,NL,SS,allenni02,Nick Allen,416.0,-25.0781735638205,0.2635611567159558,kimha01,Ha-Seong Kim,208.0,0.2923147431582628,murphse01,Sean Murphy,337.0,-1.7769819495372792,416.0,22.884629080118692,0.028753586442306966,0.0,Atlanta Braves,76,86,724.0,734.0
2025,NYA,AL,OF,bellico01,Cody Bellinger,656.0,20.27737539196982,-0.02489316600055909,judgeaa01,Aaron Judge,822.3333333333334,0.2377691589900373,stantmi03,Giancarlo Stanton,280.0,18.416806569743216,656.0,22.870571428571427,0.2626623249905964,0.0,New York Yankees,94,68,849.0,685.0
2025,MIL,NL,C,contrwi02,William Contreras,659.0,9.539047166928587,0.3147872999844817,janseda01,Danny Jansen,152.33333333333334,0.5929033574788912,vaughan01,Andrew Vaughn,254.0,12.400345949013444,659.0,22.63350393700787,0.27811605749440954,0.0,Milwaukee Brewers,97,65,806.0,634.0
2025,SEA,AL,OF,arozara01,Randy Arozarena,709.0,13.77080663552836,-0.5410020425937706,rodriju01,Julio Rodriguez,1406.3333333333333,0.8563403239211058,naylojo01,Josh Naylor,208.0,10.59648488038067,709.0,22.348942307692287,1.3973423665148763,0.0,Seattle Mariners,90,72,766.0,694.0
2025,HOU,AL,OF,smithca07,Cam Smith,493.0,-6.200158432559268,0.035828298591684904,trammta01,Taylor Trammell,302.3333333333333,1.1080805093593775,alvaryo01,Yordan Alvarez,199.0,6.122694669210359,493.0,21.36844221105528,1.0722522107676926,0.0,Houston Astros,87,75,686.0,665.0
2025,TOR,AL,3B,bargead01,Addison Barger,501.0,3.624321755147692,0.1356453095296517,clemeer01,Ernie Clement,603.0,1.149326870863102,loperjo01,Joey Loperfido,104.0,4.598242440190336,501.0,18.526826923076907,1.0136815613334502,0.0,Toronto Blue Jays,94,68,798.0,721.0
2025,TEX,AL,1B,burgeja01,Jake Burger,376.0,-6.979431177773385,-0.37926011795088893,tellero01,Rowdy Tellez,255.66666666666666,1.3115947790951836,carteev01,Evan Carter,220.0,2.9682051619411007,376.0,12.05236363636363,1.6908548970460726,0.0,Texas Rangers,81,81,684.0,605.0
2025,SFN,NL,2B,fitzgty01,Tyler Fitzgerald,243.0,-9.302779269250916,0.18957870531941157,kossch01,Christian Koss,339.0,0.5386088178577011,smithdo02,Dominic Smith,225.0,2.544834009952849,243.0,12.051199999999993,0.3490301125382895,0.0,San Francisco Giants,81,81,705.0,684.0
2025,CLE,AL,2B,schneda04,Daniel Schneemann,422.0,-11.611170098458429,0.20723215927298877,ariasga01,Gabriel Arias,171.33333333333334,0.4890045865923705,kayfucj01,C. J. Kayfus,138.0,-0.25521676205512533,422.0,10.830724637681161,0.28177242731938174,0.0,Cleveland Guardians,88,74,643.0,649.0
2025,SDN,NL,2B,croneja01,Jake Cronenworth,514.0,7.651487471625633,-1.5340988556394046,iglesjo01,Jose Iglesias,307.6666666666667,0.817500058295352,johnsbr03,Bryce Johnson,84.0,2.971138030382401,514.0,10.529047619047628,2.3515989139347564,0.0,San Diego Padres,90,72,702.0,621.0
2025,PIT,NL,2B,gonzani01,Nick Gonzales,408.0,-9.795900995285493,-1.3428231656983312,fraziad01,Adam Frazier,430.0,0.5840142241840433,bartjo01,Joey Bart,332.0,-0.5893115942028957,408.0,9.07168674698796,1.9268373898823743,0.0,Pittsburgh Pirates,71,91,583.0,645.0
2025,NYN,NL,3B,batybr01,Brett Baty,431.0,3.938815370176341,0.8786346875939564,mauriro01,Ronny Mauricio,292.0,1.3013643762486797,alvarfr01,Francisco Alvarez,277.0,5.46506231447529,431.0,4.564584837545138,0.4227296886547234,0.0,New York Mets,83,79,766.0,715.0
2025,COL,NL,2B,estrath01,Thairo Estrada,165.0,-5.103121726034572,-1.119300588005887,farmeky01,Kyle Farmer,238.33333333333334,1.3130561358965034,bernawa01,Warming Bernabel,146.0,-2.3039743757639295,165.0,2.4993150684931447,2.4323567239023904,0.0,Colorado Rockies,43,119,597.0,1021.0
2025,ARI,NL,C,morenga01,Gabriel Moreno,309.0,6.275972040335258,0.16378151845820407,mccanja02,James McCann,316.0,0.3446927573619343,smithpa04,Pavin Smith,287.0,7.509721603806532,309.0,1.809407665505223,0.1809112389037302,0.0,Arizona Diamondbacks,80,82,791.0,785.0
2025,TBA,AL,C,janseda01,Danny Jansen,259.0,-1.0287039229875208,0.1637536008106362,feduchu01,Hunter Feduccia,233.33333333333334,0.6273635786199163,cabaljo01,José Caballero,275.0,-1.8497435475736208,259.0,-0.7134181818181802,0.46360997780928015,0.7134181818181802,Tampa Bay Rays,77,85,714.0,683.0
2025,LAN,NL,OF,pagesan01,Andy Pages,624.0,7.622739654269246,-0.5342692386879614,edmanto01,Tommy Edman,179.0,0.5850826266128171,callal01,Alex Call,85.0,0.329603959315522,624.0,-5.203058823529413,1.1193518653007786,5.203058823529413,Los Angeles Dodgers,93,69,825.0,683.0
2025,SLN,NL,OF,nootbla01,Lars Nootbaar,583.0,-6.244363431988819,-0.315284364633611,churcna01,Nathan Church,164.33333333333334,0.8885389929026442,saggeth01,Thomas Saggese,295.0,-7.692550964728484,583.0,-8.958203389830524,1.2038233575362551,8.958203389830524,St. Louis Cardinals,78,84,689.0,754.0
